Total Charges,Total Revenue,Total Long Distance Charges,Avg Monthly Long Distance Charges,Zip Code,Latitude,Longitude,Contract,Monthly Charge,City,Number of Referrals,Tenure in Months,Premium Tech Support,Online Security,Online Backup,Internet Type,Number of Dependents,Device Protection Plan,Streaming Music,Avg Monthly GB Download,Churn Target
353.65,428.11,74.46,4.38,95815,38.608405,-121.449942,1.0,20.15,838.0,0,17,1.0,1.0,1.0,3.0,0,1.0,1.0,0.0,0
20.6,67.86,47.26,47.26,93603,36.64545,-118.924982,0.0,20.6,54.0,0,1,1.0,1.0,1.0,3.0,0,1.0,1.0,0.0,1
3808.0,6208.16,2400.16,42.86,92662,33.606336,-117.893042,1.0,68.75,662.0,2,56,0.0,2.0,0.0,1.0,0,2.0,2.0,8.0,0
1888.45,1967.65,79.2,2.64,95404,38.526941,-122.709096,0.0,64.5,891.0,0,30,0.0,2.0,0.0,1.0,0,0.0,2.0,15.0,0
6010.05,9019.18,3009.13,49.33,95369,37.521708,-120.426843,0.0,99.15,925.0,1,61,0.0,0.0,2.0,2.0,0,0.0,2.0,7.0,1
2919.85,2919.85,0.0,0.0,95388,37.421299,-120.599587,1.0,50.0,1083.0,9,58,0.0,2.0,2.0,0.0,3,2.0,0.0,52.0,0
1775.8,2535.23,759.43,39.97,95935,39.381174,-121.21191,0.0,88.2,261.0,0,19,0.0,0.0,2.0,2.0,0,0.0,0.0,9.0,1
396.1,522.54,126.44,31.61,92122,32.85723,-117.209774,0.0,95.45,852.0,0,4,0.0,0.0,0.0,2.0,0,0.0,0.0,2.0,1
360.1,386.82,26.72,6.68,94304,37.386978,-122.177746,0.0,84.6,723.0,0,4,0.0,0.0,0.0,0.0,0,0.0,0.0,17.0,1
3092.65,3454.45,361.8,6.7,92582,33.806708,-117.02007,0.0,55.0,859.0,0,54,0.0,0.0,2.0,0.0,2,0.0,0.0,16.0,1
910.45,1210.38,179.93,9.47,90012,34.065875,-118.238728,0.0,50.1,552.0,10,19,0.0,0.0,0.0,1.0,2,0.0,0.0,13.0,0
6448.05,7787.94,1339.89,22.71,95445,38.848082,-123.50608,1.0,110.15,393.0,1,59,0.0,2.0,2.0,2.0,0,2.0,2.0,26.0,1
8424.9,11529.54,3104.64,43.12,95420,39.361283,-123.784599,2.0,115.8,166.0,0,72,2.0,2.0,2.0,2.0,0,2.0,2.0,6.0,0
4916.95,7527.25,2610.3,47.46,95125,37.294926,-121.894763,1.0,90.15,861.0,8,55,2.0,2.0,2.0,1.0,0,2.0,2.0,53.0,0
1808.7,2695.32,886.62,42.22,95032,37.233034,-121.947427,0.0,86.5,554.0,3,21,0.0,0.0,0.0,2.0,0,0.0,2.0,29.0,1
542.4,610.28,96.21,10.69,91206,34.162515,-118.203869,0.0,70.5,366.0,0,9,0.0,0.0,0.0,0.0,0,0.0,2.0,10.0,0
2171.15,3122.87,951.72,28.84,96112,41.932207,-120.135941,0.0,68.25,338.0,0,33,0.0,0.0,0.0,2.0,0,0.0,0.0,23.0,1
2917.5,4603.51,1579.9,45.14,94579,37.687264,-122.15728,0.0,85.3,864.0,0,35,2.0,0.0,2.0,2.0,0,0.0,2.0,41.0,1
61.35,168.3,106.95,35.65,90744,33.782068,-118.262263,1.0,19.6,1075.0,0,3,1.0,1.0,1.0,3.0,0,1.0,1.0,0.0,0
483.15,1123.71,657.12,27.38,95988,39.493991,-122.286363,2.0,19.75,1074.0,4,24,1.0,1.0,1.0,3.0,0,1.0,1.0,0.0,0
4113.1,5015.5,902.4,22.56,93637,36.902954,-120.194274,0.0,101.3,570.0,1,40,0.0,0.0,2.0,0.0,0,0.0,2.0,4.0,1
5294.6,6785.4,1480.8,24.68,95018,37.089111,-122.062213,2.0,89.45,320.0,6,60,0.0,0.0,2.0,2.0,0,0.0,0.0,19.0,0
4972.1,5911.42,939.32,20.42,95046,37.084697,-121.606417,2.0,110.2,870.0,7,46,2.0,2.0,2.0,2.0,1,0.0,0.0,16.0,0
1730.35,2152.53,422.18,19.19,92220,33.936298,-116.849577,0.0,79.35,60.0,0,22,0.0,0.0,2.0,2.0,0,0.0,0.0,17.0,1
19.75,57.37,37.62,37.62,91201,34.17051,-118.289463,0.0,19.75,366.0,0,1,1.0,1.0,1.0,3.0,0,1.0,1.0,0.0,0
903.6,903.6,0.0,0.0,92506,33.930931,-117.361788,1.0,43.75,827.0,0,22,0.0,0.0,2.0,1.0,0,2.0,2.0,16.0,1
1400.3,1945.19,593.55,39.57,91011,34.234912,-118.153729,2.0,91.5,482.0,0,15,0.0,0.0,0.0,2.0,0,0.0,0.0,16.0,0
45.95,51.07,5.12,5.12,91351,34.422519,-118.420717,0.0,45.95,149.0,0,1,0.0,0.0,0.0,1.0,0,0.0,2.0,30.0,1
158.95,194.02,35.07,5.01,95974,39.495768,-121.747472,0.0,20.65,817.0,7,7,1.0,1.0,1.0,3.0,1,1.0,1.0,0.0,0
108.15,129.09,20.94,10.47,90003,33.964131,-118.272783,0.0,53.85,552.0,0,2,0.0,2.0,2.0,1.0,0,0.0,0.0,21.0,1
2820.65,3036.35,215.7,7.19,95372,37.990574,-120.261821,1.0,90.4,936.0,0,30,0.0,2.0,2.0,2.0,0,2.0,0.0,18.0,0
4014.6,5743.32,1728.72,41.16,95663,38.859093,-121.182872,0.0,94.4,742.0,9,42,0.0,2.0,0.0,2.0,0,2.0,2.0,11.0,0
6215.35,6781.09,565.74,8.98,94040,37.380662,-122.086022,0.0,100.55,646.0,3,63,0.0,2.0,2.0,2.0,0,2.0,0.0,16.0,1
363.15,363.15,0.0,0.0,93544,34.500091,-117.765862,0.0,35.8,536.0,0,11,0.0,0.0,0.0,1.0,0,0.0,0.0,52.0,0
106.55,156.21,49.66,24.83,92028,33.362575,-117.299644,0.0,49.4,315.0,0,2,0.0,0.0,0.0,0.0,0,0.0,2.0,52.0,1
1120.3,1367.79,127.49,11.59,91605,34.207295,-118.400022,0.0,95.0,674.0,0,11,0.0,0.0,2.0,2.0,1,0.0,0.0,29.0,1
4941.8,6233.93,1292.13,26.37,92117,32.825086,-117.199424,1.0,100.45,852.0,1,49,0.0,0.0,2.0,2.0,0,0.0,2.0,19.0,1
5453.4,7448.4,1995.0,33.25,93665,36.959731,-120.653519,1.0,90.95,937.0,1,60,0.0,0.0,2.0,2.0,0,2.0,2.0,52.0,1
220.4,249.62,29.22,9.74,94118,37.781304,-122.461522,0.0,70.3,855.0,0,3,0.0,0.0,0.0,2.0,0,0.0,0.0,27.0,0
1215.45,1965.57,750.12,35.72,94508,38.542448,-122.419923,1.0,58.85,27.0,1,21,0.0,0.0,2.0,0.0,3,0.0,0.0,30.0,0
3478.15,5354.15,1876.0,37.52,91436,34.152875,-118.486056,1.0,70.8,303.0,0,50,2.0,2.0,0.0,1.0,2,2.0,0.0,71.0,0
2995.45,4194.22,1198.77,38.67,96017,41.121108,-122.336613,0.0,91.15,169.0,1,31,0.0,0.0,2.0,0.0,0,0.0,2.0,13.0,1
1483.25,1950.29,327.04,20.44,94804,37.921034,-122.341798,0.0,94.25,816.0,0,16,0.0,2.0,0.0,2.0,0,0.0,2.0,59.0,1
5017.7,5969.38,951.68,14.87,95960,39.423046,-120.984472,1.0,80.3,676.0,5,64,0.0,2.0,0.0,2.0,0,2.0,0.0,16.0,0
7804.15,9322.37,1518.22,22.66,91042,34.296574,-118.244839,1.0,118.35,1007.0,0,67,2.0,2.0,2.0,2.0,0,2.0,2.0,27.0,1
6858.9,10025.7,3166.8,45.24,92268,34.201108,-116.593456,2.0,98.7,759.0,5,70,2.0,0.0,2.0,2.0,0,2.0,2.0,42.0,0
137.85,137.85,0.0,0.0,92309,35.28952,-116.092214,0.0,33.65,55.0,0,4,0.0,2.0,2.0,1.0,0,0.0,0.0,4.0,1
4323.45,5004.69,681.24,16.22,96063,40.408796,-121.579609,0.0,104.75,614.0,0,42,0.0,0.0,2.0,2.0,0,2.0,0.0,12.0,1
309.4,551.35,241.95,16.13,92082,33.25283,-116.986079,0.0,19.8,1026.0,0,15,1.0,1.0,1.0,3.0,0,1.0,1.0,0.0,0
4113.1,5015.5,902.4,22.56,93637,36.902954,-120.194274,0.0,101.3,570.0,1,40,0.0,0.0,2.0,0.0,0,0.0,2.0,4.0,1
19.45,48.18,28.73,28.73,95554,40.267158,-123.805913,0.0,19.45,650.0,1,1,1.0,1.0,1.0,3.0,2,1.0,1.0,0.0,1
3467.0,4840.13,1373.13,41.61,93465,35.536115,-120.739231,1.0,103.7,986.0,1,33,0.0,2.0,0.0,2.0,0,2.0,2.0,73.0,1
5082.8,6269.84,1187.04,24.73,92130,32.957195,-117.202542,1.0,106.1,852.0,0,48,0.0,0.0,2.0,2.0,0,2.0,2.0,4.0,1
278.4,488.68,210.28,30.04,91740,34.119363,-117.855059,0.0,43.9,367.0,0,7,0.0,0.0,0.0,1.0,0,0.0,0.0,6.0,0
144.95,196.19,51.24,7.32,96038,41.599978,-122.539381,0.0,19.3,386.0,0,7,1.0,1.0,1.0,3.0,0,1.0,1.0,0.0,0
1212.1,1623.46,411.36,25.71,90275,33.753146,-118.367459,0.0,71.4,797.0,0,16,0.0,0.0,2.0,1.0,0,2.0,2.0,48.0,0
1522.7,1959.02,436.32,27.27,95651,38.815515,-120.916997,0.0,100.7,559.0,10,16,0.0,2.0,0.0,2.0,3,2.0,2.0,76.0,0
4364.1,4858.66,494.56,11.24,91105,34.13946,-118.166649,0.0,96.1,732.0,4,44,0.0,0.0,0.0,2.0,0,0.0,2.0,59.0,1
914.0,1421.5,507.5,36.25,93465,35.536115,-120.739231,0.0,71.0,986.0,0,14,0.0,0.0,0.0,2.0,0,0.0,0.0,52.0,1
1284.2,1571.56,287.36,17.96,93224,35.215731,-119.57013,0.0,73.85,319.0,1,16,0.0,0.0,0.0,2.0,0,0.0,0.0,30.0,1
347.25,347.25,0.0,0.0,92530,33.655421,-117.391751,0.0,31.05,501.0,0,13,0.0,0.0,2.0,0.0,0,0.0,0.0,16.0,1
1443.65,2115.2,671.55,12.21,93308,35.559617,-118.925185,2.0,25.7,56.0,1,55,1.0,1.0,1.0,3.0,0,1.0,1.0,0.0,0
125.5,125.5,0.0,0.0,92131,32.89325,-117.087091,0.0,25.05,852.0,3,5,0.0,0.0,0.0,1.0,3,0.0,0.0,53.0,0
1078.9,1361.27,282.37,25.67,91030,34.110444,-118.156957,0.0,94.0,941.0,1,11,0.0,0.0,0.0,2.0,0,0.0,2.0,18.0,1
3303.05,3384.25,81.2,2.03,92592,33.507255,-117.029473,0.0,84.85,984.0,1,40,2.0,0.0,0.0,2.0,0,2.0,0.0,19.0,1
906.85,951.95,45.1,4.1,91381,34.364153,-118.615583,0.0,84.8,950.0,0,11,0.0,0.0,0.0,2.0,0,0.0,0.0,5.0,1
918.6,1356.99,438.39,48.71,94102,37.7795,-122.419233,0.0,100.5,855.0,0,9,0.0,0.0,0.0,2.0,0,2.0,2.0,15.0,1
896.75,934.71,37.96,2.92,95843,38.715498,-121.363411,0.0,74.4,29.0,1,13,0.0,0.0,0.0,2.0,0,0.0,0.0,21.0,1
757.1,1014.95,257.85,17.19,94608,37.83726,-122.287648,0.0,55.0,300.0,0,15,2.0,0.0,0.0,1.0,0,0.0,0.0,19.0,1
3145.9,4678.38,1532.48,47.89,95117,37.311088,-121.961786,0.0,98.85,861.0,3,32,0.0,0.0,2.0,2.0,0,0.0,2.0,9.0,0
3527.6,3894.75,367.15,10.49,92701,33.748478,-117.858918,0.0,100.25,881.0,0,35,0.0,0.0,0.0,2.0,0,2.0,2.0,17.0,1
6352.4,8112.08,1759.68,24.44,91755,34.049172,-118.115022,2.0,89.1,629.0,1,72,2.0,2.0,2.0,1.0,0,2.0,0.0,13.0,0
177.4,356.05,118.65,39.55,90245,33.917145,-118.401554,0.0,64.5,292.0,0,3,2.0,2.0,0.0,1.0,3,0.0,2.0,56.0,0
6375.2,8062.46,1687.26,27.66,96094,41.465121,-122.380947,0.0,106.2,1051.0,6,61,0.0,2.0,2.0,2.0,0,0.0,2.0,29.0,0
144.55,197.43,52.88,26.44,94971,38.240769,-122.901041,0.0,69.75,996.0,0,2,0.0,0.0,0.0,2.0,0,0.0,0.0,24.0,1
829.1,1002.08,172.98,19.22,95446,38.52576,-123.013347,0.0,95.5,395.0,0,9,0.0,0.0,0.0,2.0,0,0.0,2.0,10.0,1
1527.35,1773.05,245.7,13.65,93618,36.523619,-119.386868,0.0,90.0,259.0,0,18,0.0,0.0,2.0,2.0,0,0.0,0.0,5.0,1
829.1,1002.08,172.98,19.22,95446,38.52576,-123.013347,0.0,95.5,395.0,0,9,0.0,0.0,0.0,2.0,0,0.0,2.0,10.0,1
1111.65,1499.42,436.02,33.54,91206,34.162515,-118.203869,0.0,79.25,366.0,0,13,0.0,0.0,2.0,2.0,3,2.0,0.0,76.0,1
317.75,460.43,142.68,35.67,95946,39.203817,-121.19584,2.0,72.75,740.0,0,4,0.0,0.0,2.0,2.0,0,0.0,0.0,8.0,0
805.1,945.1,0.0,0.0,92122,32.85723,-117.209774,0.0,30.75,852.0,0,27,0.0,2.0,0.0,0.0,0,0.0,0.0,13.0,1
2845.15,4393.16,1448.01,46.71,92027,33.141265,-116.967221,2.0,90.7,305.0,0,31,0.0,0.0,2.0,2.0,0,0.0,0.0,24.0,0
3416.85,3871.57,454.72,14.21,93543,34.505273,-117.955054,1.0,104.05,532.0,0,32,0.0,0.0,2.0,2.0,0,2.0,2.0,28.0,0
215.2,215.2,0.0,0.0,92117,32.825086,-117.199424,0.0,25.5,852.0,0,8,0.0,0.0,0.0,1.0,0,0.0,0.0,16.0,1
971.3,971.3,0.0,0.0,95728,39.279068,-120.414275,0.0,39.1,926.0,1,24,0.0,2.0,0.0,1.0,0,0.0,0.0,5.0,1
501.2,711.44,210.24,23.36,92663,33.62251,-117.927024,0.0,55.3,662.0,1,9,0.0,0.0,2.0,1.0,3,0.0,0.0,22.0,0
4113.1,5015.5,902.4,22.56,93637,36.902954,-120.194274,0.0,101.3,570.0,1,40,0.0,0.0,2.0,0.0,0,0.0,2.0,4.0,1
19.3,68.5,49.2,49.2,93067,34.420998,-119.60137,0.0,19.3,963.0,0,1,1.0,1.0,1.0,3.0,0,1.0,1.0,0.0,1
5043.2,6789.02,1745.82,32.94,95465,38.415003,-122.998726,1.0,97.75,690.0,6,53,2.0,0.0,2.0,2.0,0,0.0,2.0,17.0,0
5276.1,6647.25,1371.15,24.93,95935,39.381174,-121.21191,1.0,94.75,261.0,6,55,0.0,2.0,0.0,2.0,0,0.0,2.0,17.0,0
303.15,413.43,110.28,27.57,95625,38.349195,-121.902943,0.0,79.0,298.0,0,4,0.0,0.0,0.0,2.0,0,0.0,0.0,27.0,1
712.75,722.75,0.0,0.0,90027,34.127194,-118.295647,0.0,50.75,552.0,0,14,0.0,0.0,0.0,0.0,0,2.0,2.0,6.0,1
6474.45,7781.35,1306.9,18.67,94025,37.449551,-122.183762,2.0,92.2,600.0,1,70,2.0,2.0,2.0,1.0,0,2.0,2.0,21.0,0
1910.6,2925.02,1014.42,46.11,93204,35.916943,-120.129921,0.0,90.5,50.0,0,22,2.0,0.0,0.0,2.0,0,0.0,0.0,27.0,1
45.65,82.64,36.99,36.99,91901,32.827184,-116.703729,0.0,45.65,16.0,0,1,0.0,0.0,0.0,0.0,0,0.0,0.0,22.0,1
2368.4,2949.4,581.0,23.24,91730,34.10097,-117.57882,0.0,89.1,795.0,1,25,0.0,0.0,0.0,2.0,0,2.0,2.0,25.0,1
5720.35,7725.67,2005.32,39.32,96094,41.465121,-122.380947,1.0,111.55,1051.0,2,51,2.0,2.0,0.0,2.0,0,2.0,2.0,76.0,0
7482.1,9441.18,1959.08,29.24,92657,33.603282,-117.821841,1.0,111.3,663.0,0,67,0.0,2.0,2.0,2.0,0,2.0,2.0,21.0,1
2649.15,3823.36,1174.21,40.49,95246,38.264262,-120.515133,0.0,94.65,645.0,1,29,0.0,2.0,0.0,2.0,0,0.0,2.0,15.0,1
409.9,720.32,310.42,18.26,93426,35.842889,-121.004862,0.0,24.1,106.0,1,17,1.0,1.0,1.0,3.0,2,1.0,1.0,0.0,1
2119.5,2309.76,190.26,9.06,94104,37.791222,-122.402241,0.0,97.35,855.0,0,21,0.0,0.0,0.0,2.0,0,0.0,2.0,10.0,1
5253.95,7512.43,2258.48,40.33,95348,37.40122,-120.514191,1.0,93.15,602.0,1,56,0.0,2.0,2.0,2.0,0,2.0,0.0,9.0,0
863.1,990.9,127.8,12.78,90623,33.850504,-118.039892,0.0,89.5,490.0,0,10,0.0,0.0,0.0,2.0,0,0.0,2.0,2.0,1
6579.05,6962.65,383.6,5.48,93040,34.432843,-118.730106,2.0,93.9,760.0,1,70,2.0,2.0,2.0,2.0,0,2.0,0.0,14.0,1
245.15,265.72,20.57,1.87,92352,34.2565,-117.19335,1.0,25.2,500.0,0,11,1.0,1.0,1.0,3.0,0,1.0,1.0,0.0,0
857.25,1102.14,244.89,27.21,90211,34.063947,-118.383001,0.0,94.4,77.0,0,9,0.0,0.0,0.0,2.0,2,0.0,2.0,29.0,1
2427.35,2868.67,441.32,12.98,93651,37.007238,-119.505661,2.0,71.55,788.0,2,34,0.0,0.0,0.0,2.0,0,0.0,0.0,8.0,0
6309.65,9811.57,3481.92,48.36,93921,36.554618,-121.922239,2.0,86.05,158.0,0,72,2.0,2.0,2.0,1.0,0,0.0,2.0,71.0,0
41.2,66.56,25.36,12.68,96110,41.280341,-120.150381,0.0,20.3,279.0,0,2,1.0,1.0,1.0,3.0,0,1.0,1.0,0.0,0
2781.85,4070.17,1288.32,40.26,94611,37.828416,-122.216005,1.0,84.05,688.0,0,32,0.0,0.0,0.0,2.0,0,0.0,0.0,14.0,1
4528.0,4528.0,0.0,0.0,92363,34.711224,-114.702256,2.0,64.45,654.0,0,72,2.0,2.0,2.0,1.0,0,2.0,2.0,6.0,0
88.8,148.4,49.6,49.6,96084,40.923558,-122.059933,0.0,88.8,835.0,0,1,0.0,0.0,0.0,2.0,0,2.0,0.0,20.0,1
1078.9,1361.27,282.37,25.67,91030,34.110444,-118.156957,0.0,94.0,941.0,1,11,0.0,0.0,0.0,2.0,0,0.0,2.0,18.0,1
7281.6,7464.36,221.1,3.3,93063,34.296813,-118.685703,1.0,109.4,921.0,7,67,2.0,2.0,0.0,2.0,2,2.0,2.0,19.0,0
2754.45,3991.59,1237.14,45.82,92104,32.741499,-117.127409,0.0,101.25,852.0,1,27,0.0,2.0,0.0,2.0,0,2.0,0.0,13.0,1
155.65,166.57,10.92,3.64,90013,34.044639,-118.240413,0.0,63.6,552.0,0,3,2.0,0.0,0.0,1.0,0,0.0,0.0,25.0,1
4811.6,5204.47,438.48,6.09,93304,35.339796,-119.023552,2.0,66.5,56.0,8,72,2.0,2.0,0.0,1.0,0,2.0,0.0,41.0,0
4513.65,4751.09,237.44,4.24,94572,38.027218,-122.23463,2.0,80.3,829.0,9,56,0.0,2.0,0.0,2.0,0,2.0,0.0,15.0,0
1742.95,1946.35,203.4,11.3,95428,39.83307,-123.178765,0.0,99.4,226.0,1,18,0.0,2.0,0.0,2.0,0,0.0,2.0,16.0,1
1444.05,4121.97,2677.92,47.82,95825,38.590035,-121.412455,2.0,25.95,838.0,0,56,1.0,1.0,1.0,3.0,0,1.0,1.0,0.0,0
994.55,1708.1,713.55,47.57,92130,32.957195,-117.202542,0.0,64.65,852.0,0,15,0.0,2.0,0.0,1.0,0,0.0,2.0,26.0,1
38.45,38.45,0.0,0.0,95713,39.084645,-120.894014,0.0,24.3,206.0,0,2,0.0,0.0,0.0,1.0,0,0.0,0.0,59.0,0
70.85,97.9,27.05,27.05,96125,39.600599,-120.636358,0.0,70.85,917.0,0,1,0.0,0.0,0.0,2.0,0,0.0,0.0,23.0,1
58.9,58.9,0.0,0.0,96071,40.656287,-121.428965,0.0,25.25,696.0,0,3,0.0,0.0,0.0,1.0,0,0.0,0.0,27.0,1
1031.1,2323.86,1292.76,23.94,95366,37.750778,-121.13238,2.0,18.95,823.0,3,54,1.0,1.0,1.0,3.0,0,1.0,1.0,0.0,0
762.1,1126.82,364.72,45.59,95726,38.733908,-120.453416,0.0,87.05,775.0,0,8,0.0,0.0,0.0,2.0,0,0.0,0.0,8.0,1
688.0,688.0,0.0,0.0,95124,37.257063,-121.923037,0.0,29.1,861.0,4,24,0.0,0.0,0.0,1.0,0,2.0,0.0,51.0,0
1782.0,1782.0,0.0,0.0,94027,37.454924,-122.203168,1.0,35.8,45.0,1,49,2.0,2.0,0.0,0.0,0,0.0,0.0,82.0,0
507.9,770.15,262.25,10.49,93536,34.741406,-118.38111,1.0,20.2,511.0,2,25,1.0,1.0,1.0,3.0,0,1.0,1.0,0.0,0
1327.4,1857.37,529.97,7.91,95003,37.013471,-121.877877,1.0,20.85,34.0,5,67,1.0,1.0,1.0,3.0,0,1.0,1.0,0.0,0
262.05,410.25,148.2,49.4,95240,38.123544,-121.159078,0.0,88.35,539.0,0,3,2.0,0.0,0.0,2.0,0,2.0,0.0,10.0,1
6155.4,7634.28,1478.88,20.54,95445,38.848082,-123.50608,2.0,85.1,393.0,7,72,2.0,2.0,2.0,0.0,0,2.0,2.0,41.0,0
2583.75,4026.33,1392.58,28.42,92887,33.884073,-117.732197,0.0,52.15,1095.0,6,49,0.0,0.0,0.0,1.0,0,0.0,2.0,41.0,0
70.25,93.25,23.0,23.0,93312,35.392599,-119.245341,0.0,70.25,56.0,0,1,0.0,0.0,0.0,2.0,0,0.0,0.0,59.0,1
53.15,62.99,9.84,4.92,95556,41.269521,-123.546958,0.0,18.75,708.0,0,2,1.0,1.0,1.0,3.0,0,1.0,1.0,0.0,0
4086.3,4200.3,114.0,2.85,96002,40.527834,-122.318749,0.0,101.85,805.0,1,40,0.0,2.0,0.0,2.0,0,0.0,0.0,3.0,1
4103.9,4103.9,0.0,0.0,91739,34.133809,-117.523724,2.0,59.55,795.0,1,67,2.0,0.0,2.0,1.0,0,2.0,2.0,52.0,0
1111.85,1754.3,642.45,42.83,95374,37.316807,-120.855753,0.0,79.75,951.0,0,15,0.0,0.0,2.0,2.0,0,0.0,0.0,21.0,1
1626.4,2974.69,1348.29,18.99,94502,37.724817,-122.224363,2.0,23.9,7.0,9,71,1.0,1.0,1.0,3.0,1,1.0,1.0,0.0,0
3015.75,3570.15,554.4,13.86,91917,32.622999,-116.687855,0.0,74.55,272.0,5,40,0.0,0.0,0.0,1.0,3,2.0,2.0,75.0,0
3442.8,3442.8,0.0,0.0,95682,38.598936,-120.963092,2.0,48.4,914.0,0,70,2.0,2.0,0.0,1.0,0,2.0,2.0,26.0,0
7689.95,8124.11,434.16,6.03,90713,33.847755,-118.112532,2.0,104.15,509.0,0,72,0.0,0.0,2.0,2.0,0,2.0,0.0,2.0,1
1686.85,2388.33,701.48,36.92,91307,34.199787,-118.68493,1.0,89.35,1057.0,1,19,2.0,0.0,0.0,2.0,3,0.0,2.0,52.0,0
7074.4,8560.88,1486.48,21.86,95138,37.246064,-121.749494,2.0,103.25,861.0,2,68,0.0,2.0,2.0,2.0,2,2.0,2.0,29.0,0
78.8,106.84,28.04,28.04,92870,33.881158,-117.854783,0.0,78.8,764.0,1,1,0.0,0.0,0.0,2.0,0,0.0,0.0,30.0,1
703.55,1031.42,327.87,36.43,92028,33.362575,-117.299644,0.0,74.65,315.0,0,9,0.0,2.0,2.0,1.0,0,0.0,2.0,16.0,1
581.85,812.7,230.85,8.55,95003,37.013471,-121.877877,2.0,20.6,34.0,0,27,1.0,1.0,1.0,3.0,2,1.0,1.0,0.0,0
24.9,24.9,0.0,0.0,94925,37.924014,-122.511694,0.0,24.9,220.0,0,1,0.0,0.0,0.0,0.0,0,0.0,0.0,13.0,0
1147.45,1267.3,119.85,7.99,91020,34.2112,-118.230625,0.0,75.3,631.0,0,15,0.0,0.0,2.0,2.0,0,0.0,0.0,27.0,1
3062.45,3893.15,830.7,18.46,94043,37.419725,-122.062947,2.0,70.05,646.0,0,45,2.0,2.0,0.0,0.0,0,0.0,2.0,3.0,0
295.55,950.75,655.2,40.95,91411,34.17847,-118.459472,1.0,19.35,1031.0,0,16,1.0,1.0,1.0,3.0,0,1.0,1.0,0.0,0
1201.15,1650.74,339.43,26.11,90621,33.874224,-117.993368,0.0,90.5,118.0,0,13,0.0,0.0,0.0,2.0,0,0.0,2.0,4.0,1
1612.75,2180.27,615.78,34.21,94595,37.862128,-122.075197,0.0,90.1,1043.0,0,18,2.0,0.0,0.0,2.0,0,0.0,2.0,19.0,1
1155.6,1752.15,596.55,39.77,93512,37.653947,-118.231443,0.0,76.5,73.0,5,15,2.0,0.0,2.0,1.0,1,2.0,2.0,18.0,0
2308.6,2485.2,126.6,4.22,96044,41.962127,-122.527696,1.0,74.65,430.0,0,30,2.0,2.0,2.0,1.0,0,2.0,0.0,13.0,0
364.55,467.71,104.64,26.16,95714,39.197215,-120.83679,0.0,101.7,278.0,0,4,0.0,0.0,2.0,2.0,0,0.0,2.0,85.0,1
967.9,3388.36,2420.46,47.46,94964,37.942551,-122.491642,2.0,19.6,875.0,0,51,1.0,1.0,1.0,3.0,0,1.0,1.0,0.0,0
321.7,790.7,469.0,33.5,90017,34.052842,-118.264495,1.0,24.8,552.0,0,14,1.0,1.0,1.0,3.0,0,1.0,1.0,0.0,0
4749.15,6222.6,1473.45,31.35,90028,34.099869,-118.326843,0.0,99.35,552.0,1,47,0.0,0.0,2.0,2.0,1,0.0,2.0,16.0,1
62.05,119.88,47.83,47.83,95692,39.043387,-121.409837,0.0,62.05,1066.0,0,1,2.0,0.0,0.0,1.0,0,2.0,0.0,12.0,1
45.3,71.71,26.41,26.41,95925,39.461768,-121.195825,0.0,45.3,180.0,0,1,0.0,0.0,0.0,0.0,0,0.0,0.0,26.0,1
3229.65,4478.16,1148.51,21.67,95126,37.327069,-121.916819,1.0,60.05,861.0,1,53,2.0,2.0,0.0,0.0,0,0.0,0.0,6.0,1
140.95,183.11,42.16,5.27,92305,34.1678,-116.86433,1.0,20.2,26.0,0,8,1.0,1.0,1.0,3.0,0,1.0,1.0,0.0,0
5135.35,8302.71,3167.36,49.49,95112,37.343827,-121.883119,0.0,81.05,861.0,4,64,0.0,2.0,2.0,2.0,2,0.0,0.0,12.0,0
8109.8,10351.16,2241.36,31.13,92831,33.879983,-117.895482,1.0,109.25,351.0,1,72,2.0,0.0,2.0,2.0,0,2.0,2.0,11.0,1
5925.75,7737.78,1812.03,31.79,91040,34.282704,-118.312929,0.0,103.05,966.0,4,57,2.0,2.0,2.0,2.0,0,2.0,0.0,13.0,0
70.1,116.27,46.17,46.17,95322,37.147198,-121.120161,0.0,70.1,397.0,0,1,0.0,0.0,0.0,2.0,0,0.0,0.0,30.0,1
77.6,92.12,14.52,3.63,94510,38.113533,-122.11926,0.0,20.5,72.0,4,4,1.0,1.0,1.0,3.0,2,1.0,1.0,0.0,0
1237.3,2384.16,1146.86,44.11,95821,38.625096,-121.383658,0.0,49.15,838.0,0,26,2.0,0.0,0.0,1.0,0,0.0,0.0,8.0,0
74.1,110.15,36.05,36.05,95465,38.415003,-122.998726,1.0,74.1,690.0,0,1,2.0,0.0,0.0,1.0,0,2.0,2.0,30.0,0
633.3,1024.1,390.8,48.85,90063,34.044271,-118.185237,0.0,80.65,552.0,1,8,0.0,0.0,2.0,2.0,1,0.0,0.0,17.0,1
3184.25,3184.25,0.0,0.0,91737,34.245289,-117.642503,1.0,60.45,795.0,1,53,2.0,0.0,2.0,1.0,0,2.0,2.0,13.0,1
3186.7,4026.58,839.88,23.33,96093,40.759401,-122.939337,0.0,90.85,1050.0,0,36,0.0,2.0,0.0,2.0,0,0.0,0.0,23.0,1
718.55,952.2,223.65,24.85,93549,36.296851,-117.865469,2.0,79.55,695.0,0,9,0.0,0.0,0.0,2.0,0,0.0,0.0,15.0,0
8310.55,10842.48,2401.93,33.83,94063,37.499411,-122.196318,2.0,116.1,809.0,1,71,2.0,2.0,2.0,2.0,0,2.0,2.0,27.0,0
837.95,1009.55,171.6,15.6,93267,36.141319,-119.129075,0.0,76.5,957.0,0,11,0.0,0.0,0.0,2.0,0,0.0,0.0,4.0,1
3906.7,5239.5,1332.8,27.2,90048,34.072945,-118.37267,0.0,84.5,552.0,0,49,0.0,0.0,0.0,2.0,0,0.0,2.0,24.0,0
3876.2,4349.7,473.5,9.47,93930,36.220761,-120.980777,1.0,75.7,472.0,5,50,0.0,0.0,0.0,1.0,0,2.0,2.0,28.0,0
593.45,844.82,251.37,35.91,95323,37.605926,-120.69955,0.0,90.45,419.0,0,7,0.0,0.0,0.0,2.0,0,2.0,0.0,27.0,1
2440.15,3135.67,695.52,28.98,94601,37.776523,-122.219268,0.0,101.25,688.0,0,24,0.0,0.0,2.0,2.0,0,0.0,2.0,30.0,1
780.2,1171.88,391.68,11.52,91105,34.13946,-118.166649,0.0,24.7,732.0,5,34,1.0,1.0,1.0,3.0,0,1.0,1.0,0.0,0
1238.65,3961.93,2723.28,48.63,92627,33.645672,-117.922613,1.0,21.2,221.0,0,56,1.0,1.0,1.0,3.0,0,1.0,1.0,0.0,0
477.55,639.01,161.46,26.91,95060,36.993451,-122.098858,0.0,83.55,885.0,1,6,0.0,0.0,2.0,2.0,0,0.0,2.0,6.0,1
25.25,25.25,0.0,0.0,92084,33.22784,-117.200024,0.0,25.25,1039.0,0,1,0.0,0.0,0.0,1.0,0,0.0,0.0,15.0,1
70.6,97.72,27.12,27.12,92126,32.886925,-117.152162,0.0,70.6,852.0,0,1,0.0,0.0,0.0,2.0,0,0.0,0.0,23.0,1
75.75,84.1,8.35,8.35,92027,33.141265,-116.967221,0.0,75.75,305.0,0,1,0.0,0.0,0.0,2.0,0,0.0,0.0,23.0,1
1242.2,1449.2,207.0,13.8,95939,39.53222,-122.594879,0.0,87.75,296.0,0,15,0.0,2.0,0.0,2.0,0,0.0,0.0,59.0,0
1358.6,1687.58,358.74,19.93,91201,34.17051,-118.289463,0.0,77.8,366.0,0,18,0.0,0.0,2.0,2.0,0,2.0,0.0,26.0,0
274.35,480.8,206.45,41.29,93267,36.141319,-119.129075,0.0,55.8,957.0,0,5,0.0,2.0,0.0,1.0,0,2.0,0.0,51.0,0
5711.05,6246.21,535.16,7.87,91423,34.146957,-118.432138,2.0,70.5,913.0,1,68,0.0,2.0,2.0,2.0,0,0.0,0.0,4.0,0
480.6,524.31,61.92,5.16,95113,37.333851,-121.891147,0.0,44.55,861.0,0,12,0.0,0.0,0.0,1.0,1,0.0,0.0,16.0,1
74.5,110.94,36.44,36.44,93040,34.432843,-118.730106,0.0,74.5,760.0,0,1,0.0,0.0,0.0,2.0,0,0.0,0.0,16.0,1
1583.5,1803.26,219.76,3.28,90278,33.873395,-118.37019,2.0,24.85,807.0,9,67,1.0,1.0,1.0,3.0,0,1.0,1.0,0.0,0
1509.9,3220.9,1711.0,29.5,91723,34.084747,-117.886844,2.0,25.15,227.0,1,58,1.0,1.0,1.0,3.0,2,1.0,1.0,0.0,0
246.3,271.9,15.6,5.2,94040,37.380662,-122.086022,0.0,75.8,646.0,0,3,0.0,0.0,0.0,2.0,0,0.0,0.0,23.0,1
3532.0,4806.7,1274.7,36.42,95318,37.654551,-119.822984,1.0,99.25,291.0,0,35,2.0,0.0,0.0,2.0,0,2.0,2.0,2.0,0
1127.35,1287.51,160.16,7.28,94568,37.713926,-121.928425,0.0,54.45,270.0,0,22,0.0,2.0,0.0,1.0,0,0.0,0.0,7.0,1
1468.75,3660.43,2191.68,30.44,92253,33.695532,-116.310571,2.0,19.8,492.0,0,72,1.0,1.0,1.0,3.0,0,1.0,1.0,0.0,0
19.5,27.52,8.02,8.02,95551,40.665952,-124.240051,0.0,19.5,540.0,0,1,1.0,1.0,1.0,3.0,0,1.0,1.0,0.0,0
246.7,319.24,72.54,5.58,92091,32.99356,-117.207121,2.0,19.75,798.0,7,13,1.0,1.0,1.0,3.0,1,1.0,1.0,0.0,0
68.45,73.65,5.2,1.3,93108,34.457541,-119.631072,0.0,20.15,882.0,0,4,1.0,1.0,1.0,3.0,0,1.0,1.0,0.0,0
20.05,32.05,12.0,12.0,91207,34.182378,-118.262922,0.0,20.05,366.0,0,1,1.0,1.0,1.0,3.0,0,1.0,1.0,0.0,1
1013.35,1649.79,636.44,45.46,94111,37.801776,-122.402293,2.0,75.1,855.0,8,14,0.0,0.0,0.0,2.0,0,0.0,0.0,4.0,0
24.45,24.45,0.0,0.0,92337,34.049671,-117.468896,0.0,24.45,329.0,0,1,0.0,0.0,0.0,0.0,0,0.0,0.0,2.0,1
541.15,868.68,327.53,46.79,95305,37.818589,-120.256995,0.0,74.9,84.0,0,7,0.0,0.0,0.0,2.0,0,0.0,0.0,25.0,1
50.55,73.11,22.56,22.56,95388,37.421299,-120.599587,0.0,50.55,1083.0,0,1,0.0,0.0,0.0,0.0,0,0.0,0.0,2.0,1
1818.3,2469.1,650.8,32.54,92553,33.923149,-117.244933,1.0,94.3,634.0,1,20,2.0,2.0,0.0,2.0,0,2.0,0.0,5.0,0
235.05,262.13,27.08,6.77,95920,39.449794,-121.936372,0.0,54.7,124.0,2,4,0.0,2.0,2.0,0.0,0,0.0,0.0,3.0,0
50.75,96.52,45.77,45.77,92596,33.657433,-117.04254,0.0,50.75,1078.0,0,1,0.0,2.0,0.0,1.0,0,0.0,0.0,20.0,0
3415.25,4854.18,1438.93,38.89,92256,34.097863,-116.594561,0.0,92.95,636.0,1,37,0.0,0.0,2.0,2.0,1,2.0,0.0,29.0,0
263.05,263.05,0.0,0.0,92276,33.849263,-116.382778,0.0,44.4,993.0,0,6,0.0,0.0,0.0,1.0,0,0.0,2.0,24.0,0
6555.2,9275.1,2719.9,46.1,91711,34.127621,-117.717863,2.0,111.1,191.0,1,59,2.0,2.0,2.0,2.0,3,0.0,2.0,57.0,0
3024.15,4753.36,1729.21,35.29,94598,37.916648,-122.008483,0.0,61.75,1043.0,6,49,2.0,2.0,0.0,1.0,1,2.0,0.0,28.0,0
2588.95,2588.95,0.0,0.0,93605,37.17277,-119.2997,1.0,40.6,83.0,0,63,2.0,2.0,2.0,1.0,0,0.0,0.0,28.0,0
4854.3,4946.3,92.0,2.0,95640,38.33788,-120.954202,2.0,108.9,448.0,6,46,2.0,0.0,2.0,2.0,0,2.0,2.0,48.0,0
6424.25,8836.55,2412.3,36.55,93266,36.175255,-119.813805,2.0,96.6,956.0,5,66,2.0,2.0,2.0,2.0,0,2.0,0.0,20.0,0
60.65,119.39,58.74,19.58,94542,37.656695,-122.048361,0.0,20.85,408.0,0,3,1.0,1.0,1.0,3.0,3,1.0,1.0,0.0,0
1185.0,1822.98,637.98,45.57,93422,35.453912,-120.69461,0.0,82.65,44.0,8,14,0.0,0.0,2.0,2.0,0,2.0,0.0,10.0,0
2033.85,2551.62,517.77,15.69,95628,38.652065,-121.25441,0.0,60.9,311.0,0,33,0.0,2.0,2.0,1.0,0,0.0,0.0,24.0,0
2082.95,3066.91,883.96,40.18,95923,40.171312,-121.120605,0.0,96.7,150.0,0,22,0.0,0.0,0.0,2.0,0,0.0,2.0,8.0,1
50.6,80.92,30.32,15.16,93436,34.601055,-120.382917,0.0,19.4,544.0,0,2,1.0,1.0,1.0,3.0,0,1.0,1.0,0.0,0
145.4,162.4,17.0,8.5,91744,34.031441,-117.936436,0.0,73.55,491.0,1,2,0.0,0.0,2.0,2.0,0,0.0,2.0,59.0,1
95.6,102.27,6.67,6.67,92270,33.763678,-116.429928,0.0,95.6,796.0,0,1,0.0,2.0,0.0,2.0,0,0.0,2.0,27.0,1
3653.35,4212.65,559.3,15.98,91502,34.177267,-118.31003,0.0,100.5,119.0,1,35,2.0,2.0,2.0,0.0,0,0.0,0.0,22.0,1
7318.2,10690.92,3372.72,48.88,93110,34.437945,-119.77191,2.0,108.4,882.0,1,69,2.0,0.0,2.0,2.0,0,2.0,0.0,4.0,1
847.3,1004.74,157.44,19.68,93608,36.488056,-120.407691,0.0,103.35,148.0,0,8,2.0,2.0,0.0,2.0,0,0.0,2.0,41.0,1
89.05,131.35,42.3,14.1,92677,33.529047,-117.701175,0.0,23.6,498.0,9,3,1.0,1.0,1.0,3.0,0,1.0,1.0,0.0,0
71.55,88.82,17.27,17.27,93103,34.438581,-119.685368,0.0,71.55,882.0,0,1,0.0,0.0,0.0,2.0,0,0.0,0.0,10.0,1
3856.75,5538.91,1682.16,39.12,95407,38.394091,-122.739814,0.0,89.55,891.0,0,43,0.0,0.0,0.0,2.0,0,0.0,2.0,6.0,1
1510.3,2487.43,977.13,36.19,93603,36.64545,-118.924982,0.0,54.75,54.0,5,27,0.0,2.0,2.0,1.0,6,0.0,0.0,53.0,0
1222.05,1517.73,295.68,26.88,94030,37.601248,-122.403099,0.0,96.2,611.0,5,11,2.0,2.0,0.0,2.0,0,0.0,0.0,19.0,1
74.9,110.15,35.25,35.25,94931,38.326215,-122.718742,0.0,74.9,222.0,0,1,0.0,0.0,0.0,2.0,0,2.0,0.0,30.0,1
20.25,48.43,28.18,28.18,93610,37.100948,-120.270136,0.0,20.25,187.0,0,1,1.0,1.0,1.0,3.0,0,1.0,1.0,0.0,0
253.5,617.2,363.7,36.37,92585,33.739412,-117.173334,2.0,25.35,964.0,3,10,1.0,1.0,1.0,3.0,2,1.0,1.0,0.0,0
1058.25,1313.55,145.3,14.53,93626,37.027663,-119.69056,0.0,98.5,350.0,0,10,2.0,0.0,0.0,2.0,0,0.0,2.0,30.0,1
4600.7,5969.39,1368.69,31.83,92027,33.141265,-116.967221,0.0,108.15,305.0,0,43,2.0,2.0,2.0,2.0,0,0.0,0.0,10.0,1
1830.05,3588.29,1758.24,24.42,95370,37.982716,-120.343732,2.0,24.65,934.0,3,72,1.0,1.0,1.0,3.0,0,1.0,1.0,0.0,0
2034.25,2662.67,628.42,24.17,93647,36.600185,-119.175655,1.0,78.95,710.0,3,26,0.0,0.0,0.0,2.0,3,0.0,2.0,75.0,0
174.75,229.09,54.34,27.17,92327,34.875144,-116.821698,0.0,90.75,238.0,0,2,0.0,2.0,0.0,2.0,0,0.0,2.0,23.0,0
648.65,670.25,21.6,1.8,95525,40.94338,-123.831799,0.0,53.75,93.0,0,12,2.0,0.0,2.0,1.0,0,0.0,0.0,3.0,0
3545.35,4434.83,889.48,24.04,91732,34.074492,-118.01462,0.0,101.9,289.0,0,37,0.0,0.0,2.0,2.0,0,2.0,2.0,59.0,1
6511.25,9440.3,2929.05,42.45,96088,40.497441,-121.827524,1.0,95.75,915.0,9,69,0.0,0.0,2.0,2.0,2,2.0,0.0,27.0,0
4533.7,4668.59,134.89,2.87,92117,32.825086,-117.199424,0.0,98.75,852.0,1,47,0.0,2.0,2.0,2.0,0,2.0,2.0,51.0,1
1384.75,1582.15,197.4,16.45,93010,34.227846,-119.079903,0.0,112.95,138.0,0,12,2.0,0.0,2.0,0.0,0,2.0,2.0,23.0,1
59.75,99.59,39.84,13.28,94520,38.013825,-122.039144,0.0,19.6,212.0,0,3,1.0,1.0,1.0,3.0,0,1.0,1.0,0.0,1
4510.8,6197.32,1686.52,38.33,96058,41.769709,-121.92063,1.0,106.05,567.0,0,44,0.0,2.0,2.0,2.0,0,2.0,2.0,41.0,0
74.25,96.05,21.8,21.8,93924,36.414611,-121.6386,0.0,74.25,159.0,0,1,0.0,0.0,0.0,2.0,0,0.0,0.0,42.0,1
5791.1,6791.1,990.0,19.8,91741,34.14649,-117.849815,1.0,114.35,367.0,0,50,2.0,2.0,2.0,2.0,0,2.0,2.0,21.0,0
4156.8,4314.18,157.38,3.66,90065,34.108833,-118.229715,0.0,94.5,552.0,4,43,0.0,2.0,2.0,2.0,0,0.0,0.0,22.0,0
132.4,179.44,47.04,23.52,94586,37.587494,-121.862856,0.0,70.5,968.0,0,2,2.0,0.0,0.0,1.0,0,0.0,2.0,48.0,0
554.45,853.41,298.96,37.37,92124,32.827238,-117.089287,0.0,65.45,852.0,0,8,2.0,0.0,2.0,0.0,0,0.0,0.0,16.0,0
926.0,2463.36,1537.36,34.94,93905,36.667794,-121.601306,1.0,20.6,841.0,1,44,1.0,1.0,1.0,3.0,2,1.0,1.0,0.0,0
225.55,411.25,185.7,18.57,94577,37.717196,-122.159338,2.0,26.1,864.0,10,10,1.0,1.0,1.0,3.0,2,1.0,1.0,0.0,0
659.45,1046.17,316.72,39.59,93641,36.696759,-119.024051,0.0,85.65,616.0,1,8,0.0,0.0,0.0,2.0,0,0.0,2.0,16.0,0
85.0,115.52,30.52,30.52,92612,33.643095,-117.810896,0.0,85.0,449.0,0,1,0.0,0.0,0.0,2.0,0,0.0,2.0,30.0,1
1938.9,2431.26,492.36,22.38,90746,33.859171,-118.252272,0.0,89.75,163.0,8,22,0.0,0.0,0.0,2.0,0,0.0,2.0,14.0,0
20.9,36.63,15.73,15.73,95254,38.192608,-120.957842,0.0,20.9,1041.0,0,1,1.0,1.0,1.0,3.0,0,1.0,1.0,0.0,1
1834.15,1875.04,40.89,1.41,91501,34.188339,-118.300942,0.0,60.2,119.0,9,29,0.0,2.0,0.0,1.0,3,0.0,2.0,73.0,0
934.15,1506.71,572.56,33.68,91354,34.457005,-118.573726,0.0,55.5,1023.0,0,17,0.0,2.0,2.0,1.0,0,0.0,0.0,14.0,0
123.8,191.3,67.5,33.75,94610,37.808731,-122.238708,0.0,70.15,688.0,0,2,0.0,0.0,0.0,2.0,0,0.0,0.0,10.0,0
4867.95,5703.76,835.81,15.77,95335,38.109125,-120.078597,1.0,94.25,545.0,1,53,0.0,0.0,2.0,2.0,0,0.0,2.0,9.0,1
69.1,107.76,38.66,38.66,92130,32.957195,-117.202542,0.0,69.1,852.0,0,1,0.0,0.0,0.0,2.0,0,0.0,0.0,18.0,1
1345.75,1550.23,204.48,11.36,91103,34.167465,-118.165327,0.0,74.15,732.0,0,18,0.0,0.0,0.0,2.0,0,0.0,0.0,13.0,0
1808.7,2695.32,886.62,42.22,95032,37.233034,-121.947427,0.0,86.5,554.0,3,21,0.0,0.0,0.0,2.0,0,0.0,2.0,29.0,1
321.65,504.93,173.28,43.32,93202,36.315979,-119.710852,0.0,85.65,38.0,0,4,0.0,0.0,0.0,2.0,0,0.0,0.0,20.0,1
1582.75,1918.6,335.85,22.39,94014,37.691561,-122.445202,0.0,105.1,239.0,0,15,2.0,2.0,0.0,2.0,0,2.0,2.0,7.0,1
1782.4,2837.0,974.6,48.73,92544,33.644585,-116.871544,0.0,94.1,413.0,0,20,0.0,0.0,2.0,2.0,0,2.0,0.0,12.0,1
6707.15,6794.48,87.33,1.23,92595,33.617108,-117.253349,2.0,95.5,1070.0,2,71,2.0,0.0,2.0,2.0,0,2.0,0.0,9.0,0
2602.9,3657.38,1054.48,37.66,95448,38.618347,-122.908422,0.0,92.35,409.0,1,28,0.0,2.0,0.0,2.0,0,0.0,2.0,20.0,1
169.75,379.11,209.36,26.17,94922,38.343282,-122.9755,0.0,19.65,95.0,6,8,1.0,1.0,1.0,3.0,3,1.0,1.0,0.0,0
2188.5,3896.7,1708.2,47.45,94599,38.421458,-122.365048,1.0,63.7,1097.0,8,36,0.0,2.0,0.0,1.0,2,2.0,2.0,14.0,0
3085.35,3085.35,0.0,0.0,94577,37.717196,-122.159338,0.0,44.95,864.0,0,68,2.0,0.0,2.0,0.0,0,0.0,2.0,13.0,0
7246.15,10121.1,2874.95,44.23,93256,35.957019,-119.330928,2.0,110.35,763.0,0,65,2.0,2.0,0.0,2.0,0,2.0,0.0,27.0,0
2135.5,2235.41,89.91,3.33,90660,33.989524,-118.089299,0.0,78.05,750.0,0,27,0.0,0.0,0.0,2.0,1,2.0,0.0,18.0,1
58.3,73.75,15.45,5.15,95667,38.733714,-120.795213,0.0,19.95,765.0,0,3,1.0,1.0,1.0,3.0,3,1.0,1.0,0.0,0
1009.25,1009.25,0.0,0.0,90275,33.753146,-118.367459,0.0,33.75,797.0,4,29,0.0,0.0,0.0,1.0,0,0.0,0.0,22.0,0
4976.15,6986.71,2010.56,32.96,95117,37.311088,-121.961786,2.0,81.0,861.0,1,61,2.0,0.0,0.0,1.0,3,2.0,2.0,41.0,0
90.35,90.35,0.0,0.0,94601,37.776523,-122.219268,0.0,49.25,688.0,0,2,0.0,0.0,0.0,1.0,0,2.0,2.0,51.0,1
5705.05,8801.36,3096.31,43.61,92037,32.853743,-117.25034,2.0,80.7,487.0,8,71,2.0,0.0,2.0,0.0,0,2.0,2.0,27.0,0
7188.5,7600.7,382.2,5.46,95548,41.572813,-124.035011,2.0,104.3,476.0,9,70,2.0,0.0,0.0,2.0,0,2.0,2.0,30.0,0
1303.5,2935.41,1646.4,23.52,92083,33.17494,-117.242761,2.0,19.45,1039.0,9,70,1.0,1.0,1.0,3.0,0,1.0,1.0,0.0,0
4364.1,4858.66,494.56,11.24,91105,34.13946,-118.166649,0.0,96.1,732.0,4,44,0.0,0.0,0.0,2.0,0,0.0,2.0,59.0,1
1386.9,1579.34,192.44,2.83,90405,34.005439,-118.477507,2.0,20.05,889.0,0,68,1.0,1.0,1.0,3.0,0,1.0,1.0,0.0,0
927.35,1311.43,304.08,25.34,90292,33.977468,-118.445475,0.0,78.95,581.0,0,12,0.0,2.0,0.0,2.0,3,0.0,0.0,56.0,1
2187.15,2856.99,669.84,27.91,95054,37.393554,-121.965114,0.0,89.55,883.0,0,24,0.0,0.0,2.0,2.0,0,2.0,2.0,59.0,0
488.25,1317.65,829.4,37.7,92861,33.817473,-117.810462,1.0,20.25,1036.0,1,22,1.0,1.0,1.0,3.0,2,1.0,1.0,0.0,0
1078.75,1188.58,126.88,2.44,91205,34.13658,-118.245839,2.0,20.1,366.0,10,52,1.0,1.0,1.0,3.0,1,1.0,1.0,0.0,0
144.55,232.61,78.06,39.03,92126,32.886925,-117.152162,0.0,80.25,852.0,0,2,0.0,0.0,0.0,2.0,0,0.0,0.0,30.0,1
2602.9,3657.38,1054.48,37.66,95448,38.618347,-122.908422,0.0,92.35,409.0,1,28,0.0,2.0,0.0,2.0,0,0.0,2.0,20.0,1
45.1,60.34,15.24,15.24,91606,34.187599,-118.387125,0.0,45.1,674.0,0,1,0.0,0.0,0.0,1.0,0,0.0,0.0,14.0,1
853.1,1091.69,238.59,26.51,92126,32.886925,-117.152162,0.0,89.45,852.0,3,9,0.0,0.0,0.0,2.0,0,0.0,2.0,18.0,1
198.5,253.62,45.12,22.56,96146,39.191797,-120.212401,0.0,100.2,699.0,0,2,0.0,2.0,2.0,2.0,0,0.0,2.0,15.0,0
6687.85,7864.32,1176.47,16.57,91709,33.942895,-117.725644,1.0,97.65,186.0,0,71,2.0,2.0,0.0,2.0,0,0.0,2.0,5.0,0
818.05,1313.05,495.0,49.5,93612,36.814539,-119.711868,0.0,81.0,200.0,0,10,0.0,0.0,2.0,2.0,0,0.0,0.0,19.0,1
1359.7,1359.7,0.0,0.0,94550,37.571748,-121.659562,0.0,30.35,534.0,2,44,0.0,0.0,2.0,0.0,0,0.0,0.0,28.0,1
411.45,423.49,0.0,0.0,93101,34.419203,-119.710008,1.0,40.25,882.0,0,10,2.0,2.0,2.0,1.0,5,0.0,0.0,57.0,0
74.45,115.72,31.27,31.27,92028,33.362575,-117.299644,0.0,74.45,315.0,1,1,0.0,0.0,0.0,2.0,0,0.0,0.0,11.0,1
5812.0,6137.8,325.8,5.43,92254,33.543835,-115.993906,1.0,95.4,597.0,5,60,0.0,2.0,0.0,2.0,0,2.0,0.0,29.0,0
3168.0,4634.48,1466.48,31.88,93280,35.652242,-119.4464,0.0,69.1,1046.0,7,46,0.0,0.0,2.0,1.0,0,0.0,2.0,53.0,0
422.3,672.48,270.63,30.07,92025,33.081478,-117.033814,1.0,48.6,305.0,9,9,0.0,2.0,0.0,1.0,0,0.0,0.0,30.0,0
293.3,293.3,0.0,0.0,94596,37.900662,-122.052782,0.0,40.1,1043.0,0,7,0.0,0.0,2.0,1.0,0,0.0,2.0,19.0,1
69.95,97.53,27.58,27.58,95460,39.305545,-123.743697,0.0,69.95,598.0,0,1,0.0,0.0,0.0,2.0,0,0.0,0.0,16.0,1
265.8,265.8,0.0,0.0,95132,37.424655,-121.74841,2.0,44.4,861.0,0,7,2.0,0.0,2.0,1.0,0,0.0,0.0,26.0,0
298.45,298.45,0.0,0.0,95567,41.950683,-124.097094,0.0,33.9,924.0,0,10,0.0,0.0,0.0,1.0,0,0.0,2.0,30.0,1
340.85,938.45,597.6,39.84,95328,37.555631,-120.911653,0.0,19.45,471.0,1,15,1.0,1.0,1.0,3.0,0,1.0,1.0,0.0,0
521.1,834.49,341.74,48.82,92028,33.362575,-117.299644,0.0,74.65,315.0,0,7,2.0,0.0,0.0,0.0,0,0.0,2.0,19.0,1
7099.0,8144.12,1045.12,16.33,90241,33.940884,-118.128628,2.0,111.6,266.0,9,64,2.0,2.0,0.0,2.0,0,2.0,0.0,10.0,0
762.25,990.41,228.16,14.26,90036,34.070291,-118.349191,0.0,50.15,552.0,0,16,0.0,2.0,0.0,1.0,0,0.0,0.0,53.0,1
574.35,688.87,114.52,16.36,92102,32.716007,-117.117462,1.0,89.15,852.0,0,7,0.0,0.0,0.0,2.0,0,0.0,0.0,28.0,0
1332.4,1352.4,0.0,0.0,93221,36.301689,-119.018233,0.0,45.9,310.0,3,29,0.0,0.0,0.0,1.0,0,0.0,2.0,15.0,0
3019.7,4229.86,1210.16,21.61,92882,33.819385,-117.600213,1.0,52.7,217.0,0,56,0.0,2.0,0.0,0.0,0,2.0,0.0,27.0,0
1292.65,4462.13,3169.48,46.61,90630,33.818477,-118.038307,2.0,19.35,237.0,10,68,1.0,1.0,1.0,3.0,1,1.0,1.0,0.0,0
4424.2,4706.18,281.98,6.13,90712,33.840524,-118.148403,1.0,95.25,509.0,0,46,0.0,0.0,2.0,2.0,0,0.0,0.0,30.0,1
389.6,500.6,101.0,20.2,92126,32.886925,-117.152162,0.0,81.0,852.0,0,5,0.0,0.0,0.0,2.0,0,0.0,0.0,23.0,1
86.6,86.6,0.0,0.0,92592,33.507255,-117.029473,0.0,24.45,984.0,0,4,0.0,0.0,0.0,1.0,0,0.0,0.0,9.0,1
937.5,1350.77,413.27,24.31,95674,38.954144,-121.482536,1.0,55.85,821.0,0,17,0.0,0.0,0.0,1.0,0,2.0,0.0,21.0,1
827.7,1262.94,295.24,26.84,94708,37.897743,-122.263124,0.0,79.15,74.0,0,11,0.0,0.0,0.0,2.0,0,0.0,2.0,15.0,0
1175.6,1946.55,770.95,45.35,93550,34.536232,-118.082935,1.0,64.8,722.0,2,17,0.0,2.0,2.0,1.0,0,0.0,2.0,11.0,0
6816.95,8522.77,1705.82,25.46,96009,41.083464,-121.107929,1.0,105.7,78.0,2,67,0.0,0.0,2.0,2.0,0,2.0,2.0,73.0,0
2038.7,2717.9,679.2,22.64,91911,32.607964,-117.059459,1.0,68.95,189.0,0,30,0.0,0.0,2.0,1.0,0,2.0,0.0,18.0,0
2139.1,2949.58,810.48,18.42,93501,35.097323,-118.171288,0.0,50.15,621.0,0,44,0.0,0.0,0.0,1.0,0,0.0,0.0,22.0,0
73.6,79.79,6.19,6.19,92122,32.85723,-117.209774,0.0,73.6,852.0,0,1,0.0,2.0,0.0,2.0,0,0.0,2.0,52.0,1
7334.05,10169.89,2835.84,44.31,93930,36.220761,-120.980777,2.0,115.1,472.0,0,64,2.0,2.0,2.0,2.0,0,2.0,2.0,4.0,0
5685.8,8694.12,3008.32,44.24,90505,33.807882,-118.347957,1.0,83.0,999.0,1,68,0.0,0.0,0.0,2.0,0,0.0,0.0,5.0,1
4388.4,5882.15,1343.75,31.25,92590,33.475493,-117.219551,0.0,101.0,984.0,8,43,0.0,0.0,2.0,2.0,0,0.0,0.0,20.0,1
358.05,869.24,511.19,30.07,95018,37.089111,-122.062213,2.0,19.4,320.0,0,17,1.0,1.0,1.0,3.0,0,1.0,1.0,0.0,0
55.8,82.02,26.22,26.22,92356,34.508417,-116.856103,0.0,55.8,563.0,0,1,0.0,2.0,0.0,0.0,0,2.0,0.0,22.0,1
1776.95,2433.77,656.82,36.49,91356,34.157137,-118.548511,0.0,99.85,979.0,0,18,2.0,0.0,0.0,2.0,0,0.0,2.0,3.0,1
2697.4,3732.18,1034.78,33.38,91040,34.282704,-118.312929,0.0,86.55,966.0,0,31,0.0,0.0,0.0,2.0,0,0.0,0.0,27.0,1
401.1,567.18,211.45,42.29,91770,34.065108,-118.082791,0.0,85.4,832.0,1,5,2.0,0.0,2.0,2.0,0,0.0,0.0,16.0,1
1306.3,2877.8,1571.5,31.43,93601,37.375816,-119.739935,1.0,25.2,6.0,0,50,1.0,1.0,1.0,3.0,0,1.0,1.0,0.0,0
55.0,102.22,47.22,47.22,92373,34.003243,-117.138286,0.0,55.0,806.0,0,1,0.0,0.0,0.0,0.0,0,0.0,2.0,53.0,1
2475.35,3518.99,1043.64,40.14,95944,39.564113,-120.868836,1.0,95.85,374.0,0,26,2.0,2.0,0.0,2.0,0,2.0,2.0,4.0,0
92.75,129.99,37.24,18.62,95432,39.108252,-123.645121,0.0,50.3,295.0,0,2,0.0,0.0,2.0,1.0,0,0.0,0.0,51.0,0
5409.75,7037.75,1628.0,29.6,95610,38.69508,-121.271616,1.0,70.5,190.0,0,55,0.0,0.0,0.0,2.0,0,2.0,0.0,3.0,0
3023.85,4196.65,1172.8,36.65,95363,37.410236,-121.320337,1.0,70.5,735.0,6,32,0.0,2.0,2.0,2.0,3,0.0,2.0,69.0,0
742.95,784.63,41.68,5.21,90001,33.973616,-118.24902,0.0,94.45,552.0,0,8,0.0,0.0,0.0,2.0,0,2.0,0.0,8.0,1
2627.2,4059.7,1432.5,47.75,96119,41.042003,-120.506086,2.0,90.05,569.0,8,30,0.0,0.0,2.0,2.0,0,0.0,0.0,27.0,0
242.0,295.61,53.61,17.87,92338,34.702766,-116.093376,0.0,75.25,564.0,0,3,0.0,0.0,0.0,2.0,0,0.0,0.0,25.0,1
234.85,317.89,83.04,20.76,94103,37.773147,-122.411287,0.0,56.4,855.0,0,4,0.0,0.0,0.0,1.0,0,0.0,0.0,30.0,0
7839.85,10865.37,2985.52,44.56,95383,38.107441,-120.230625,2.0,116.1,1015.0,0,67,2.0,2.0,2.0,2.0,0,2.0,0.0,29.0,0
3474.05,4782.55,1228.5,35.1,96125,39.600599,-120.636358,0.0,95.45,917.0,0,35,0.0,0.0,0.0,2.0,0,0.0,0.0,29.0,1
442.45,442.45,0.0,0.0,95569,40.363446,-123.835041,0.0,34.0,804.0,0,12,2.0,0.0,2.0,0.0,0,0.0,0.0,6.0,0
50.55,73.11,22.56,22.56,95388,37.421299,-120.599587,0.0,50.55,1083.0,0,1,0.0,0.0,0.0,0.0,0,0.0,0.0,2.0,1
266.95,421.55,154.6,30.92,91505,34.174215,-118.345928,0.0,55.75,119.0,0,5,2.0,2.0,0.0,0.0,0,0.0,2.0,41.0,0
71.0,89.84,18.84,18.84,93921,36.554618,-121.922239,0.0,71.0,158.0,1,1,0.0,0.0,0.0,2.0,0,0.0,0.0,19.0,1
69.9,115.56,45.66,45.66,94555,37.555473,-122.080312,0.0,69.9,346.0,0,1,0.0,0.0,0.0,2.0,0,0.0,0.0,28.0,1
2078.55,2325.67,291.98,11.23,92117,32.825086,-117.199424,0.0,81.9,852.0,7,26,2.0,0.0,2.0,0.0,0,2.0,2.0,48.0,0
2379.1,4310.7,1931.6,48.29,91302,34.130861,-118.68346,0.0,56.6,128.0,5,40,0.0,0.0,2.0,1.0,0,0.0,0.0,23.0,0
2757.85,3467.42,669.57,20.29,94574,38.581354,-122.296283,0.0,83.35,839.0,0,33,0.0,0.0,0.0,2.0,0,0.0,2.0,30.0,1
7432.05,8085.45,653.4,9.9,96148,39.24124,-120.054765,1.0,110.9,977.0,0,66,2.0,0.0,2.0,2.0,0,2.0,0.0,25.0,1
4159.45,5433.45,1274.0,26.0,95451,38.93496,-122.792243,1.0,88.2,466.0,5,49,0.0,2.0,2.0,2.0,0,2.0,0.0,16.0,0
1281.25,2325.22,1043.97,20.47,95973,39.903272,-121.843567,2.0,25.5,183.0,7,51,1.0,1.0,1.0,3.0,0,1.0,1.0,0.0,0
25.25,35.25,0.0,0.0,95573,40.949012,-123.655847,0.0,25.25,1073.0,0,1,0.0,0.0,0.0,1.0,0,0.0,0.0,15.0,0
79.95,83.08,3.13,3.13,92321,34.255203,-117.175654,0.0,79.95,176.0,0,1,0.0,0.0,0.0,2.0,0,0.0,0.0,5.0,1
4036.85,5544.45,1507.6,37.69,92241,33.832799,-116.250973,0.0,104.5,255.0,0,40,0.0,0.0,2.0,2.0,0,2.0,2.0,15.0,1
6413.65,8433.61,2019.96,32.58,92027,33.141265,-116.967221,1.0,100.15,305.0,0,62,0.0,0.0,0.0,2.0,0,2.0,2.0,15.0,1
727.8,843.0,115.2,9.6,92264,33.745746,-116.514215,1.0,59.8,721.0,0,12,2.0,0.0,0.0,0.0,0,0.0,0.0,23.0,1
929.45,1257.05,327.6,32.76,92539,33.527605,-116.666551,0.0,88.85,31.0,8,10,0.0,0.0,0.0,2.0,3,0.0,2.0,51.0,0
160.8,244.08,83.28,41.64,92384,35.924252,-116.188668,0.0,76.4,916.0,0,2,2.0,0.0,0.0,1.0,0,2.0,2.0,25.0,1
4590.35,4952.02,361.67,6.13,95007,37.106902,-122.100006,2.0,79.2,114.0,0,59,0.0,0.0,2.0,2.0,0,0.0,0.0,2.0,0
19.25,32.06,12.81,12.81,93277,36.303793,-119.375646,0.0,19.25,1038.0,0,1,1.0,1.0,1.0,3.0,7,1.0,1.0,0.0,1
2497.2,3359.87,792.67,25.57,90221,33.885811,-118.206459,2.0,79.2,211.0,0,31,2.0,0.0,2.0,1.0,0,2.0,2.0,27.0,0
55.7,73.38,17.68,17.68,92683,33.752591,-117.993661,0.0,55.7,1062.0,10,1,0.0,2.0,0.0,0.0,0,2.0,0.0,9.0,0
169.05,301.42,122.37,40.79,95464,39.12334,-122.838198,0.0,49.15,665.0,0,3,0.0,0.0,0.0,1.0,0,2.0,0.0,29.0,1
1779.95,1796.96,27.18,1.51,91791,34.061634,-117.893169,0.0,95.15,1056.0,6,18,0.0,0.0,0.0,2.0,0,2.0,2.0,28.0,1
470.6,844.58,373.98,16.26,93529,37.730269,-119.055813,0.0,20.3,463.0,0,23,1.0,1.0,1.0,3.0,0,1.0,1.0,0.0,0
1218.55,1800.55,582.0,48.5,96109,40.012675,-120.101857,0.0,101.35,268.0,1,12,0.0,0.0,2.0,2.0,0,0.0,0.0,4.0,1
298.45,298.45,0.0,0.0,95567,41.950683,-124.097094,0.0,33.9,924.0,0,10,0.0,0.0,0.0,1.0,0,0.0,2.0,30.0,1
1028.9,1473.24,444.34,34.18,91103,34.167465,-118.165327,0.0,81.9,732.0,0,13,0.0,0.0,0.0,2.0,0,0.0,0.0,19.0,0
2203.65,2628.34,453.18,10.79,95316,37.524721,-120.757977,0.0,50.25,252.0,2,42,0.0,0.0,0.0,0.0,0,0.0,0.0,41.0,1
324.6,480.3,155.7,31.14,90012,34.065875,-118.238728,0.0,69.75,552.0,0,5,0.0,0.0,0.0,2.0,0,0.0,0.0,5.0,1
7723.9,8849.96,1174.6,16.78,95014,37.306612,-122.080621,2.0,114.2,235.0,1,70,2.0,2.0,2.0,2.0,0,2.0,2.0,48.0,1
45.3,45.3,0.0,0.0,95076,36.931654,-121.752383,0.0,45.3,1049.0,0,1,0.0,0.0,0.0,1.0,0,0.0,2.0,18.0,1
4039.5,6436.5,2277.0,37.95,94019,37.45567,-122.407992,1.0,64.75,399.0,0,60,2.0,2.0,0.0,1.0,0,2.0,0.0,27.0,0
69.75,97.72,27.97,27.97,92305,34.1678,-116.86433,0.0,70.5,26.0,0,1,0.0,0.0,0.0,2.0,0,0.0,0.0,18.0,1
4345.0,5965.43,1620.43,33.07,91214,34.239636,-118.245259,1.0,87.2,483.0,4,49,2.0,2.0,2.0,1.0,2,2.0,2.0,23.0,0
947.3,1457.9,510.6,42.55,90717,33.794209,-118.317354,0.0,78.1,543.0,0,12,0.0,0.0,0.0,2.0,0,0.0,2.0,18.0,1
7616.0,9885.87,2269.87,31.97,93635,36.995162,-120.955099,2.0,108.55,553.0,10,71,2.0,2.0,0.0,2.0,0,2.0,2.0,73.0,0
68.95,90.6,21.65,21.65,92320,33.982787,-117.057627,0.0,68.95,133.0,1,1,0.0,0.0,0.0,2.0,0,0.0,0.0,13.0,1
163.55,163.55,0.0,0.0,91950,32.67102,-117.095235,0.0,34.25,652.0,9,5,2.0,0.0,2.0,1.0,2,0.0,0.0,19.0,0
2789.7,4442.34,1652.64,34.43,96023,41.949216,-122.050062,1.0,58.95,262.0,10,48,0.0,0.0,2.0,1.0,0,0.0,2.0,2.0,0
2025.1,2810.5,785.4,37.4,92801,33.844983,-117.952151,0.0,95.4,23.0,0,21,0.0,0.0,0.0,2.0,0,0.0,0.0,16.0,0
1776.45,4511.01,2734.56,37.98,95521,40.839958,-124.003757,2.0,24.15,37.0,7,72,1.0,1.0,1.0,3.0,0,1.0,1.0,0.0,0
1057.55,1544.31,416.76,34.73,90248,33.876482,-118.284077,0.0,89.15,357.0,0,12,0.0,0.0,2.0,2.0,0,0.0,2.0,6.0,0
347.25,347.25,0.0,0.0,92530,33.655421,-117.391751,0.0,31.05,501.0,0,13,0.0,0.0,2.0,0.0,0,0.0,0.0,16.0,1
299.2,480.4,171.2,42.8,95714,39.197215,-120.83679,0.0,77.85,278.0,0,4,0.0,0.0,0.0,2.0,0,0.0,0.0,28.0,1
111.05,121.21,10.16,5.08,96039,41.831901,-123.487478,0.0,44.9,402.0,0,2,0.0,0.0,0.0,1.0,0,0.0,0.0,17.0,0
851.8,1370.12,518.32,47.12,92545,33.734933,-117.044145,0.0,78.0,413.0,0,11,0.0,0.0,0.0,2.0,2,2.0,0.0,23.0,0
3729.6,5409.17,1679.57,31.69,90650,33.905963,-118.08263,2.0,69.7,678.0,3,53,2.0,2.0,2.0,1.0,2,0.0,0.0,16.0,0
2365.15,2552.05,186.9,6.23,95814,38.584505,-121.491956,0.0,79.65,838.0,1,30,0.0,0.0,2.0,2.0,0,2.0,0.0,4.0,1
19.45,35.89,16.44,16.44,90305,33.958134,-118.330905,0.0,19.45,446.0,1,1,1.0,1.0,1.0,3.0,2,1.0,1.0,0.0,0
362.2,391.76,29.56,7.39,92592,33.507255,-117.029473,0.0,93.5,984.0,0,4,2.0,0.0,2.0,2.0,0,0.0,2.0,4.0,1
360.1,386.82,26.72,6.68,94304,37.386978,-122.177746,0.0,84.6,723.0,0,4,0.0,0.0,0.0,0.0,0,0.0,0.0,17.0,1
4230.25,6537.77,2353.06,40.57,95432,39.108252,-123.645121,2.0,71.6,295.0,1,58,2.0,2.0,2.0,1.0,3,2.0,0.0,25.0,0
543.0,1156.48,613.48,21.91,94542,37.656695,-122.048361,1.0,19.9,408.0,9,28,1.0,1.0,1.0,3.0,1,1.0,1.0,0.0,0
80.05,119.84,39.79,39.79,92109,32.787836,-117.232376,0.0,80.05,852.0,1,1,0.0,0.0,0.0,2.0,0,0.0,0.0,7.0,1
3759.05,5544.32,1635.27,41.93,94123,37.800254,-122.436975,0.0,95.65,855.0,0,39,0.0,0.0,0.0,2.0,0,0.0,0.0,23.0,1
415.4,1035.8,620.4,31.02,90501,33.833699,-118.314387,0.0,19.4,999.0,0,20,1.0,1.0,1.0,3.0,0,1.0,1.0,0.0,0
453.75,638.15,184.4,36.88,92126,32.886925,-117.152162,0.0,84.5,852.0,3,5,0.0,2.0,0.0,2.0,0,2.0,0.0,8.0,1
804.85,1139.25,334.4,8.36,90039,34.110845,-118.259595,2.0,20.15,552.0,0,40,1.0,1.0,1.0,3.0,0,1.0,1.0,0.0,0
605.45,899.24,293.79,41.97,93725,36.623632,-119.741322,2.0,89.0,349.0,8,7,0.0,0.0,0.0,2.0,0,0.0,2.0,11.0,0
2552.9,3619.98,1067.08,28.84,94702,37.866009,-122.286228,0.0,70.35,74.0,0,37,0.0,0.0,0.0,2.0,0,0.0,0.0,25.0,0
5464.65,6465.0,1000.35,17.55,92117,32.825086,-117.199424,2.0,95.25,852.0,0,57,0.0,0.0,0.0,2.0,0,2.0,2.0,15.0,1
4863.85,6720.89,1893.82,41.17,94530,37.924838,-122.289145,2.0,104.45,286.0,0,46,0.0,0.0,2.0,2.0,0,2.0,2.0,30.0,0
571.05,594.43,23.38,3.34,91739,34.133809,-117.523724,0.0,78.5,795.0,0,7,2.0,2.0,2.0,0.0,0,0.0,2.0,13.0,0
1930.9,1930.9,0.0,0.0,93405,35.236549,-120.727344,1.0,53.15,867.0,5,35,0.0,2.0,0.0,1.0,0,2.0,2.0,30.0,0
4259.3,5175.38,924.96,22.56,95488,39.724433,-123.767578,0.0,99.8,1064.0,0,41,0.0,0.0,0.0,2.0,0,2.0,0.0,15.0,1
347.4,583.65,226.25,45.25,95635,38.921333,-120.897718,1.0,70.0,385.0,0,5,0.0,0.0,0.0,1.0,0,2.0,2.0,22.0,1
20.2,68.45,48.25,48.25,91203,34.153338,-118.262974,0.0,20.2,366.0,0,1,1.0,1.0,1.0,3.0,0,1.0,1.0,0.0,1
1222.05,1517.73,295.68,26.88,94030,37.601248,-122.403099,0.0,96.2,611.0,5,11,2.0,2.0,0.0,2.0,0,0.0,0.0,19.0,1
714.15,920.07,205.92,22.88,95601,38.431407,-120.8421,0.0,77.65,21.0,0,9,0.0,0.0,0.0,2.0,0,0.0,0.0,23.0,1
2282.95,3353.35,1070.4,33.45,95605,38.592745,-121.540036,1.0,74.75,1060.0,0,32,0.0,2.0,0.0,1.0,0,0.0,2.0,5.0,0
4997.5,6455.52,1459.68,30.41,95121,37.304681,-121.809955,0.0,105.25,861.0,1,48,0.0,2.0,2.0,2.0,3,0.0,2.0,53.0,0
1554.0,2260.42,706.42,32.11,95645,38.875508,-121.765866,0.0,69.25,479.0,1,22,0.0,0.0,0.0,2.0,0,0.0,0.0,52.0,1
247.0,370.9,123.9,12.39,93604,37.458367,-119.345011,0.0,20.9,62.0,0,10,1.0,1.0,1.0,3.0,0,1.0,1.0,0.0,0
533.6,545.29,11.69,1.67,95338,37.526791,-119.99437,0.0,74.35,582.0,0,7,0.0,2.0,0.0,2.0,0,0.0,0.0,23.0,0
2157.95,3053.6,895.65,42.65,93501,35.097323,-118.171288,0.0,104.4,621.0,1,21,0.0,0.0,2.0,2.0,0,2.0,2.0,3.0,1
7932.5,9421.78,1349.28,18.74,93704,36.799648,-119.801247,2.0,109.75,349.0,1,72,2.0,0.0,2.0,2.0,0,2.0,2.0,14.0,0
842.9,977.94,135.04,16.88,92109,32.787836,-117.232376,0.0,101.15,852.0,1,8,0.0,0.0,2.0,2.0,0,2.0,2.0,6.0,1
927.15,1010.15,83.0,4.15,91801,34.090925,-118.128164,0.0,44.35,12.0,0,20,0.0,0.0,0.0,0.0,0,0.0,0.0,18.0,0
1740.7,2383.3,642.6,35.7,90041,34.137412,-118.207607,0.0,96.05,552.0,0,18,0.0,2.0,0.0,2.0,0,0.0,2.0,26.0,1
989.45,1525.31,535.86,41.22,94515,38.629618,-122.593216,1.0,75.3,135.0,1,13,0.0,0.0,0.0,0.0,0,2.0,2.0,82.0,1
1068.85,1389.55,320.7,32.07,90028,34.099869,-118.326843,0.0,102.1,552.0,1,10,0.0,0.0,2.0,2.0,0,2.0,2.0,22.0,1
1458.1,3647.26,2224.6,31.78,92028,33.362575,-117.299644,2.0,70.5,315.0,2,70,1.0,1.0,1.0,3.0,1,1.0,1.0,0.0,0
1029.35,1467.32,437.97,33.69,95258,38.169605,-121.310964,0.0,80.0,1088.0,0,13,0.0,2.0,0.0,2.0,0,0.0,0.0,15.0,0
7002.95,8200.58,1197.63,19.01,95973,39.903272,-121.843567,0.0,109.85,183.0,0,63,2.0,0.0,2.0,2.0,0,2.0,2.0,20.0,0
3092.65,3454.45,361.8,6.7,92582,33.806708,-117.02007,0.0,55.0,859.0,0,54,0.0,0.0,2.0,0.0,2,0.0,0.0,16.0,1
45.3,71.71,26.41,26.41,95925,39.461768,-121.195825,0.0,45.3,180.0,0,1,0.0,0.0,0.0,0.0,0,0.0,0.0,26.0,1
5498.8,7138.2,1499.4,29.4,92544,33.644585,-116.871544,1.0,106.8,413.0,3,51,0.0,0.0,2.0,2.0,0,2.0,2.0,21.0,0
137.85,137.85,0.0,0.0,92309,35.28952,-116.092214,0.0,33.65,55.0,0,4,0.0,2.0,2.0,1.0,0,0.0,0.0,4.0,1
75.45,87.03,11.58,11.58,92117,32.825086,-117.199424,0.0,75.45,852.0,0,1,0.0,0.0,0.0,2.0,0,0.0,0.0,15.0,1
3581.4,4668.12,1026.72,21.39,95233,38.184914,-120.364085,1.0,73.85,405.0,0,48,2.0,0.0,2.0,1.0,0,2.0,0.0,3.0,0
916.75,1498.93,492.18,37.86,93618,36.523619,-119.386868,0.0,70.15,259.0,2,13,0.0,0.0,0.0,2.0,0,0.0,0.0,19.0,1
81.0,120.04,39.04,19.52,91931,32.857946,-116.561917,0.0,45.85,394.0,0,2,0.0,0.0,0.0,0.0,0,0.0,0.0,16.0,1
2660.2,3572.7,912.5,36.5,95628,38.652065,-121.25441,0.0,102.8,311.0,0,25,0.0,2.0,2.0,2.0,0,0.0,0.0,30.0,1
323.45,357.59,34.14,5.69,91024,34.168686,-118.057505,0.0,45.65,918.0,9,6,0.0,0.0,0.0,1.0,0,0.0,0.0,27.0,0
229.5,335.04,105.54,35.18,93243,34.845861,-118.885163,0.0,74.75,519.0,1,3,0.0,0.0,0.0,2.0,0,0.0,0.0,13.0,1
1772.25,1821.45,49.2,2.05,95666,38.546999,-120.271114,0.0,78.85,758.0,1,24,0.0,2.0,0.0,2.0,0,0.0,0.0,22.0,1
6014.85,8588.81,2523.96,46.74,91710,33.990646,-117.663025,0.0,111.1,185.0,0,54,2.0,0.0,2.0,2.0,0,2.0,2.0,16.0,1
1046.1,1311.71,153.0,12.75,96050,41.816595,-122.948287,0.0,94.2,477.0,0,12,0.0,0.0,0.0,2.0,0,0.0,2.0,24.0,1
452.8,852.94,400.14,44.46,93455,34.818227,-120.418784,0.0,54.8,888.0,2,9,2.0,0.0,2.0,1.0,2,0.0,0.0,24.0,0
143.65,240.97,97.32,48.66,90623,33.850504,-118.039892,0.0,79.0,490.0,0,2,0.0,0.0,0.0,2.0,0,0.0,0.0,21.0,1
4663.4,7049.0,2385.6,39.76,91377,34.19225,-118.776874,0.0,70.5,683.0,1,60,2.0,2.0,2.0,1.0,3,0.0,2.0,76.0,0
7752.05,9749.85,1997.8,28.54,92592,33.507255,-117.029473,2.0,110.5,984.0,4,70,2.0,0.0,2.0,2.0,0,2.0,2.0,23.0,0
1131.5,2828.0,1696.5,29.25,93257,36.008958,-118.891593,2.0,20.3,781.0,0,58,1.0,1.0,1.0,3.0,0,1.0,1.0,0.0,0
185.2,639.4,454.2,45.42,90262,33.923573,-118.200669,1.0,19.3,565.0,0,10,1.0,1.0,1.0,3.0,0,1.0,1.0,0.0,0
159.45,169.67,10.22,5.11,92117,32.825086,-117.199424,0.0,70.5,852.0,0,2,0.0,0.0,0.0,2.0,0,0.0,2.0,6.0,1
764.95,996.95,232.0,29.0,91739,34.133809,-117.523724,0.0,84.9,795.0,1,8,0.0,0.0,0.0,2.0,0,0.0,2.0,30.0,1
76.4,117.56,41.16,41.16,95453,39.080469,-122.955176,0.0,76.4,506.0,6,1,0.0,0.0,2.0,2.0,0,0.0,0.0,6.0,1
676.7,772.11,95.41,13.63,95464,39.12334,-122.838198,0.0,89.5,665.0,1,7,0.0,0.0,0.0,2.0,0,0.0,0.0,27.0,1
1444.65,2178.6,733.95,48.93,93552,34.557711,-118.029441,0.0,93.35,722.0,0,15,0.0,0.0,0.0,2.0,0,0.0,2.0,15.0,1
50.5,90.08,39.58,39.58,95914,39.396585,-121.38029,0.0,50.5,59.0,0,1,0.0,0.0,0.0,1.0,0,2.0,0.0,28.0,1
6396.45,7038.45,642.0,10.7,92325,34.248061,-117.29028,0.0,105.9,230.0,0,60,0.0,0.0,2.0,2.0,0,2.0,2.0,71.0,1
3624.3,5512.9,1888.6,49.7,95226,38.233879,-120.861666,0.0,94.65,144.0,1,38,0.0,0.0,2.0,2.0,0,2.0,0.0,30.0,1
3474.45,4851.93,1377.48,35.32,95536,40.4785,-124.301372,1.0,89.55,321.0,1,39,2.0,0.0,2.0,2.0,0,2.0,0.0,30.0,1
2221.55,2513.6,292.05,6.49,90249,33.90139,-118.315697,0.0,50.25,357.0,6,45,0.0,0.0,0.0,1.0,0,2.0,0.0,22.0,0
362.6,362.6,0.0,0.0,93030,34.223244,-119.18012,1.0,34.55,712.0,1,10,0.0,0.0,0.0,0.0,3,0.0,0.0,53.0,0
316.9,379.9,63.0,12.6,90039,34.110845,-118.259595,0.0,69.7,552.0,0,5,0.0,0.0,0.0,2.0,3,0.0,0.0,58.0,1
759.55,936.67,177.12,22.14,92332,34.9436,-115.287901,0.0,94.75,307.0,4,8,0.0,0.0,0.0,2.0,3,2.0,2.0,82.0,0
622.9,747.69,158.04,17.56,95207,38.002125,-121.324979,0.0,74.55,954.0,0,9,0.0,0.0,0.0,2.0,0,0.0,0.0,27.0,1
2065.4,2678.88,613.48,21.91,96050,41.816595,-122.948287,0.0,76.55,477.0,10,28,2.0,0.0,0.0,2.0,0,0.0,0.0,5.0,0
622.9,747.69,158.04,17.56,95207,38.002125,-121.324979,0.0,74.55,954.0,0,9,0.0,0.0,0.0,2.0,0,0.0,0.0,27.0,1
5029.2,6684.92,1655.72,31.24,93108,34.457541,-119.631072,0.0,93.9,882.0,1,53,0.0,2.0,0.0,2.0,0,2.0,2.0,73.0,1
8277.05,9339.05,1062.0,14.75,94806,37.980269,-122.342635,2.0,116.75,873.0,6,72,2.0,2.0,2.0,2.0,0,2.0,0.0,16.0,0
24.45,24.45,0.0,0.0,92337,34.049671,-117.468896,0.0,24.45,329.0,0,1,0.0,0.0,0.0,0.0,0,0.0,0.0,2.0,1
573.75,861.15,287.4,47.9,92121,32.898613,-117.202937,0.0,95.75,852.0,0,6,0.0,0.0,0.0,2.0,0,2.0,0.0,6.0,1
20.85,43.71,22.86,22.86,93440,34.758699,-120.275839,0.0,20.85,550.0,1,1,1.0,1.0,1.0,3.0,0,1.0,1.0,0.0,1
84.6,111.45,26.85,26.85,91504,34.213049,-118.317651,0.0,84.6,119.0,0,1,0.0,2.0,0.0,2.0,1,0.0,2.0,11.0,1
179.25,222.39,43.14,21.57,92606,33.703976,-117.824172,0.0,88.55,449.0,0,2,0.0,0.0,0.0,2.0,0,2.0,2.0,28.0,1
1139.2,1398.92,298.2,21.3,94706,37.890274,-122.295192,0.0,85.15,9.0,1,14,0.0,0.0,0.0,2.0,0,0.0,2.0,42.0,1
4872.2,6904.75,2032.55,38.35,95312,37.420273,-120.66527,1.0,93.45,229.0,1,53,2.0,0.0,0.0,2.0,0,0.0,2.0,82.0,0
686.95,1416.7,729.75,20.85,92595,33.617108,-117.253349,2.0,19.6,1070.0,1,35,1.0,1.0,1.0,3.0,3,1.0,1.0,0.0,0
19.5,52.52,33.02,33.02,90806,33.802664,-118.179971,0.0,19.5,546.0,0,1,1.0,1.0,1.0,3.0,0,1.0,1.0,0.0,0
2841.55,3838.7,997.15,26.95,96007,40.448632,-122.306657,0.0,76.25,24.0,0,37,0.0,0.0,0.0,2.0,0,0.0,0.0,17.0,1
294.45,400.74,106.29,35.43,94556,37.827946,-122.107185,0.0,105.0,633.0,0,3,0.0,0.0,2.0,2.0,0,2.0,0.0,18.0,1
69.7,91.22,21.52,21.52,91763,34.072121,-117.698319,0.0,69.7,625.0,0,1,0.0,0.0,0.0,2.0,0,0.0,0.0,25.0,1
355.9,355.9,0.0,0.0,95004,36.878364,-121.629781,0.0,29.3,40.0,1,12,2.0,0.0,0.0,1.0,1,0.0,0.0,14.0,0
6373.1,6785.15,412.05,6.15,95689,38.481902,-120.603668,0.0,89.55,1040.0,4,67,0.0,0.0,2.0,2.0,3,0.0,2.0,53.0,0
1174.8,2023.5,848.7,18.45,92841,33.786738,-117.982564,1.0,24.9,355.0,1,46,1.0,1.0,1.0,3.0,0,1.0,1.0,0.0,0
4456.65,5460.6,1003.95,22.31,95901,39.19514,-121.503883,0.0,95.95,586.0,1,45,0.0,0.0,2.0,2.0,2,2.0,2.0,19.0,0
863.1,990.9,127.8,12.78,90623,33.850504,-118.039892,0.0,89.5,490.0,0,10,0.0,0.0,0.0,2.0,0,0.0,2.0,2.0,1
1237.85,1599.51,361.66,27.82,94553,38.014457,-122.115432,0.0,98.0,585.0,1,13,0.0,0.0,2.0,2.0,0,2.0,0.0,4.0,1
2347.85,3723.51,1375.66,37.18,92225,33.674583,-114.71612,1.0,64.65,94.0,0,37,0.0,2.0,0.0,0.0,0,0.0,0.0,9.0,0
1380.1,1380.1,0.0,0.0,95655,38.549822,-121.266725,0.0,30.3,587.0,0,46,0.0,0.0,2.0,1.0,0,0.0,0.0,26.0,1
1424.4,1763.76,339.36,16.16,92614,33.680302,-117.833296,0.0,65.35,449.0,0,21,0.0,2.0,0.0,1.0,0,2.0,0.0,42.0,0
20.1,60.93,40.83,40.83,92127,33.017518,-117.118456,0.0,20.1,852.0,0,1,1.0,1.0,1.0,3.0,0,1.0,1.0,0.0,1
1058.25,1313.55,145.3,14.53,93626,37.027663,-119.69056,0.0,98.5,350.0,0,10,2.0,0.0,0.0,2.0,0,0.0,2.0,30.0,1
424.45,622.45,198.0,49.5,94583,37.766556,-121.976784,0.0,94.3,877.0,0,4,0.0,0.0,0.0,2.0,0,0.0,2.0,23.0,1
1167.8,1902.2,734.4,45.9,92648,33.679659,-118.016195,0.0,71.8,434.0,1,16,0.0,0.0,0.0,2.0,0,0.0,0.0,5.0,1
6912.7,9059.14,2146.44,34.62,90275,33.753146,-118.367459,2.0,107.6,797.0,8,62,2.0,0.0,0.0,2.0,0,2.0,2.0,28.0,0
2031.95,2496.35,464.4,23.22,95776,38.694081,-121.694431,0.0,98.55,1090.0,0,20,2.0,0.0,0.0,2.0,0,0.0,2.0,59.0,0
1232.9,1846.92,614.02,27.91,90301,33.956445,-118.358634,0.0,51.1,446.0,3,22,2.0,0.0,0.0,0.0,2,0.0,0.0,27.0,0
45.85,86.23,40.38,40.38,91604,34.139082,-118.39275,0.0,45.85,959.0,0,1,0.0,0.0,0.0,1.0,0,0.0,0.0,6.0,0
69.1,107.76,38.66,38.66,92130,32.957195,-117.202542,0.0,69.1,852.0,0,1,0.0,0.0,0.0,2.0,0,0.0,0.0,18.0,1
528.35,622.45,94.1,9.41,92121,32.898613,-117.202937,0.0,55.2,852.0,6,10,2.0,0.0,0.0,0.0,0,2.0,0.0,69.0,1
2869.85,3469.49,599.64,15.78,95651,38.815515,-120.916997,0.0,74.95,559.0,5,38,0.0,0.0,0.0,2.0,0,0.0,0.0,30.0,1
139.75,484.15,344.4,43.05,95118,37.255479,-121.889838,0.0,21.05,861.0,5,8,1.0,1.0,1.0,3.0,3,1.0,1.0,0.0,0
5189.75,7018.75,1829.0,36.58,94946,38.065359,-122.665566,1.0,100.65,664.0,1,50,2.0,0.0,0.0,2.0,0,0.0,2.0,23.0,0
878.35,1221.25,342.9,19.05,95950,39.033058,-121.895718,0.0,49.55,388.0,1,18,0.0,0.0,0.0,1.0,0,2.0,0.0,26.0,1
1147.45,1267.3,119.85,7.99,91020,34.2112,-118.230625,0.0,75.3,631.0,0,15,0.0,0.0,2.0,2.0,0,0.0,0.0,27.0,1
5831.2,8495.83,2664.63,37.53,95242,38.128087,-121.4078,2.0,82.7,539.0,1,71,2.0,2.0,2.0,1.0,0,2.0,2.0,24.0,0
265.35,456.63,191.28,47.82,92113,32.697098,-117.116587,0.0,74.35,852.0,0,4,0.0,0.0,0.0,2.0,0,0.0,0.0,13.0,1
1354.4,2994.56,1640.16,22.78,93728,36.757345,-119.818274,2.0,20.35,349.0,1,72,1.0,1.0,1.0,3.0,1,1.0,1.0,0.0,0
2854.55,2834.39,0.0,0.0,95468,38.911299,-123.609588,0.0,54.45,773.0,0,53,0.0,0.0,2.0,1.0,0,2.0,0.0,25.0,1
2897.95,3882.64,1010.24,31.57,94560,37.504133,-122.032347,2.0,90.95,657.0,0,32,0.0,0.0,0.0,2.0,0,0.0,0.0,4.0,0
638.0,908.9,270.9,7.74,93646,36.633498,-119.298895,1.0,19.15,702.0,0,35,1.0,1.0,1.0,3.0,0,1.0,1.0,0.0,0
4543.95,6175.95,1632.0,27.2,95503,40.737431,-124.108897,2.0,76.95,309.0,7,60,2.0,0.0,2.0,1.0,3,0.0,2.0,21.0,0
142.35,167.39,25.04,12.52,95542,40.057784,-123.679461,0.0,70.65,354.0,0,2,0.0,0.0,0.0,2.0,0,0.0,0.0,25.0,1
2757.85,3467.42,669.57,20.29,94574,38.581354,-122.296283,0.0,83.35,839.0,0,33,0.0,0.0,0.0,2.0,0,0.0,2.0,30.0,1
50.45,78.7,28.25,28.25,95713,39.084645,-120.894014,0.0,50.45,206.0,0,1,0.0,0.0,0.0,0.0,0,0.0,0.0,9.0,1
1060.2,1378.7,367.56,30.63,95306,37.394411,-120.127262,0.0,98.1,173.0,1,12,0.0,0.0,2.0,2.0,0,2.0,0.0,27.0,1
128.6,342.66,214.06,30.58,92231,32.690654,-115.431225,1.0,19.5,129.0,0,7,1.0,1.0,1.0,3.0,0,1.0,1.0,0.0,0
4086.3,4200.3,114.0,2.85,96002,40.527834,-122.318749,0.0,101.85,805.0,1,40,0.0,2.0,0.0,2.0,0,0.0,0.0,3.0,1
71.0,89.84,18.84,18.84,93921,36.554618,-121.922239,0.0,71.0,158.0,1,1,0.0,0.0,0.0,2.0,0,0.0,0.0,19.0,1
324.15,799.45,488.1,32.54,95054,37.393554,-121.965114,0.0,24.8,883.0,0,15,1.0,1.0,1.0,3.0,3,1.0,1.0,0.0,0
95.65,127.98,32.33,32.33,95060,36.993451,-122.098858,0.0,95.65,885.0,0,1,0.0,0.0,0.0,2.0,0,0.0,2.0,9.0,1
107.6,355.76,248.16,41.36,91325,34.236683,-118.517588,2.0,20.4,677.0,1,6,1.0,1.0,1.0,3.0,3,1.0,1.0,0.0,0
6994.6,10162.86,3128.26,44.06,92111,32.805518,-117.169052,2.0,99.0,852.0,5,71,0.0,2.0,2.0,2.0,0,2.0,0.0,6.0,0
644.35,797.72,153.37,21.91,93662,36.545322,-119.642281,0.0,95.6,905.0,1,7,0.0,0.0,0.0,0.0,0,0.0,0.0,11.0,1
69.6,83.79,14.19,14.19,92592,33.507255,-117.029473,0.0,69.6,984.0,0,1,0.0,0.0,0.0,2.0,0,0.0,2.0,59.0,1
614.45,1081.84,477.12,14.91,95010,36.977025,-121.952864,2.0,20.05,153.0,0,32,1.0,1.0,1.0,3.0,0,1.0,1.0,0.0,0
3365.85,5478.44,2112.59,49.13,95364,38.224869,-119.755729,0.0,77.85,755.0,0,43,0.0,0.0,2.0,2.0,0,0.0,0.0,25.0,1
4154.8,4880.68,725.88,15.78,94105,37.789168,-122.395009,0.0,93.7,855.0,0,46,0.0,2.0,2.0,2.0,0,0.0,2.0,3.0,1
5224.35,8373.29,3008.94,45.59,91362,34.191842,-118.822796,0.0,80.45,992.0,0,66,0.0,0.0,2.0,2.0,0,0.0,0.0,24.0,1
866.4,1015.45,149.05,13.55,96118,39.637471,-120.226338,0.0,75.9,561.0,0,11,0.0,0.0,2.0,2.0,0,0.0,0.0,27.0,0
4285.8,6452.75,2160.9,48.02,95981,39.58458,-121.093256,2.0,95.2,958.0,3,45,2.0,0.0,0.0,2.0,0,0.0,2.0,18.0,0
435.4,931.2,495.8,49.58,92122,32.85723,-117.209774,0.0,44.85,852.0,0,10,0.0,0.0,0.0,1.0,0,0.0,0.0,17.0,1
898.35,1312.05,413.7,41.37,92027,33.141265,-116.967221,0.0,95.35,305.0,0,10,0.0,0.0,0.0,2.0,0,0.0,0.0,14.0,1
84.2,240.36,156.16,39.04,96069,40.689243,-122.037023,0.0,18.85,684.0,1,4,1.0,1.0,1.0,3.0,1,1.0,1.0,0.0,0
174.3,184.3,0.0,0.0,95045,36.810568,-121.503022,0.0,44.55,862.0,0,4,0.0,0.0,0.0,0.0,0,0.0,2.0,20.0,1
38.0,106.76,68.76,34.38,92346,34.129677,-117.154277,0.0,20.0,420.0,10,2,1.0,1.0,1.0,3.0,0,1.0,1.0,0.0,0
865.75,1606.09,740.34,41.13,95688,38.419088,-122.024568,1.0,49.85,1022.0,0,18,0.0,0.0,2.0,0.0,0,0.0,0.0,23.0,0
5646.6,6747.08,1010.48,14.86,95735,38.805481,-120.13287,2.0,82.45,1017.0,0,68,2.0,2.0,2.0,0.0,0,2.0,2.0,59.0,0
1672.15,2656.38,984.23,14.69,95625,38.349195,-121.902943,2.0,25.1,298.0,0,67,1.0,1.0,1.0,3.0,0,1.0,1.0,0.0,0
181.1,244.04,52.94,26.47,92117,32.825086,-117.199424,0.0,80.2,852.0,0,2,0.0,0.0,0.0,2.0,0,0.0,2.0,10.0,1
2324.7,2942.3,617.6,19.3,95210,38.033219,-121.297433,0.0,75.5,954.0,6,32,0.0,2.0,0.0,2.0,0,0.0,0.0,47.0,0
19.05,24.07,5.02,5.02,90260,33.88856,-118.351813,0.0,19.05,516.0,0,1,1.0,1.0,1.0,3.0,0,1.0,1.0,0.0,0
2971.7,3714.5,742.8,18.57,93645,37.140104,-119.657092,0.0,74.8,682.0,0,40,0.0,0.0,2.0,2.0,0,0.0,0.0,15.0,0
2134.3,2134.3,0.0,0.0,91962,32.800671,-116.483363,1.0,29.8,754.0,7,69,0.0,0.0,0.0,1.0,0,2.0,0.0,13.0,0
5509.3,7665.2,2055.9,37.38,93706,36.654614,-119.903674,1.0,100.0,349.0,0,55,0.0,0.0,0.0,2.0,0,2.0,2.0,7.0,1
1261.35,1613.67,352.32,22.02,96128,40.346634,-120.386422,2.0,74.45,947.0,0,16,0.0,0.0,0.0,2.0,0,0.0,0.0,5.0,0
3419.5,5953.43,2533.93,47.81,93650,36.841655,-119.797113,1.0,62.85,349.0,0,53,2.0,2.0,2.0,0.0,2,0.0,0.0,59.0,0
832.05,1276.14,456.9,45.69,94946,38.065359,-122.665566,0.0,84.7,664.0,0,10,0.0,2.0,0.0,2.0,0,0.0,0.0,18.0,1
229.7,305.9,76.2,25.4,93635,36.995162,-120.955099,0.0,70.25,553.0,0,3,0.0,0.0,0.0,2.0,0,0.0,0.0,10.0,0
1554.0,2260.42,706.42,32.11,95645,38.875508,-121.765866,0.0,69.25,479.0,1,22,0.0,0.0,0.0,2.0,0,0.0,0.0,52.0,1
1129.1,1273.3,144.2,10.3,94571,38.148862,-121.737696,0.0,89.8,822.0,0,14,0.0,0.0,0.0,2.0,0,0.0,2.0,29.0,1
4872.35,7008.95,2056.6,29.38,90044,33.952714,-118.292061,2.0,69.2,552.0,8,70,0.0,2.0,2.0,1.0,0,0.0,0.0,23.0,0
4138.7,4089.47,0.0,0.0,96011,41.096569,-121.879082,1.0,60.35,82.0,1,70,2.0,0.0,2.0,0.0,3,2.0,2.0,47.0,0
2890.65,3678.57,787.92,28.14,94027,37.454924,-122.203168,0.0,103.3,45.0,0,28,2.0,0.0,0.0,2.0,0,2.0,0.0,10.0,1
75.9,120.46,44.56,44.56,92592,33.507255,-117.029473,0.0,75.9,984.0,0,1,2.0,0.0,0.0,2.0,0,0.0,0.0,27.0,1
264.8,307.64,42.84,14.28,90047,33.958149,-118.308441,0.0,85.3,552.0,0,3,0.0,0.0,0.0,2.0,0,0.0,2.0,21.0,1
239.55,291.07,51.52,12.88,90062,34.003553,-118.308933,0.0,50.85,552.0,1,4,0.0,0.0,0.0,0.0,1,0.0,0.0,22.0,1
2104.55,3162.71,1018.16,46.28,93932,35.989792,-121.055933,0.0,94.65,538.0,0,22,0.0,0.0,0.0,2.0,0,0.0,2.0,16.0,1
237.7,533.05,295.35,26.85,92249,32.730583,-115.501083,1.0,20.05,410.0,0,11,1.0,1.0,1.0,3.0,0,1.0,1.0,0.0,0
55.0,87.74,32.74,32.74,95971,39.971228,-121.041166,0.0,55.0,790.0,0,1,0.0,0.0,0.0,1.0,0,0.0,0.0,26.0,1
302.75,519.87,177.12,44.28,95817,38.550722,-121.457314,0.0,80.85,838.0,1,4,0.0,0.0,0.0,2.0,0,0.0,2.0,59.0,1
6056.15,8116.4,2060.25,30.75,92129,32.961064,-117.134917,1.0,90.6,852.0,1,67,0.0,2.0,2.0,2.0,0,0.0,2.0,5.0,1
155.8,166.44,10.64,5.32,92122,32.85723,-117.209774,0.0,80.6,852.0,0,2,0.0,0.0,0.0,2.0,0,2.0,0.0,20.0,1
2751.0,2781.0,0.0,0.0,91915,32.605012,-116.97595,0.0,43.85,189.0,0,64,2.0,0.0,2.0,1.0,0,0.0,0.0,21.0,0
1258.15,3066.55,1808.4,30.14,92249,32.730583,-115.501083,2.0,19.95,410.0,7,60,1.0,1.0,1.0,3.0,0,1.0,1.0,0.0,0
74.7,96.61,21.91,21.91,92377,34.156758,-117.404686,0.0,74.7,814.0,0,1,0.0,0.0,2.0,2.0,0,0.0,0.0,8.0,1
7053.35,10016.95,2963.6,47.8,90045,33.954017,-118.402447,1.0,110.75,552.0,0,62,2.0,0.0,2.0,2.0,0,2.0,2.0,8.0,0
2758.15,4134.55,1376.4,45.88,92129,32.961064,-117.134917,0.0,91.7,852.0,0,30,0.0,2.0,2.0,2.0,0,2.0,0.0,19.0,1
89.3,119.53,30.23,30.23,93664,37.223,-119.001021,0.0,89.3,910.0,0,1,0.0,0.0,0.0,2.0,0,0.0,0.0,30.0,1
3937.45,3937.45,0.0,0.0,95837,38.691607,-121.602284,2.0,54.2,838.0,1,72,0.0,0.0,2.0,0.0,0,2.0,2.0,15.0,1
661.55,851.54,189.99,21.11,95476,38.25485,-122.461799,0.0,75.6,933.0,0,9,0.0,2.0,0.0,2.0,0,0.0,0.0,6.0,0
118.5,118.5,0.0,0.0,95361,37.785033,-120.776141,0.0,29.65,686.0,0,4,0.0,0.0,0.0,1.0,0,2.0,2.0,48.0,1
221.7,341.15,119.45,23.89,92660,33.634626,-117.874882,0.0,46.0,662.0,0,5,0.0,0.0,0.0,1.0,1,0.0,0.0,14.0,1
42.9,46.92,4.02,4.02,93201,35.869626,-119.498771,0.0,42.9,15.0,0,1,0.0,0.0,0.0,0.0,0,0.0,0.0,11.0,1
2635.0,4319.0,1684.0,42.1,92220,33.936298,-116.849577,1.0,63.9,60.0,4,40,0.0,0.0,2.0,1.0,0,0.0,0.0,52.0,0
1901.0,3476.49,1575.49,22.19,93720,36.878709,-119.7645,2.0,24.85,349.0,0,71,1.0,1.0,1.0,3.0,0,1.0,1.0,0.0,0
29.7,29.7,0.0,0.0,95127,37.375156,-121.795867,0.0,29.7,861.0,0,1,0.0,2.0,0.0,0.0,0,0.0,0.0,69.0,1
319.6,398.96,79.36,19.84,95664,38.803731,-121.043799,0.0,82.85,752.0,0,4,0.0,0.0,0.0,2.0,0,2.0,2.0,73.0,0
1463.5,1570.9,107.4,5.37,93928,35.930782,-121.189757,0.0,73.65,459.0,1,20,0.0,0.0,2.0,2.0,0,0.0,0.0,24.0,1
930.4,1286.7,356.3,35.63,96037,41.528541,-122.955018,0.0,95.2,383.0,0,10,0.0,0.0,0.0,2.0,0,0.0,2.0,18.0,1
221.35,585.01,363.66,33.06,90740,33.75462,-118.071128,0.0,20.1,900.0,0,11,1.0,1.0,1.0,3.0,3,1.0,1.0,0.0,1
228.0,276.87,48.87,16.29,90502,33.833181,-118.292062,0.0,74.1,999.0,1,3,0.0,0.0,0.0,2.0,0,0.0,0.0,24.0,1
453.75,638.15,184.4,36.88,92126,32.886925,-117.152162,0.0,84.5,852.0,3,5,0.0,2.0,0.0,2.0,0,2.0,0.0,8.0,1
416.45,557.03,140.58,15.62,92108,32.774046,-117.142454,0.0,45.15,852.0,0,9,0.0,0.0,0.0,1.0,0,0.0,0.0,2.0,1
402.5,509.0,96.5,19.3,95490,39.492046,-123.375818,0.0,75.6,1072.0,0,5,0.0,0.0,0.0,2.0,0,0.0,0.0,25.0,0
7325.1,10481.58,3156.48,43.84,95828,38.486938,-121.395805,2.0,100.55,838.0,5,72,2.0,2.0,2.0,2.0,0,0.0,2.0,15.0,0
2566.5,2789.25,222.75,8.91,92122,32.85723,-117.209774,0.0,104.95,852.0,1,25,2.0,0.0,0.0,2.0,0,2.0,2.0,10.0,1
2497.35,2715.85,218.5,5.75,90024,34.066303,-118.435479,1.0,70.15,552.0,0,38,2.0,0.0,2.0,0.0,0,2.0,0.0,30.0,1
147.15,239.61,92.46,46.23,91731,34.079934,-118.046695,0.0,70.4,289.0,1,2,0.0,0.0,0.0,2.0,0,0.0,0.0,21.0,1
5129.3,6170.0,1063.04,16.61,95979,39.288127,-122.415841,2.0,81.3,955.0,6,64,2.0,2.0,2.0,0.0,0,2.0,2.0,4.0,0
443.9,617.7,173.8,43.45,92610,33.698728,-117.67768,1.0,105.65,330.0,0,4,2.0,0.0,2.0,2.0,0,2.0,2.0,52.0,1
470.6,470.6,0.0,0.0,94306,37.416159,-122.131337,1.0,41.6,723.0,0,11,0.0,0.0,0.0,1.0,0,2.0,0.0,5.0,1
5468.45,8688.29,3129.84,43.47,93631,36.478239,-119.52137,2.0,76.8,474.0,5,72,0.0,0.0,0.0,0.0,0,2.0,2.0,9.0,0
145.15,202.37,57.22,28.61,95559,40.184094,-123.745487,0.0,79.45,748.0,0,2,0.0,0.0,2.0,2.0,0,0.0,0.0,85.0,0
4784.45,4784.45,0.0,0.0,92304,34.559882,-115.637164,2.0,65.2,22.0,5,72,2.0,2.0,2.0,1.0,0,2.0,2.0,30.0,0
54.35,79.74,25.39,25.39,92359,34.103578,-117.04054,0.0,54.35,601.0,0,1,0.0,0.0,0.0,1.0,0,2.0,0.0,52.0,1
246.5,343.79,97.29,32.43,91789,34.018354,-117.85492,0.0,79.1,1042.0,0,3,0.0,2.0,2.0,2.0,0,0.0,0.0,2.0,1
1531.4,1950.84,419.44,29.96,93621,36.789213,-119.140338,0.0,104.85,274.0,0,14,0.0,0.0,2.0,2.0,0,2.0,0.0,7.0,1
7455.45,9105.93,1650.48,23.92,92233,33.143826,-115.497485,2.0,110.5,134.0,0,69,2.0,0.0,2.0,2.0,0,2.0,2.0,42.0,0
117.95,134.8,16.85,3.37,92086,33.323705,-116.626907,0.0,20.15,1045.0,0,5,1.0,1.0,1.0,3.0,0,1.0,1.0,0.0,0
4226.7,4512.79,286.09,4.69,95133,37.371862,-121.860349,2.0,69.9,861.0,1,61,0.0,2.0,0.0,0.0,0,2.0,2.0,4.0,0
1021.8,3027.85,2006.05,37.85,95934,40.080342,-120.957805,1.0,20.8,228.0,1,53,1.0,1.0,1.0,3.0,0,1.0,1.0,0.0,1
6428.4,8943.43,2515.03,41.23,92823,33.924143,-117.79387,2.0,106.6,109.0,0,61,2.0,0.0,0.0,2.0,0,2.0,2.0,28.0,1
705.45,1307.45,602.0,17.2,95959,39.333737,-120.858667,2.0,21.45,655.0,0,35,1.0,1.0,1.0,3.0,0,1.0,1.0,0.0,0
435.4,931.2,495.8,49.58,92122,32.85723,-117.209774,0.0,44.85,852.0,0,10,0.0,0.0,0.0,1.0,0,0.0,0.0,17.0,1
8306.05,9900.53,1576.08,21.89,92886,33.897253,-117.792202,2.0,114.55,1095.0,1,72,2.0,2.0,2.0,2.0,3,2.0,2.0,58.0,0
53.5,68.08,14.58,14.58,95736,39.00978,-120.978273,0.0,53.5,1052.0,0,1,0.0,0.0,0.0,1.0,0,0.0,0.0,73.0,1
4310.35,4310.35,0.0,0.0,95765,38.823278,-121.281856,2.0,61.4,828.0,2,71,2.0,0.0,2.0,1.0,0,2.0,2.0,27.0,0
4323.45,5004.69,681.24,16.22,96063,40.408796,-121.579609,0.0,104.75,614.0,0,42,0.0,0.0,2.0,2.0,0,2.0,0.0,12.0,1
48.95,83.35,34.4,34.4,96027,41.405193,-123.008567,0.0,48.95,308.0,0,1,0.0,0.0,0.0,0.0,2,2.0,2.0,52.0,1
5032.25,6541.55,1509.3,33.54,91754,34.050322,-118.147037,1.0,113.3,629.0,1,45,2.0,2.0,2.0,2.0,0,2.0,2.0,4.0,0
2595.85,2717.05,121.2,4.04,91745,33.998471,-117.973758,2.0,90.5,398.0,0,30,0.0,2.0,0.0,2.0,0,0.0,0.0,14.0,0
1391.65,1391.65,0.0,0.0,90077,34.102084,-118.451629,1.0,35.45,552.0,10,41,2.0,0.0,2.0,0.0,0,0.0,0.0,17.0,0
3767.4,4718.22,950.82,24.38,96107,38.42528,-119.475741,0.0,99.95,205.0,1,39,2.0,0.0,0.0,2.0,3,0.0,2.0,53.0,0
2908.2,3466.34,558.14,12.98,95717,39.170376,-120.838404,1.0,64.85,371.0,6,43,2.0,0.0,0.0,1.0,0,0.0,0.0,8.0,0
3673.15,4972.5,1299.35,19.99,90265,34.074572,-118.831181,0.0,55.15,573.0,7,65,0.0,2.0,0.0,1.0,0,2.0,0.0,26.0,0
502.85,719.57,216.72,36.12,92549,33.755039,-116.741796,0.0,80.5,439.0,1,6,2.0,0.0,0.0,2.0,0,0.0,0.0,23.0,1
4685.55,4685.55,0.0,0.0,92242,34.137742,-114.36514,2.0,63.1,281.0,8,72,2.0,2.0,2.0,0.0,0,2.0,2.0,26.0,0
1696.2,1978.2,232.0,8.0,94946,38.065359,-122.665566,1.0,58.75,664.0,0,29,2.0,2.0,2.0,1.0,0,0.0,0.0,9.0,0
73.45,106.97,33.52,8.38,90272,34.079449,-118.548306,0.0,19.0,714.0,0,4,1.0,1.0,1.0,3.0,0,1.0,1.0,0.0,0
5890.0,7321.93,1431.93,24.27,93616,36.657462,-119.595293,1.0,99.5,249.0,0,59,0.0,0.0,0.0,2.0,0,2.0,2.0,9.0,0
1789.25,2533.78,624.53,32.87,94609,37.834341,-122.26437,0.0,95.15,688.0,0,19,0.0,2.0,2.0,2.0,0,0.0,2.0,17.0,1
102.75,187.85,85.1,42.55,95925,39.461768,-121.195825,0.0,55.05,180.0,0,2,2.0,0.0,2.0,1.0,0,0.0,0.0,30.0,1
5509.3,7665.2,2055.9,37.38,93706,36.654614,-119.903674,1.0,100.0,349.0,0,55,0.0,0.0,0.0,2.0,0,2.0,2.0,7.0,1
4534.9,6381.54,1846.64,45.04,92705,33.766004,-117.786763,1.0,111.95,881.0,1,41,2.0,0.0,2.0,0.0,0,2.0,0.0,29.0,1
573.3,860.82,287.52,47.92,91764,34.074087,-117.605618,0.0,89.5,700.0,0,6,0.0,0.0,0.0,2.0,0,0.0,2.0,25.0,1
7028.5,7156.15,127.65,1.85,92673,33.4725,-117.584273,2.0,104.0,851.0,0,69,2.0,0.0,0.0,2.0,0,2.0,2.0,13.0,0
170.85,209.39,38.54,19.27,95681,38.984756,-121.345074,0.0,93.85,912.0,0,2,0.0,0.0,0.0,2.0,0,0.0,0.0,18.0,1
3264.5,3935.58,671.08,17.66,90712,33.840524,-118.148403,0.0,84.25,509.0,0,38,2.0,0.0,2.0,2.0,0,2.0,2.0,41.0,1
1861.1,2588.75,727.65,20.79,95717,39.170376,-120.838404,0.0,56.85,371.0,7,35,2.0,0.0,2.0,1.0,0,0.0,0.0,69.0,0
2018.1,3048.48,1030.38,39.63,92315,34.242058,-116.89802,1.0,75.5,81.0,0,26,0.0,0.0,2.0,2.0,0,0.0,0.0,29.0,0
1734.65,3148.73,1414.08,19.64,91364,34.153733,-118.593408,2.0,24.1,1091.0,0,72,1.0,1.0,1.0,3.0,1,1.0,1.0,0.0,0
255.5,808.22,552.72,46.06,93669,37.287758,-119.548156,0.0,20.5,1084.0,6,12,1.0,1.0,1.0,3.0,1,1.0,1.0,0.0,0
49.65,93.83,4.18,4.18,93105,34.037342,-119.80079,0.0,49.65,882.0,0,1,0.0,0.0,0.0,1.0,0,2.0,0.0,8.0,1
1563.9,2353.38,789.48,46.44,93219,35.858054,-119.305858,2.0,94.8,280.0,7,17,0.0,0.0,0.0,2.0,0,0.0,0.0,13.0,0
664.4,664.4,0.0,0.0,93546,37.550074,-118.837167,0.0,38.9,574.0,0,16,0.0,2.0,0.0,1.0,0,0.0,0.0,30.0,0
219.0,219.0,0.0,0.0,95635,38.921333,-120.897718,0.0,43.25,385.0,0,5,2.0,2.0,2.0,0.0,0,2.0,0.0,59.0,1
7939.25,9151.65,1212.4,17.32,91342,34.321621,-118.399841,2.0,113.65,974.0,0,70,2.0,2.0,2.0,2.0,0,2.0,2.0,30.0,0
563.05,1748.29,1185.24,42.33,95585,39.873371,-123.741474,0.0,20.5,521.0,3,28,1.0,1.0,1.0,3.0,0,1.0,1.0,0.0,0
1382.9,1512.9,0.0,0.0,91737,34.245289,-117.642503,1.0,36.0,795.0,0,40,2.0,0.0,2.0,0.0,0,0.0,0.0,12.0,0
5991.05,7176.15,1185.1,16.93,93274,36.185471,-119.375243,2.0,84.7,1008.0,0,70,0.0,2.0,2.0,1.0,0,2.0,2.0,10.0,0
19.3,68.5,49.2,49.2,93067,34.420998,-119.60137,0.0,19.3,963.0,0,1,1.0,1.0,1.0,3.0,0,1.0,1.0,0.0,1
235.5,252.12,16.62,5.54,92126,32.886925,-117.152162,0.0,70.3,852.0,0,3,0.0,0.0,0.0,2.0,0,0.0,0.0,16.0,1
818.05,1313.05,495.0,49.5,93612,36.814539,-119.711868,0.0,81.0,200.0,0,10,0.0,0.0,2.0,2.0,0,0.0,0.0,19.0,1
262.05,410.25,148.2,49.4,95240,38.123544,-121.159078,0.0,88.35,539.0,0,3,2.0,0.0,0.0,2.0,0,2.0,0.0,10.0,1
3326.2,5181.86,1855.66,45.26,95251,38.055562,-120.456298,0.0,79.9,1024.0,1,41,2.0,2.0,2.0,0.0,3,2.0,2.0,56.0,1
3009.5,4712.42,1702.92,37.02,93628,36.807595,-118.901544,2.0,64.2,433.0,1,46,2.0,0.0,2.0,1.0,0,0.0,0.0,6.0,0
186.05,229.85,43.8,21.9,90045,33.954017,-118.402447,2.0,84.05,552.0,0,2,0.0,0.0,0.0,2.0,0,0.0,0.0,22.0,0
1856.4,4049.5,2193.1,31.33,93901,36.64152,-121.622188,1.0,26.05,841.0,0,70,1.0,1.0,1.0,3.0,0,1.0,1.0,0.0,0
79.5,128.47,48.97,48.97,92629,33.477923,-117.705314,0.0,79.5,240.0,0,1,0.0,0.0,0.0,2.0,0,0.0,0.0,23.0,1
2628.6,4195.0,1566.4,48.95,95835,38.685069,-121.543709,0.0,85.95,838.0,0,32,0.0,0.0,0.0,2.0,0,0.0,0.0,9.0,1
4186.3,4473.58,287.28,6.84,96017,41.121108,-122.336613,0.0,94.2,169.0,1,42,0.0,0.0,0.0,2.0,0,0.0,2.0,27.0,1
2542.45,2614.45,72.0,3.0,92539,33.527605,-116.666551,0.0,104.65,31.0,2,24,0.0,0.0,2.0,2.0,0,2.0,2.0,15.0,1
20.05,31.15,11.1,11.1,92335,34.087558,-117.464096,0.0,20.05,329.0,0,1,1.0,1.0,1.0,3.0,0,1.0,1.0,0.0,0
5364.8,5599.97,281.84,5.42,96003,40.677649,-122.29467,0.0,103.05,805.0,0,52,0.0,0.0,2.0,2.0,0,2.0,2.0,22.0,0
242.0,295.61,53.61,17.87,92338,34.702766,-116.093376,0.0,75.25,564.0,0,3,0.0,0.0,0.0,2.0,0,0.0,0.0,25.0,1
303.7,368.7,35.0,8.75,95443,39.045246,-122.743181,1.0,80.25,368.0,0,4,0.0,2.0,0.0,2.0,0,0.0,0.0,4.0,0
854.8,2125.03,1270.23,32.57,95634,38.9386,-120.785514,2.0,19.85,360.0,3,39,1.0,1.0,1.0,3.0,1,1.0,1.0,0.0,0
6519.75,9358.83,2839.08,48.12,91321,34.370378,-118.504118,0.0,111.35,660.0,0,59,2.0,0.0,2.0,2.0,0,2.0,2.0,51.0,0
88.8,148.4,49.6,49.6,96084,40.923558,-122.059933,0.0,88.8,835.0,0,1,0.0,0.0,0.0,2.0,0,2.0,0.0,20.0,1
1054.6,1161.5,86.9,3.95,95442,38.368744,-122.522642,0.0,48.8,364.0,0,22,0.0,2.0,0.0,1.0,0,0.0,0.0,30.0,1
2618.3,2618.3,0.0,0.0,94963,38.00474,-122.663717,2.0,43.7,857.0,0,62,2.0,2.0,2.0,1.0,0,2.0,0.0,51.0,0
131.65,162.29,30.64,15.32,93287,35.710244,-118.881679,0.0,69.6,1092.0,0,2,0.0,0.0,0.0,2.0,0,0.0,0.0,21.0,1
2106.05,3832.45,1746.85,35.65,90040,33.994524,-118.149953,2.0,43.8,552.0,0,49,0.0,0.0,0.0,1.0,0,0.0,0.0,3.0,0
223.45,223.45,0.0,0.0,91789,34.018354,-117.85492,0.0,40.0,1042.0,0,5,2.0,2.0,0.0,0.0,0,2.0,2.0,59.0,1
941.0,1226.6,285.6,20.4,95134,37.42765,-121.945416,0.0,64.7,861.0,1,14,0.0,2.0,0.0,1.0,0,0.0,0.0,30.0,1
1275.6,2284.19,1008.59,19.03,90303,33.936291,-118.332639,2.0,25.1,446.0,1,53,1.0,1.0,1.0,3.0,0,1.0,1.0,0.0,0
2003.6,2421.8,418.2,12.3,93609,36.5276,-119.865999,0.0,60.85,164.0,5,34,2.0,2.0,0.0,1.0,0,0.0,0.0,26.0,0
1147.45,1267.3,119.85,7.99,91020,34.2112,-118.230625,0.0,75.3,631.0,0,15,0.0,0.0,2.0,2.0,0,0.0,0.0,27.0,1
4124.65,6860.65,2736.0,48.0,91354,34.457005,-118.573726,2.0,70.35,1023.0,1,57,2.0,2.0,2.0,0.0,0,0.0,0.0,24.0,0
5243.05,6227.11,984.06,15.62,95822,38.512569,-121.495184,1.0,83.0,838.0,0,63,2.0,2.0,2.0,1.0,0,2.0,0.0,18.0,0
168.15,256.02,87.87,29.29,95062,36.974575,-121.991149,0.0,56.15,885.0,1,3,0.0,0.0,2.0,0.0,0,2.0,2.0,52.0,1
18.85,59.34,40.49,40.49,95984,40.022184,-121.062384,0.0,18.85,1014.0,0,1,1.0,1.0,1.0,3.0,0,1.0,1.0,0.0,1
4479.2,7162.37,2683.17,42.59,93308,35.559617,-118.925185,2.0,71.9,56.0,0,63,2.0,2.0,0.0,1.0,0,2.0,2.0,85.0,0
38.7,88.12,49.42,24.71,92270,33.763678,-116.429928,0.0,20.65,796.0,0,2,1.0,1.0,1.0,3.0,0,1.0,1.0,0.0,1
2157.95,3053.6,895.65,42.65,93501,35.097323,-118.171288,0.0,104.4,621.0,1,21,0.0,0.0,2.0,2.0,0,2.0,2.0,3.0,1
6383.35,6824.17,440.82,7.11,94558,38.489789,-122.27011,1.0,103.75,651.0,1,62,0.0,0.0,2.0,2.0,0,2.0,2.0,16.0,1
1043.8,1765.94,672.14,48.01,92832,33.868316,-117.929029,0.0,78.85,351.0,0,14,0.0,2.0,2.0,2.0,0,0.0,0.0,2.0,0
1961.6,2845.78,884.18,40.19,91766,34.042286,-117.756106,2.0,85.35,776.0,7,22,0.0,0.0,0.0,2.0,1,0.0,0.0,27.0,0
3634.8,3730.68,95.88,2.82,96113,40.198234,-120.18089,0.0,105.1,416.0,0,34,2.0,0.0,2.0,2.0,0,2.0,2.0,2.0,0
815.5,1093.14,277.64,25.24,92808,33.850452,-117.726668,0.0,74.95,23.0,0,11,0.0,0.0,2.0,2.0,0,0.0,0.0,29.0,1
1607.2,2045.63,438.43,25.79,94703,37.863843,-122.275684,0.0,94.4,74.0,1,17,0.0,2.0,0.0,0.0,0,2.0,0.0,12.0,1
2952.85,3600.42,647.57,22.33,95209,38.044523,-121.348048,0.0,99.05,954.0,1,29,0.0,0.0,0.0,2.0,0,2.0,2.0,6.0,1
20.4,66.31,45.91,45.91,93312,35.392599,-119.245341,0.0,20.4,56.0,0,1,1.0,1.0,1.0,3.0,0,1.0,1.0,0.0,0
74.0,97.7,23.7,23.7,93612,36.814539,-119.711868,0.0,74.0,200.0,0,1,2.0,0.0,0.0,2.0,0,0.0,0.0,25.0,0
89.1,105.16,16.06,16.06,94619,37.787186,-122.14633,0.0,89.1,688.0,0,1,0.0,0.0,0.0,2.0,0,0.0,2.0,3.0,1
4733.1,7074.43,2311.33,47.17,94547,37.991259,-122.214945,0.0,93.85,415.0,1,49,0.0,2.0,2.0,2.0,0,0.0,0.0,26.0,0
75.8,90.28,14.48,14.48,95422,38.965804,-122.631779,0.0,75.8,194.0,0,1,0.0,0.0,2.0,2.0,0,0.0,0.0,26.0,1
1498.2,2219.51,770.88,35.04,96009,41.083464,-121.107929,1.0,69.5,78.0,1,22,0.0,0.0,2.0,1.0,0,0.0,2.0,76.0,1
1010.0,1311.65,301.65,20.11,92880,33.918043,-117.617809,1.0,65.6,217.0,0,15,2.0,2.0,2.0,0.0,0,2.0,2.0,73.0,0
2030.3,2907.77,887.67,42.27,92239,33.889605,-115.257009,0.0,70.5,254.0,0,21,0.0,0.0,0.0,2.0,0,2.0,0.0,7.0,1
84.65,146.95,22.3,22.3,92505,33.920907,-117.489426,0.0,84.65,827.0,0,1,0.0,0.0,0.0,2.0,0,0.0,0.0,51.0,1
7856.0,9465.56,1609.56,23.67,93060,34.402343,-119.094824,2.0,113.15,890.0,1,68,2.0,2.0,2.0,2.0,0,2.0,2.0,22.0,1
179.85,304.37,124.52,31.13,95007,37.106902,-122.100006,2.0,48.75,114.0,0,4,0.0,0.0,0.0,1.0,0,0.0,0.0,15.0,0
999.45,1077.84,78.39,6.03,92173,32.555828,-117.040073,0.0,75.0,879.0,0,13,0.0,0.0,0.0,2.0,0,0.0,2.0,48.0,1
1304.8,1492.72,187.92,2.61,94303,37.45809,-122.115398,2.0,19.3,723.0,3,72,1.0,1.0,1.0,3.0,0,1.0,1.0,0.0,0
526.95,526.95,0.0,0.0,94933,38.010092,-122.689442,0.0,43.65,333.0,0,12,2.0,0.0,0.0,1.0,0,2.0,0.0,10.0,1
69.7,91.22,21.52,21.52,91763,34.072121,-117.698319,0.0,69.7,625.0,0,1,0.0,0.0,0.0,2.0,0,0.0,0.0,25.0,1
242.95,347.78,94.83,31.61,94965,37.848641,-122.515692,0.0,91.5,896.0,1,3,0.0,0.0,2.0,2.0,0,0.0,2.0,20.0,1
4884.85,6494.41,1611.39,28.27,93022,34.404544,-119.302118,0.0,87.55,685.0,0,57,2.0,2.0,2.0,2.0,0,0.0,0.0,41.0,0
4804.75,5901.31,1096.56,15.23,95527,40.854512,-123.450097,2.0,64.75,122.0,7,72,2.0,2.0,2.0,1.0,0,0.0,0.0,26.0,0
3343.15,4533.15,1190.0,35.0,92660,33.634626,-117.874882,1.0,99.85,662.0,0,34,0.0,0.0,2.0,2.0,0,2.0,0.0,12.0,0
70.15,72.39,2.24,2.24,92692,33.60693,-117.644253,0.0,70.15,619.0,0,1,0.0,0.0,0.0,2.0,0,0.0,0.0,6.0,1
70.6,97.72,27.12,27.12,92126,32.886925,-117.152162,0.0,70.6,852.0,0,1,0.0,0.0,0.0,2.0,0,0.0,0.0,23.0,1
7382.25,8423.82,1041.57,14.67,90019,34.049841,-118.33846,2.0,106.7,552.0,0,71,0.0,2.0,0.0,2.0,0,2.0,2.0,7.0,0
146.6,283.32,136.72,17.09,93615,36.497895,-119.285484,2.0,19.85,236.0,8,8,1.0,1.0,1.0,3.0,0,1.0,1.0,0.0,0
743.5,1008.36,264.86,6.97,92116,32.765299,-117.122565,2.0,20.4,852.0,8,38,1.0,1.0,1.0,3.0,0,1.0,1.0,0.0,0
8349.45,10920.57,2571.12,35.71,93940,36.362741,-121.869685,2.0,115.15,628.0,4,72,2.0,2.0,2.0,2.0,0,2.0,2.0,58.0,0
4250.1,6185.06,1934.96,28.88,92084,33.22784,-117.200024,2.0,64.55,1039.0,0,67,2.0,2.0,2.0,1.0,0,0.0,0.0,11.0,0
4284.8,5581.55,1296.75,33.25,95128,37.316146,-121.936285,0.0,105.65,861.0,1,39,0.0,0.0,2.0,2.0,0,2.0,2.0,26.0,1
1534.05,4033.88,2499.83,42.37,93452,35.746484,-121.223355,2.0,25.45,878.0,0,59,1.0,1.0,1.0,3.0,2,1.0,1.0,0.0,0
2661.1,4248.3,1587.2,49.6,91030,34.110444,-118.156957,0.0,85.3,941.0,1,32,0.0,0.0,0.0,2.0,0,0.0,2.0,10.0,1
463.6,463.6,0.0,0.0,93602,36.991762,-119.242874,1.0,50.8,47.0,0,9,2.0,2.0,0.0,1.0,0,2.0,2.0,14.0,0
541.15,868.68,327.53,46.79,95305,37.818589,-120.256995,0.0,74.9,84.0,0,7,0.0,0.0,0.0,2.0,0,0.0,0.0,25.0,1
4131.95,5555.15,1423.2,35.58,92563,33.581045,-117.14719,0.0,104.8,649.0,0,40,2.0,0.0,0.0,2.0,0,2.0,2.0,8.0,1
1539.45,1865.68,326.23,19.19,96125,39.600599,-120.636358,0.0,89.4,917.0,1,17,0.0,2.0,0.0,2.0,0,2.0,0.0,22.0,1
2243.9,2348.67,107.01,3.69,95035,37.441931,-121.878502,1.0,75.35,613.0,0,29,2.0,0.0,0.0,0.0,0,2.0,2.0,27.0,0
4523.25,4594.46,114.1,1.63,95037,37.161544,-121.649371,2.0,64.95,635.0,1,70,2.0,2.0,2.0,1.0,0,2.0,0.0,41.0,0
526.7,811.17,274.47,39.21,91367,34.178068,-118.615714,0.0,80.3,1091.0,0,7,0.0,0.0,0.0,2.0,0,0.0,2.0,42.0,1
6363.45,9150.54,2787.09,45.69,91352,34.231053,-118.338307,1.0,104.0,965.0,0,61,0.0,2.0,0.0,2.0,0,2.0,2.0,48.0,0
1446.8,3448.16,2001.36,32.28,95360,37.343846,-121.039391,1.0,23.75,661.0,6,62,1.0,1.0,1.0,3.0,0,1.0,1.0,0.0,0
723.4,1132.09,408.69,45.41,90069,34.093781,-118.381061,0.0,79.55,1058.0,0,9,0.0,0.0,0.0,2.0,0,0.0,2.0,23.0,1
53.5,68.08,14.58,14.58,95736,39.00978,-120.978273,0.0,53.5,1052.0,0,1,0.0,0.0,0.0,1.0,0,0.0,0.0,73.0,1
291.9,321.75,29.85,9.95,92278,34.457829,-116.139589,0.0,96.6,1016.0,0,3,0.0,0.0,0.0,2.0,0,0.0,2.0,13.0,1
805.1,945.1,0.0,0.0,92122,32.85723,-117.209774,0.0,30.75,852.0,0,27,0.0,2.0,0.0,0.0,0,0.0,0.0,13.0,1
1414.2,1731.37,317.17,13.79,92807,33.848733,-117.788357,2.0,59.7,23.0,6,23,2.0,0.0,2.0,0.0,0,0.0,0.0,17.0,0
31.9,102.74,70.84,35.42,91042,34.296574,-118.244839,1.0,20.3,1007.0,2,2,1.0,1.0,1.0,3.0,2,1.0,1.0,0.0,0
85.05,101.42,16.37,16.37,95460,39.305545,-123.743697,0.0,85.05,598.0,0,1,0.0,0.0,0.0,2.0,0,0.0,2.0,7.0,1
257.0,469.55,212.55,16.35,91506,34.169706,-118.323548,1.0,19.95,119.0,0,13,1.0,1.0,1.0,3.0,0,1.0,1.0,0.0,0
780.15,780.15,0.0,0.0,96055,40.059385,-122.091481,0.0,36.0,555.0,0,21,2.0,0.0,2.0,1.0,0,0.0,0.0,9.0,0
620.55,853.84,223.29,24.81,95953,39.258746,-121.77697,0.0,66.25,533.0,0,9,2.0,0.0,2.0,0.0,0,0.0,0.0,69.0,1
999.9,1104.62,104.72,9.52,95324,37.394536,-120.890747,0.0,94.2,421.0,0,11,2.0,0.0,2.0,2.0,0,2.0,2.0,4.0,0
6042.7,7885.26,1762.56,24.48,90032,34.078821,-118.177576,2.0,83.3,552.0,3,72,2.0,2.0,0.0,0.0,3,2.0,2.0,69.0,0
19.3,27.96,8.66,8.66,91504,34.213049,-118.317651,0.0,19.3,119.0,0,1,1.0,1.0,1.0,3.0,1,1.0,1.0,0.0,0
6766.95,10105.37,3338.42,47.02,90033,34.050198,-118.210946,2.0,96.35,552.0,3,71,2.0,2.0,2.0,2.0,0,2.0,0.0,12.0,0
1386.8,1386.8,0.0,0.0,90035,34.051809,-118.383843,1.0,50.8,552.0,2,28,2.0,2.0,0.0,1.0,1,2.0,0.0,19.0,0
95.05,115.05,0.0,0.0,95526,40.372532,-123.525626,0.0,31.0,112.0,1,3,2.0,0.0,0.0,1.0,1,0.0,0.0,19.0,1
78.45,96.82,18.37,18.37,90007,34.027337,-118.28515,0.0,78.45,552.0,0,1,0.0,0.0,0.0,2.0,0,0.0,0.0,13.0,1
102.75,187.85,85.1,42.55,95925,39.461768,-121.195825,0.0,55.05,180.0,0,2,2.0,0.0,2.0,1.0,0,0.0,0.0,30.0,1
75.8,90.28,14.48,14.48,95422,38.965804,-122.631779,0.0,75.8,194.0,0,1,0.0,0.0,2.0,2.0,0,0.0,0.0,26.0,1
365.4,452.64,87.24,21.81,96143,39.246654,-120.029273,0.0,91.65,473.0,1,4,0.0,0.0,2.0,2.0,0,0.0,0.0,14.0,1
4458.15,5525.7,1067.55,19.41,92592,33.507255,-117.029473,0.0,77.75,984.0,5,55,0.0,0.0,0.0,2.0,0,2.0,0.0,4.0,1
6096.9,7252.5,1155.6,16.05,92549,33.755039,-116.741796,2.0,83.7,439.0,9,72,2.0,2.0,2.0,0.0,0,2.0,2.0,46.0,0
4449.75,5220.37,770.62,14.54,91750,34.144703,-117.770299,1.0,84.6,493.0,0,53,2.0,0.0,2.0,0.0,2,2.0,2.0,18.0,0
2435.15,3540.93,1065.78,34.38,96093,40.759401,-122.939337,0.0,78.45,1050.0,0,31,2.0,0.0,2.0,2.0,0,0.0,0.0,20.0,1
620.55,853.84,223.29,24.81,95953,39.258746,-121.77697,0.0,66.25,533.0,0,9,2.0,0.0,2.0,0.0,0,0.0,0.0,69.0,1
6547.7,9411.65,2863.95,46.95,95912,38.982373,-122.047751,1.0,106.0,35.0,1,61,0.0,2.0,2.0,0.0,0,0.0,2.0,21.0,1
75.35,118.17,32.82,32.82,92117,32.825086,-117.199424,0.0,75.35,852.0,0,1,0.0,0.0,2.0,2.0,0,0.0,0.0,21.0,1
75.8,90.28,14.48,14.48,95422,38.965804,-122.631779,0.0,75.8,194.0,0,1,0.0,0.0,2.0,2.0,0,0.0,0.0,26.0,1
3901.25,4410.74,509.49,9.99,92372,34.459322,-117.629729,2.0,75.2,757.0,10,51,2.0,0.0,0.0,1.0,0,0.0,2.0,5.0,0
2460.15,4539.35,2079.2,45.2,93108,34.457541,-119.631072,2.0,54.35,882.0,0,46,2.0,0.0,0.0,1.0,0,2.0,0.0,17.0,1
63.0,90.52,27.52,6.88,93311,35.16207,-119.194488,0.0,19.85,56.0,0,4,1.0,1.0,1.0,3.0,0,1.0,1.0,0.0,0
6526.65,8727.75,2201.1,37.95,90602,33.972119,-118.020188,1.0,110.65,1069.0,8,58,0.0,2.0,2.0,2.0,0,2.0,2.0,18.0,0
3365.85,5478.44,2112.59,49.13,95364,38.224869,-119.755729,0.0,77.85,755.0,0,43,0.0,0.0,2.0,2.0,0,0.0,0.0,25.0,1
45.05,93.08,48.03,48.03,95420,39.361283,-123.784599,0.0,45.05,166.0,0,1,0.0,0.0,0.0,0.0,0,0.0,2.0,73.0,1
6287.25,9151.29,2864.04,49.38,92117,32.825086,-117.199424,1.0,108.85,852.0,1,58,0.0,2.0,2.0,2.0,0,2.0,0.0,19.0,1
1216.35,3386.4,2170.05,42.55,92704,33.719869,-117.907063,1.0,23.95,881.0,1,51,1.0,1.0,1.0,3.0,3,1.0,1.0,0.0,0
1189.9,2185.3,995.4,16.59,91602,34.15136,-118.364786,2.0,19.95,674.0,0,60,1.0,1.0,1.0,3.0,2,1.0,1.0,0.0,0
1023.9,1613.18,589.28,36.83,95838,38.646096,-121.442433,0.0,59.4,838.0,0,16,2.0,0.0,0.0,1.0,0,0.0,0.0,16.0,1
767.9,1042.04,274.14,30.46,95428,39.83307,-123.178765,1.0,70.5,226.0,9,9,0.0,0.0,0.0,2.0,3,2.0,0.0,82.0,0
1067.15,1200.55,133.4,5.8,95636,38.636102,-120.522149,1.0,48.35,389.0,1,23,0.0,0.0,0.0,1.0,0,0.0,0.0,12.0,1
1156.1,1414.55,258.45,17.23,92630,33.644849,-117.684254,0.0,79.4,502.0,0,15,0.0,0.0,0.0,2.0,0,0.0,0.0,12.0,1
1474.75,1889.29,414.54,19.74,94063,37.499411,-122.196318,0.0,69.1,809.0,1,21,0.0,0.0,0.0,2.0,0,0.0,0.0,18.0,1
4620.4,6070.8,1450.4,25.9,95720,38.766036,-120.209673,2.0,81.25,481.0,10,56,2.0,2.0,2.0,0.0,2,2.0,0.0,30.0,0
4063.0,6039.48,1976.48,44.92,92223,33.946982,-116.977672,0.0,90.4,65.0,0,44,0.0,0.0,0.0,2.0,0,2.0,2.0,16.0,0
35.85,95.47,59.62,29.81,93901,36.64152,-121.622188,0.0,19.6,841.0,0,2,1.0,1.0,1.0,3.0,5,1.0,1.0,0.0,1
5727.15,7007.99,1280.84,18.04,95955,39.281194,-122.226568,2.0,80.4,588.0,2,71,2.0,2.0,2.0,1.0,0,2.0,2.0,41.0,0
2354.8,4110.78,1755.98,46.21,91010,34.145695,-117.95982,1.0,62.3,269.0,0,38,2.0,0.0,0.0,0.0,0,2.0,2.0,14.0,1
45.15,76.07,30.92,30.92,91331,34.255442,-118.421314,0.0,45.15,716.0,0,1,0.0,0.0,0.0,1.0,0,0.0,2.0,69.0,1
4154.8,4880.68,725.88,15.78,94105,37.789168,-122.395009,0.0,93.7,855.0,0,46,0.0,2.0,2.0,2.0,0,0.0,2.0,3.0,1
79.55,84.65,5.1,5.1,91605,34.207295,-118.400022,0.0,79.55,674.0,0,1,0.0,0.0,0.0,2.0,0,2.0,0.0,10.0,1
1820.9,2306.48,515.46,23.43,94127,37.736535,-122.45732,1.0,81.7,855.0,0,22,0.0,2.0,2.0,2.0,0,0.0,0.0,22.0,0
470.6,470.6,0.0,0.0,94306,37.416159,-122.131337,1.0,41.6,723.0,0,11,0.0,0.0,0.0,1.0,0,2.0,0.0,5.0,1
69.65,100.78,31.13,31.13,93662,36.545322,-119.642281,0.0,69.65,905.0,0,1,0.0,0.0,0.0,2.0,0,0.0,0.0,5.0,1
6405.0,8546.71,2141.71,35.11,90028,34.099869,-118.326843,1.0,104.4,552.0,1,61,0.0,0.0,2.0,2.0,0,2.0,0.0,17.0,1
3418.2,4764.47,1352.0,27.04,93012,34.205504,-118.993111,2.0,69.5,138.0,0,50,2.0,0.0,0.0,1.0,0,2.0,2.0,2.0,0
3263.9,3516.46,252.56,6.16,94954,38.235021,-122.557332,1.0,80.55,745.0,0,41,0.0,0.0,2.0,1.0,0,2.0,2.0,12.0,0
2452.7,2452.7,0.0,0.0,95624,38.434138,-121.30587,0.0,41.05,297.0,1,59,0.0,0.0,2.0,1.0,0,0.0,2.0,69.0,1
144.55,232.61,78.06,39.03,92126,32.886925,-117.152162,0.0,80.25,852.0,0,2,0.0,0.0,0.0,2.0,0,0.0,0.0,30.0,1
573.3,860.82,287.52,47.92,91764,34.074087,-117.605618,0.0,89.5,700.0,0,6,0.0,0.0,0.0,2.0,0,0.0,2.0,25.0,1
4671.65,7851.47,3179.82,47.46,96124,39.672813,-120.456699,2.0,69.2,137.0,0,67,2.0,2.0,2.0,1.0,0,0.0,2.0,20.0,0
106.8,118.98,12.18,2.03,95817,38.550722,-121.457314,2.0,19.5,838.0,0,6,1.0,1.0,1.0,3.0,0,1.0,1.0,0.0,0
2809.05,3617.3,808.25,32.33,95136,37.270938,-121.851046,2.0,108.9,861.0,0,25,2.0,0.0,2.0,2.0,0,2.0,2.0,51.0,0
1375.4,1739.03,363.63,5.27,91306,34.209532,-118.577563,2.0,19.75,1080.0,9,69,1.0,1.0,1.0,3.0,0,1.0,1.0,0.0,0
2896.4,4524.08,1627.68,33.91,95405,38.439696,-122.668817,1.0,60.35,891.0,0,48,2.0,2.0,0.0,1.0,0,2.0,0.0,13.0,1
413.0,632.4,219.4,10.97,94560,37.504133,-122.032347,0.0,19.5,657.0,0,20,1.0,1.0,1.0,3.0,0,1.0,1.0,0.0,0
3082.1,4213.29,1131.19,36.49,92782,33.738543,-117.785046,1.0,98.05,1013.0,3,31,0.0,2.0,0.0,2.0,3,2.0,0.0,59.0,0
1074.65,1097.69,23.04,1.28,95207,38.002125,-121.324979,0.0,56.8,954.0,5,18,0.0,0.0,2.0,1.0,0,0.0,0.0,30.0,0
2555.9,2836.1,280.2,9.34,92586,33.707483,-117.200006,0.0,85.15,964.0,0,30,2.0,0.0,0.0,2.0,0,0.0,0.0,8.0,1
898.35,1312.05,413.7,41.37,92027,33.141265,-116.967221,0.0,95.35,305.0,0,10,0.0,0.0,0.0,2.0,0,0.0,0.0,14.0,1
381.3,397.86,16.56,4.14,92129,32.961064,-117.134917,0.0,85.95,852.0,1,4,0.0,0.0,0.0,2.0,0,0.0,2.0,30.0,1
973.55,973.55,0.0,0.0,93955,36.625114,-121.823565,0.0,28.6,901.0,0,37,2.0,0.0,0.0,1.0,0,0.0,0.0,10.0,1
60.0,113.48,43.48,43.48,93436,34.601055,-120.382917,0.0,60.0,544.0,0,1,2.0,2.0,2.0,1.0,2,0.0,0.0,16.0,1
1789.25,2533.78,624.53,32.87,94609,37.834341,-122.26437,0.0,95.15,688.0,0,19,0.0,2.0,2.0,2.0,0,0.0,2.0,17.0,1
1195.25,3553.25,2358.0,47.16,91759,34.231318,-117.662032,2.0,24.9,647.0,0,50,1.0,1.0,1.0,3.0,0,1.0,1.0,0.0,0
1270.55,3197.75,1927.2,32.12,95328,37.555631,-120.911653,2.0,20.95,471.0,9,60,1.0,1.0,1.0,3.0,2,1.0,1.0,0.0,0
5029.2,6684.92,1655.72,31.24,93108,34.457541,-119.631072,0.0,93.9,882.0,1,53,0.0,2.0,0.0,2.0,0,2.0,2.0,73.0,1
502.85,719.57,216.72,36.12,92549,33.755039,-116.741796,0.0,80.5,439.0,1,6,2.0,0.0,0.0,2.0,0,0.0,0.0,23.0,1
2016.3,2016.3,0.0,0.0,94133,37.802071,-122.411004,2.0,59.55,855.0,7,33,2.0,2.0,0.0,1.0,0,2.0,2.0,7.0,0
284.9,433.82,148.92,37.23,94589,38.161321,-122.271588,0.0,69.55,1025.0,1,4,0.0,0.0,0.0,2.0,1,0.0,0.0,23.0,0
50.6,62.46,11.86,11.86,90621,33.874224,-117.993368,0.0,50.6,118.0,0,1,0.0,2.0,0.0,0.0,2,0.0,0.0,13.0,1
7114.25,9871.85,2757.6,38.3,95469,39.408634,-123.045516,2.0,97.95,786.0,1,72,0.0,2.0,2.0,2.0,0,2.0,0.0,3.0,0
6075.9,7611.72,1535.82,23.27,95310,38.085839,-120.37855,2.0,91.7,208.0,1,66,2.0,2.0,2.0,1.0,0,2.0,2.0,58.0,0
288.05,419.51,131.46,21.91,94107,37.768881,-122.395521,0.0,50.8,855.0,0,6,2.0,0.0,0.0,1.0,0,0.0,0.0,12.0,1
1685.9,3809.0,2123.1,30.33,95383,38.107441,-120.230625,2.0,24.7,1015.0,8,70,1.0,1.0,1.0,3.0,2,1.0,1.0,0.0,0
5442.05,5987.33,545.28,8.52,95682,38.598936,-120.963092,2.0,86.4,914.0,0,64,2.0,2.0,2.0,1.0,0,2.0,2.0,73.0,0
78.65,78.65,0.0,0.0,95658,38.883224,-121.15918,0.0,30.4,659.0,0,2,0.0,0.0,0.0,1.0,0,2.0,0.0,13.0,1
3834.4,4577.04,692.64,19.24,95823,38.475465,-121.443625,2.0,106.05,838.0,4,36,2.0,2.0,2.0,2.0,0,2.0,2.0,18.0,0
45.3,45.3,0.0,0.0,95076,36.931654,-121.752383,0.0,45.3,1049.0,0,1,0.0,0.0,0.0,1.0,0,0.0,2.0,18.0,1
4542.35,5030.87,488.52,8.28,94552,37.722727,-122.02157,2.0,75.95,170.0,4,59,2.0,0.0,2.0,1.0,0,0.0,2.0,22.0,0
1263.85,3899.77,2635.92,41.84,96065,40.877552,-121.885884,2.0,19.35,630.0,0,63,1.0,1.0,1.0,3.0,3,1.0,1.0,0.0,0
39.65,59.65,0.0,0.0,90022,34.02381,-118.156582,0.0,39.65,552.0,0,1,0.0,0.0,0.0,1.0,0,2.0,0.0,8.0,1
531.6,1605.39,1073.79,39.77,90211,34.063947,-118.383001,2.0,20.35,77.0,0,27,1.0,1.0,1.0,3.0,0,1.0,1.0,0.0,0
1124.2,2040.42,916.22,15.02,91355,34.43987,-118.644609,2.0,19.75,1023.0,0,61,1.0,1.0,1.0,3.0,2,1.0,1.0,0.0,0
20.9,36.41,15.51,15.51,91316,34.150354,-118.518292,0.0,20.9,303.0,0,1,1.0,1.0,1.0,3.0,0,1.0,1.0,0.0,1
24.25,24.25,0.0,0.0,93262,36.527243,-118.594938,0.0,24.25,906.0,0,1,0.0,0.0,0.0,1.0,0,0.0,0.0,7.0,1
181.5,262.36,80.86,40.43,92122,32.85723,-117.209774,0.0,85.65,852.0,0,2,0.0,0.0,0.0,0.0,0,0.0,2.0,27.0,1
1360.25,4760.15,3399.9,48.57,92604,33.688546,-117.788091,2.0,20.05,449.0,5,70,1.0,1.0,1.0,3.0,2,1.0,1.0,0.0,0
79.1,121.4,42.3,42.3,92130,32.957195,-117.202542,0.0,79.1,852.0,0,1,0.0,0.0,0.0,2.0,0,0.0,0.0,16.0,1
770.6,1466.41,695.81,40.93,92130,32.957195,-117.202542,0.0,45.05,852.0,0,17,0.0,0.0,0.0,1.0,0,0.0,0.0,2.0,1
1653.85,3065.65,1411.8,47.06,93563,34.39583,-117.734568,2.0,55.65,1030.0,0,30,0.0,2.0,0.0,0.0,0,2.0,0.0,24.0,0
59.75,99.59,39.84,13.28,94520,38.013825,-122.039144,0.0,19.6,212.0,0,3,1.0,1.0,1.0,3.0,0,1.0,1.0,0.0,1
55.0,102.22,47.22,47.22,92373,34.003243,-117.138286,0.0,55.0,806.0,0,1,0.0,0.0,0.0,0.0,0,0.0,2.0,53.0,1
1683.6,3054.42,1370.82,20.77,92259,32.698964,-115.886656,2.0,25.15,693.0,0,66,1.0,1.0,1.0,3.0,0,1.0,1.0,0.0,0
447.75,789.99,342.24,42.78,94924,37.943087,-122.72379,1.0,54.25,98.0,0,8,2.0,2.0,0.0,1.0,0,0.0,0.0,27.0,0
994.55,1708.1,713.55,47.57,92130,32.957195,-117.202542,0.0,64.65,852.0,0,15,0.0,2.0,0.0,1.0,0,0.0,2.0,26.0,1
692.1,1185.85,493.75,19.75,93245,36.303666,-119.825657,2.0,24.75,524.0,0,25,1.0,1.0,1.0,3.0,0,1.0,1.0,0.0,1
6441.4,8614.8,2063.4,34.39,95636,38.636102,-120.522149,1.0,106.0,389.0,0,60,2.0,0.0,0.0,2.0,0,2.0,0.0,17.0,1
23.45,23.45,0.0,0.0,95121,37.304681,-121.809955,0.0,23.45,861.0,3,1,0.0,0.0,0.0,1.0,0,0.0,0.0,21.0,1
20.9,36.63,15.73,15.73,95254,38.192608,-120.957842,0.0,20.9,1041.0,0,1,1.0,1.0,1.0,3.0,0,1.0,1.0,0.0,1
5088.4,5541.48,464.88,8.94,95421,38.578807,-123.19338,0.0,95.65,175.0,1,52,2.0,0.0,2.0,2.0,0,0.0,2.0,85.0,0
229.5,335.04,105.54,35.18,93243,34.845861,-118.885163,0.0,74.75,519.0,1,3,0.0,0.0,0.0,2.0,0,0.0,0.0,13.0,1
706.85,706.85,0.0,0.0,93706,36.654614,-119.903674,0.0,54.45,349.0,1,13,2.0,2.0,0.0,0.0,0,0.0,2.0,71.0,1
69.4,112.86,33.46,33.46,95301,37.321233,-120.656354,0.0,69.4,46.0,1,1,0.0,0.0,0.0,2.0,0,0.0,0.0,12.0,1
2715.3,2779.78,64.48,2.48,92672,33.429488,-117.609432,2.0,105.45,851.0,0,26,2.0,0.0,2.0,2.0,1,2.0,2.0,19.0,0
1132.35,1244.02,111.67,8.59,93553,34.445239,-117.894868,0.0,89.4,738.0,0,13,2.0,0.0,2.0,2.0,0,2.0,0.0,15.0,1
5706.3,6676.78,970.48,17.33,92596,33.657433,-117.04254,2.0,99.9,1078.0,0,56,2.0,0.0,2.0,2.0,0,2.0,0.0,16.0,0
2890.65,3678.57,787.92,28.14,94027,37.454924,-122.203168,0.0,103.3,45.0,0,28,2.0,0.0,0.0,2.0,0,2.0,0.0,10.0,1
383.65,454.15,70.5,2.82,91917,32.622999,-116.687855,2.0,18.7,272.0,3,25,1.0,1.0,1.0,3.0,3,1.0,1.0,0.0,0
1395.05,1668.29,273.24,15.18,92284,34.159534,-116.425984,0.0,75.6,1101.0,0,18,0.0,0.0,0.0,2.0,0,0.0,0.0,42.0,0
45.3,92.66,47.36,47.36,91203,34.153338,-118.262974,0.0,45.3,366.0,0,1,0.0,0.0,0.0,0.0,0,0.0,0.0,41.0,0
710.05,820.05,0.0,0.0,96067,41.33832,-122.290756,0.0,39.7,643.0,0,19,0.0,0.0,2.0,1.0,0,0.0,2.0,59.0,0
2660.2,3572.7,912.5,36.5,95628,38.652065,-121.25441,0.0,102.8,311.0,0,25,0.0,2.0,2.0,2.0,0,0.0,0.0,30.0,1
1700.9,1700.9,0.0,0.0,90263,34.037037,-118.705803,1.0,41.15,573.0,0,39,2.0,2.0,2.0,1.0,0,0.0,0.0,73.0,0
2633.4,2797.7,164.3,5.3,95925,39.461768,-121.195825,2.0,84.85,180.0,4,31,0.0,0.0,0.0,2.0,0,0.0,2.0,3.0,0
2869.85,3469.49,599.64,15.78,95651,38.815515,-120.916997,0.0,74.95,559.0,5,38,0.0,0.0,0.0,2.0,0,0.0,0.0,30.0,1
1835.3,2020.45,200.56,8.72,90815,33.797638,-118.11662,2.0,79.35,546.0,0,23,0.0,0.0,0.0,2.0,0,2.0,0.0,18.0,0
272.2,304.0,31.8,10.6,95385,37.609095,-121.263381,0.0,85.8,1034.0,0,3,2.0,0.0,0.0,2.0,0,0.0,2.0,73.0,1
1626.05,1626.05,0.0,0.0,95303,37.4695,-120.672724,0.0,40.15,58.0,1,42,0.0,2.0,0.0,1.0,0,0.0,0.0,7.0,0
5336.35,6418.51,1082.16,15.03,91606,34.187599,-118.387125,2.0,75.1,674.0,0,72,2.0,2.0,2.0,0.0,0,2.0,0.0,22.0,0
2184.85,3284.68,1039.83,45.21,90605,33.960891,-118.032222,0.0,104.45,1069.0,1,23,0.0,0.0,2.0,2.0,0,2.0,2.0,14.0,0
3419.3,3827.93,258.63,6.99,96140,39.227434,-120.091806,0.0,90.35,161.0,4,37,2.0,0.0,0.0,2.0,0,2.0,2.0,22.0,0
1292.2,1561.16,168.96,7.68,95556,41.269521,-123.546958,1.0,56.25,708.0,8,22,2.0,2.0,0.0,1.0,0,0.0,0.0,7.0,0
1064.65,1309.45,244.8,24.48,90606,33.976678,-118.065875,0.0,100.25,1069.0,1,10,0.0,2.0,0.0,2.0,2,0.0,2.0,30.0,1
1678.05,4168.13,2518.5,36.5,95076,36.931654,-121.752383,2.0,24.6,1049.0,0,69,1.0,1.0,1.0,3.0,0,1.0,1.0,0.0,0
2289.9,2378.94,89.04,3.18,90403,34.031529,-118.491156,0.0,85.45,889.0,6,28,0.0,0.0,0.0,2.0,2,2.0,0.0,12.0,0
25.4,58.13,32.73,32.73,91789,34.018354,-117.85492,0.0,25.4,1042.0,0,1,1.0,1.0,1.0,3.0,1,1.0,1.0,0.0,0
851.2,1590.42,739.22,16.07,95064,37.007882,-122.065975,0.0,19.6,885.0,3,46,1.0,1.0,1.0,3.0,0,1.0,1.0,0.0,0
6441.4,8614.8,2063.4,34.39,95636,38.636102,-120.522149,1.0,106.0,389.0,0,60,2.0,0.0,0.0,2.0,0,2.0,0.0,17.0,1
3474.2,4935.08,1460.88,40.58,95829,38.486502,-121.334051,0.0,95.4,838.0,4,36,0.0,0.0,0.0,2.0,0,0.0,2.0,12.0,0
1567.0,2636.14,1095.12,15.21,91040,34.282704,-118.312929,2.0,19.75,966.0,0,72,1.0,1.0,1.0,3.0,2,1.0,1.0,0.0,0
196.4,336.35,139.95,46.65,90065,34.108833,-118.229715,2.0,73.85,552.0,0,3,0.0,0.0,0.0,2.0,0,2.0,0.0,25.0,0
155.8,166.44,10.64,5.32,92122,32.85723,-117.209774,0.0,80.6,852.0,0,2,0.0,0.0,0.0,2.0,0,2.0,0.0,20.0,1
4398.15,6286.63,1888.48,42.92,95948,39.346898,-121.759537,0.0,100.55,387.0,0,44,2.0,0.0,2.0,2.0,0,0.0,2.0,23.0,1
3454.6,4816.1,1261.5,25.23,95953,39.258746,-121.77697,0.0,70.35,533.0,0,50,0.0,2.0,2.0,1.0,0,0.0,0.0,23.0,0
45.3,79.67,34.37,34.37,95407,38.394091,-122.739814,0.0,45.3,891.0,0,1,0.0,0.0,0.0,1.0,0,0.0,0.0,28.0,1
993.15,2157.11,1205.29,28.03,92211,33.762759,-116.324817,1.0,24.45,720.0,9,43,1.0,1.0,1.0,3.0,1,1.0,1.0,0.0,0
707.5,1884.46,1176.96,36.78,95646,38.631489,-120.015167,1.0,70.5,475.0,0,32,1.0,1.0,1.0,3.0,0,1.0,1.0,0.0,0
1260.7,1419.31,158.61,3.11,91350,34.502432,-118.41459,1.0,25.0,884.0,0,51,1.0,1.0,1.0,3.0,0,1.0,1.0,0.0,0
2921.75,3871.35,949.6,23.74,95307,37.553469,-120.952825,1.0,70.75,178.0,0,40,2.0,0.0,2.0,1.0,0,0.0,0.0,22.0,0
1442.6,1442.6,0.0,0.0,93666,36.545353,-119.338535,0.0,44.85,962.0,2,34,2.0,0.0,0.0,1.0,3,2.0,0.0,76.0,0
837.95,1009.55,171.6,15.6,93267,36.141319,-119.129075,0.0,76.5,957.0,0,11,0.0,0.0,0.0,2.0,0,0.0,0.0,4.0,1
1857.75,1955.19,97.44,4.06,94952,38.237018,-122.77872,2.0,79.85,745.0,6,24,0.0,2.0,0.0,2.0,2,0.0,0.0,28.0,0
2607.6,2687.05,59.45,2.05,95230,37.956963,-120.863055,0.0,94.2,317.0,0,29,2.0,0.0,0.0,2.0,0,0.0,2.0,17.0,0
789.55,2190.44,1416.3,47.21,90808,33.823943,-118.111335,2.0,25.1,546.0,6,30,1.0,1.0,1.0,3.0,2,1.0,1.0,0.0,0
4042.3,5811.56,1719.26,36.58,90808,33.823943,-118.111335,0.0,85.5,546.0,0,47,0.0,2.0,0.0,2.0,0,0.0,2.0,20.0,1
173.15,286.55,113.4,16.2,96056,41.10831,-121.360362,1.0,19.9,592.0,0,7,1.0,1.0,1.0,3.0,0,1.0,1.0,0.0,0
45.4,83.71,38.31,38.31,95659,38.788898,-121.608624,0.0,45.4,666.0,0,1,0.0,0.0,0.0,0.0,0,0.0,0.0,26.0,1
1929.35,2118.89,189.54,7.02,92571,33.828289,-117.201666,0.0,75.2,743.0,2,27,0.0,2.0,0.0,0.0,0,0.0,0.0,25.0,1
7009.5,9712.95,2703.45,40.35,93626,37.027663,-119.69056,2.0,106.7,350.0,3,67,2.0,2.0,0.0,2.0,2,0.0,2.0,16.0,0
1654.75,1931.51,318.5,4.9,95448,38.618347,-122.908422,2.0,25.75,409.0,0,65,1.0,1.0,1.0,3.0,0,1.0,1.0,0.0,0
4323.45,5004.69,681.24,16.22,96063,40.408796,-121.579609,0.0,104.75,614.0,0,42,0.0,0.0,2.0,2.0,0,2.0,0.0,12.0,1
85.05,101.42,16.37,16.37,95460,39.305545,-123.743697,0.0,85.05,598.0,0,1,0.0,0.0,0.0,2.0,0,0.0,2.0,7.0,1
25.7,25.7,0.0,0.0,95439,38.493888,-122.777141,0.0,25.7,352.0,0,1,0.0,0.0,0.0,0.0,0,0.0,0.0,9.0,1
3264.5,3935.58,671.08,17.66,90712,33.840524,-118.148403,0.0,84.25,509.0,0,38,2.0,0.0,2.0,2.0,0,2.0,2.0,41.0,1
45.15,87.49,42.34,42.34,90277,33.830453,-118.384565,0.0,45.15,807.0,0,1,0.0,0.0,0.0,1.0,0,0.0,0.0,10.0,0
1405.3,1695.3,290.0,11.6,90025,34.046174,-118.446333,0.0,55.55,552.0,7,25,0.0,0.0,0.0,1.0,0,2.0,0.0,10.0,0
45.85,60.75,14.9,14.9,95368,37.713152,-121.08739,0.0,45.85,840.0,1,1,0.0,0.0,0.0,1.0,0,0.0,0.0,6.0,1
7774.05,9708.69,1934.64,26.87,92301,34.667815,-117.536183,2.0,108.1,2.0,0,72,2.0,0.0,2.0,2.0,0,2.0,2.0,20.0,0
4534.9,6381.54,1846.64,45.04,92705,33.766004,-117.786763,1.0,111.95,881.0,1,41,2.0,0.0,2.0,0.0,0,2.0,0.0,29.0,1
378.4,439.75,61.35,12.27,91711,34.127621,-117.717863,0.0,78.95,191.0,0,5,0.0,0.0,0.0,2.0,0,0.0,0.0,20.0,1
1482.3,1979.1,496.8,6.9,95689,38.481902,-120.603668,2.0,20.7,1040.0,9,72,1.0,1.0,1.0,3.0,3,1.0,1.0,0.0,0
19.75,49.08,29.33,29.33,93535,34.712708,-117.889656,0.0,19.75,511.0,0,1,1.0,1.0,1.0,3.0,0,1.0,1.0,0.0,1
2215.25,2418.54,203.29,7.01,93611,36.917652,-119.593757,0.0,76.0,200.0,0,29,0.0,0.0,0.0,2.0,0,0.0,0.0,42.0,0
385.0,442.7,57.7,11.54,92036,32.980678,-116.262854,0.0,80.15,461.0,1,5,0.0,0.0,2.0,2.0,1,0.0,0.0,19.0,1
4304.5,5794.5,1490.0,29.8,90302,33.975332,-118.355252,2.0,89.7,446.0,0,50,2.0,0.0,0.0,2.0,0,2.0,2.0,26.0,0
1851.45,4293.69,2442.24,33.92,95139,37.218705,-121.762429,2.0,26.1,861.0,2,72,1.0,1.0,1.0,3.0,2,1.0,1.0,0.0,0
2015.8,2993.4,977.6,37.6,95326,37.5923,-120.853288,0.0,79.3,432.0,5,26,0.0,0.0,2.0,2.0,0,0.0,0.0,10.0,0
24.7,94.7,0.0,0.0,92234,33.829583,-116.474131,0.0,24.7,172.0,0,1,0.0,0.0,0.0,0.0,1,0.0,0.0,48.0,0
220.95,276.09,55.14,18.38,93022,34.404544,-119.302118,0.0,86.85,685.0,0,3,0.0,0.0,0.0,2.0,0,2.0,0.0,20.0,1
86.6,86.6,0.0,0.0,92592,33.507255,-117.029473,0.0,24.45,984.0,0,4,0.0,0.0,0.0,1.0,0,0.0,0.0,9.0,1
194.55,247.71,53.16,26.58,95436,38.499302,-122.92444,0.0,80.15,336.0,0,2,2.0,2.0,0.0,2.0,0,0.0,0.0,23.0,0
193.8,279.58,85.78,42.89,95633,38.852544,-120.837669,0.0,94.2,356.0,0,2,0.0,0.0,0.0,2.0,0,0.0,2.0,13.0,1
6171.2,7605.44,1434.24,22.41,93616,36.657462,-119.595293,0.0,99.15,249.0,0,64,2.0,0.0,2.0,2.0,1,0.0,2.0,24.0,0
2483.05,2549.61,66.56,2.08,91360,34.214054,-118.88109,0.0,80.3,992.0,1,32,0.0,0.0,0.0,2.0,0,0.0,2.0,25.0,1
6017.65,8598.65,2581.0,44.5,92027,33.141265,-116.967221,1.0,103.25,305.0,0,58,0.0,0.0,2.0,2.0,0,2.0,2.0,47.0,1
1404.65,2061.4,646.75,25.87,91764,34.074087,-117.605618,0.0,60.35,700.0,1,25,0.0,0.0,0.0,0.0,3,0.0,0.0,76.0,0
4874.7,7319.8,2355.1,42.82,92122,32.85723,-117.209774,0.0,85.45,852.0,2,55,0.0,0.0,2.0,2.0,0,2.0,0.0,27.0,1
477.6,954.85,477.25,19.09,93109,34.406256,-119.726936,0.0,19.15,882.0,5,25,1.0,1.0,1.0,3.0,2,1.0,1.0,0.0,0
3554.6,4662.0,1107.4,31.64,90077,34.102084,-118.451629,0.0,99.05,552.0,0,35,0.0,2.0,0.0,2.0,0,0.0,2.0,7.0,0
7511.9,8525.5,1013.6,14.48,93301,35.383937,-119.020428,2.0,105.35,56.0,2,70,0.0,2.0,2.0,2.0,0,2.0,2.0,7.0,0
105.5,285.56,180.06,30.01,96084,40.923558,-122.059933,1.0,19.0,835.0,0,6,1.0,1.0,1.0,3.0,3,1.0,1.0,0.0,0
551.3,608.7,57.4,5.74,96075,40.343213,-121.815412,0.0,55.55,737.0,6,10,0.0,0.0,2.0,1.0,2,2.0,0.0,59.0,0
1064.95,1528.25,463.3,46.33,95667,38.733714,-120.795213,1.0,98.9,765.0,0,10,0.0,2.0,0.0,2.0,0,2.0,2.0,26.0,0
1272.05,1970.87,698.82,12.26,90706,33.887676,-118.127289,2.0,19.75,68.0,3,57,1.0,1.0,1.0,3.0,2,1.0,1.0,0.0,0
3756.45,6334.37,2577.92,40.28,92606,33.703976,-117.824172,1.0,58.35,449.0,1,64,2.0,0.0,0.0,1.0,0,2.0,0.0,52.0,0
147.15,223.71,76.56,38.28,95618,38.544002,-121.685559,0.0,74.9,244.0,0,2,0.0,0.0,0.0,2.0,0,0.0,0.0,18.0,1
284.3,852.8,568.5,37.9,92614,33.680302,-117.833296,0.0,20.05,449.0,3,15,1.0,1.0,1.0,3.0,1,1.0,1.0,0.0,0
438.0,565.38,127.38,21.23,90254,33.86532,-118.396336,0.0,75.5,417.0,4,6,0.0,0.0,0.0,2.0,0,0.0,0.0,13.0,1
74.35,88.37,14.02,14.02,92410,34.106922,-117.297553,0.0,74.35,848.0,0,1,0.0,0.0,0.0,2.0,0,0.0,0.0,2.0,1
505.9,1683.18,1177.28,45.28,94950,38.052209,-122.775567,1.0,20.05,697.0,10,26,1.0,1.0,1.0,3.0,0,1.0,1.0,0.0,0
633.4,633.4,0.0,0.0,93201,35.869626,-119.498771,0.0,48.75,15.0,1,13,0.0,0.0,0.0,1.0,0,2.0,2.0,8.0,1
2862.75,3471.17,608.42,20.98,94019,37.45567,-122.407992,0.0,98.65,399.0,0,29,2.0,0.0,0.0,2.0,0,0.0,0.0,16.0,1
5265.5,5990.0,724.5,14.49,92651,33.570023,-117.773669,1.0,101.9,496.0,9,50,0.0,2.0,2.0,2.0,0,2.0,0.0,17.0,0
381.3,397.86,16.56,4.14,92129,32.961064,-117.134917,0.0,85.95,852.0,1,4,0.0,0.0,0.0,2.0,0,0.0,2.0,30.0,1
300.8,300.8,0.0,0.0,93665,36.959731,-120.653519,0.0,23.9,937.0,0,13,0.0,0.0,0.0,1.0,0,0.0,0.0,53.0,1
2754.45,3991.59,1237.14,45.82,92104,32.741499,-117.127409,0.0,101.25,852.0,1,27,0.0,2.0,0.0,2.0,0,2.0,0.0,13.0,1
4326.8,5988.72,1661.92,31.96,92539,33.527605,-116.666551,0.0,84.05,31.0,1,52,2.0,2.0,0.0,2.0,2,2.0,0.0,26.0,0
4905.75,5116.89,211.14,4.14,91910,32.636792,-117.054989,1.0,94.0,189.0,0,51,0.0,0.0,0.0,2.0,0,2.0,2.0,21.0,0
55.3,91.99,36.69,36.69,95012,36.784481,-121.759054,0.0,55.3,171.0,8,1,0.0,0.0,0.0,1.0,0,0.0,0.0,82.0,0
606.55,620.79,14.24,1.78,91901,32.827184,-116.703729,0.0,74.5,16.0,0,8,0.0,0.0,2.0,2.0,0,0.0,0.0,7.0,1
2277.65,2513.99,236.34,9.09,92126,32.886925,-117.152162,0.0,89.15,852.0,0,26,0.0,0.0,2.0,2.0,0,0.0,0.0,12.0,1
2042.05,3727.77,1685.72,49.58,90716,33.830431,-118.074071,1.0,60.8,406.0,7,34,0.0,2.0,2.0,0.0,1,2.0,0.0,16.0,0
3410.6,3630.04,219.44,4.22,95225,38.183918,-120.898817,1.0,64.3,123.0,0,52,0.0,2.0,0.0,1.0,0,2.0,0.0,18.0,0
461.3,1218.3,757.0,30.28,95948,39.346898,-121.759537,0.0,19.05,387.0,0,25,1.0,1.0,1.0,3.0,0,1.0,1.0,0.0,0
4473.45,4766.25,292.8,6.1,96075,40.343213,-121.815412,2.0,96.9,737.0,1,48,0.0,2.0,2.0,2.0,0,2.0,0.0,18.0,0
815.55,985.91,150.36,10.74,92354,34.049315,-117.255974,2.0,61.4,541.0,3,14,0.0,2.0,2.0,1.0,1,0.0,2.0,59.0,0
799.65,855.95,56.3,5.63,92126,32.886925,-117.152162,0.0,74.75,852.0,0,10,0.0,0.0,0.0,2.0,0,0.0,0.0,26.0,1
300.8,300.8,0.0,0.0,93665,36.959731,-120.653519,0.0,23.9,937.0,0,13,0.0,0.0,0.0,1.0,0,0.0,0.0,53.0,1
69.35,115.21,45.86,45.86,95382,37.529656,-120.854357,0.0,69.35,1012.0,0,1,0.0,0.0,0.0,2.0,0,0.0,0.0,27.0,1
309.1,309.1,0.0,0.0,92117,32.825086,-117.199424,0.0,29.2,852.0,1,12,0.0,0.0,2.0,1.0,0,0.0,0.0,27.0,1
50.1,96.59,46.49,46.49,94937,38.099323,-122.945723,0.0,50.1,447.0,0,1,0.0,0.0,0.0,1.0,0,0.0,0.0,14.0,1
2391.15,2577.77,186.62,4.34,92374,34.064073,-117.166158,1.0,56.35,806.0,9,43,0.0,0.0,0.0,1.0,0,0.0,0.0,23.0,0
294.95,509.0,214.05,14.27,92009,33.098018,-117.258203,1.0,18.8,156.0,5,15,1.0,1.0,1.0,3.0,0,1.0,1.0,0.0,0
5621.85,7154.33,1442.48,27.74,93239,35.996923,-120.000951,1.0,106.5,470.0,9,52,0.0,0.0,2.0,2.0,0,2.0,0.0,18.0,0
401.1,567.18,211.45,42.29,91770,34.065108,-118.082791,0.0,85.4,832.0,1,5,2.0,0.0,2.0,2.0,0,0.0,0.0,16.0,1
4693.2,5889.13,1195.93,20.27,95469,39.408634,-123.045516,1.0,80.1,786.0,7,59,2.0,0.0,2.0,1.0,0,0.0,2.0,13.0,0
431.0,466.92,25.92,2.88,95949,39.099204,-121.137962,0.0,44.95,378.0,0,9,0.0,0.0,0.0,1.0,0,0.0,0.0,26.0,1
1046.1,1311.71,153.0,12.75,96050,41.816595,-122.948287,0.0,94.2,477.0,0,12,0.0,0.0,0.0,2.0,0,0.0,2.0,24.0,1
2806.9,2961.95,196.23,6.33,94587,37.59485,-122.051521,0.0,89.9,1019.0,0,31,0.0,0.0,0.0,2.0,0,2.0,2.0,11.0,1
2409.9,2409.9,0.0,0.0,95444,38.434362,-122.86891,2.0,49.65,379.0,8,49,0.0,0.0,2.0,0.0,0,0.0,2.0,27.0,0
3520.75,3774.19,253.44,7.92,93444,35.050345,-120.489599,0.0,106.35,668.0,3,32,0.0,0.0,2.0,2.0,0,2.0,0.0,3.0,1
3008.55,3128.55,0.0,0.0,95237,38.166791,-121.14207,2.0,48.7,537.0,6,62,2.0,2.0,2.0,0.0,2,0.0,0.0,26.0,0
697.65,732.13,79.55,2.15,93235,36.385818,-119.224243,0.0,20.35,451.0,3,37,1.0,1.0,1.0,3.0,0,1.0,1.0,0.0,0
601.25,731.71,130.46,11.86,93517,38.184583,-119.286558,2.0,54.55,111.0,0,11,2.0,0.0,2.0,0.0,1,0.0,0.0,23.0,0
1144.5,1354.72,130.22,7.66,95922,39.432127,-121.099287,0.0,70.0,145.0,0,17,0.0,0.0,0.0,2.0,0,0.0,0.0,17.0,1
45.6,57.33,11.73,11.73,92109,32.787836,-117.232376,0.0,45.6,852.0,0,1,0.0,0.0,0.0,1.0,0,0.0,0.0,24.0,1
6293.75,6968.25,674.5,9.5,90732,33.744119,-118.31448,2.0,91.05,874.0,3,71,2.0,2.0,2.0,0.0,0,2.0,2.0,76.0,0
181.5,262.36,80.86,40.43,92122,32.85723,-117.209774,0.0,85.65,852.0,0,2,0.0,0.0,0.0,0.0,0,0.0,2.0,27.0,1
8061.5,10263.1,2181.6,30.3,92567,33.82769,-117.102244,2.0,112.9,681.0,6,72,2.0,2.0,2.0,2.0,0,2.0,2.0,14.0,0
7176.55,8645.19,1478.32,21.74,94950,38.052209,-122.775567,1.0,108.45,697.0,0,68,2.0,0.0,2.0,2.0,0,2.0,2.0,73.0,1
174.7,523.51,348.81,49.83,93117,34.489983,-120.091246,0.0,20.25,372.0,0,7,1.0,1.0,1.0,3.0,3,1.0,1.0,0.0,0
6671.7,7501.08,829.38,12.02,95441,38.731771,-123.064272,2.0,95.2,362.0,6,69,2.0,0.0,0.0,2.0,1,0.0,2.0,30.0,0
1236.15,1963.17,727.02,34.62,95310,38.085839,-120.37855,0.0,60.05,208.0,0,21,0.0,0.0,0.0,1.0,0,2.0,0.0,14.0,1
692.1,1185.85,493.75,19.75,93245,36.303666,-119.825657,2.0,24.75,524.0,0,25,1.0,1.0,1.0,3.0,0,1.0,1.0,0.0,1
4688.65,6393.61,1704.96,26.64,95573,40.949012,-123.655847,1.0,73.05,1073.0,5,64,0.0,2.0,0.0,1.0,0,2.0,2.0,71.0,0
3862.55,5630.03,1767.48,40.17,91754,34.050322,-118.147037,0.0,84.8,629.0,0,44,0.0,0.0,2.0,2.0,0,2.0,0.0,6.0,1
5025.8,6545.76,1519.96,29.23,91752,33.999992,-117.535395,0.0,94.6,615.0,0,52,0.0,0.0,2.0,2.0,0,2.0,0.0,30.0,0
172.35,285.3,112.95,12.55,93203,35.116307,-118.817644,1.0,20.25,43.0,10,9,1.0,1.0,1.0,3.0,3,1.0,1.0,0.0,0
1936.85,2563.37,626.52,27.24,95318,37.654551,-119.822984,0.0,70.5,291.0,5,23,2.0,2.0,2.0,2.0,2,0.0,0.0,82.0,0
102.45,128.33,25.88,25.88,92845,33.782955,-118.026456,0.0,102.45,355.0,1,1,0.0,2.0,0.0,2.0,0,2.0,2.0,9.0,1
49.0,98.19,49.19,49.19,95379,37.939768,-120.188002,0.0,49.0,1010.0,0,1,2.0,0.0,0.0,1.0,0,0.0,0.0,17.0,0
113.35,124.01,10.66,5.33,95222,38.071327,-120.632221,0.0,55.1,25.0,0,2,0.0,2.0,0.0,0.0,0,2.0,0.0,52.0,1
3824.2,4268.63,444.43,9.07,92028,33.362575,-117.299644,1.0,78.0,315.0,10,49,0.0,0.0,2.0,1.0,1,2.0,2.0,82.0,0
3969.4,5661.28,1691.88,36.78,95422,38.965804,-122.631779,0.0,85.0,194.0,0,46,0.0,2.0,0.0,2.0,0,0.0,2.0,29.0,1
711.9,1911.9,1200.0,40.0,92347,34.983808,-117.239306,2.0,21.25,422.0,6,30,1.0,1.0,1.0,3.0,3,1.0,1.0,0.0,0
1704.95,1796.75,91.8,5.4,96050,41.816595,-122.948287,1.0,98.6,477.0,1,17,2.0,0.0,0.0,2.0,0,2.0,2.0,8.0,1
712.85,712.85,0.0,0.0,96025,41.212695,-122.392067,0.0,25.1,276.0,0,29,0.0,0.0,0.0,0.0,0,0.0,0.0,22.0,1
805.1,945.1,0.0,0.0,92122,32.85723,-117.209774,0.0,30.75,852.0,0,27,0.0,2.0,0.0,0.0,0,0.0,0.0,13.0,1
7567.2,8985.11,1454.57,21.71,92865,33.828779,-117.848299,2.0,111.3,701.0,1,67,2.0,0.0,2.0,2.0,0,2.0,2.0,30.0,0
5034.05,5668.46,634.41,10.07,94951,38.325599,-122.642352,2.0,79.8,741.0,5,63,2.0,0.0,0.0,0.0,0,2.0,2.0,20.0,0
7250.15,8103.45,853.3,12.19,93641,36.696759,-119.024051,2.0,104.0,616.0,0,70,2.0,2.0,0.0,2.0,0,0.0,2.0,42.0,1
3937.45,3937.45,0.0,0.0,95837,38.691607,-121.602284,2.0,54.2,838.0,1,72,0.0,0.0,2.0,0.0,0,2.0,2.0,15.0,1
3250.45,4528.37,1302.84,29.61,91214,34.239636,-118.245259,1.0,70.95,483.0,1,44,2.0,0.0,2.0,1.0,0,2.0,0.0,48.0,0
831.75,1224.22,392.47,30.19,92007,33.015866,-117.272254,0.0,66.4,154.0,0,13,0.0,0.0,0.0,1.0,1,0.0,2.0,17.0,0
2204.35,2523.76,319.41,11.83,92054,33.351059,-117.420557,1.0,80.85,692.0,3,27,2.0,2.0,0.0,1.0,0,0.0,2.0,14.0,0
7853.7,8595.54,681.84,9.47,90069,34.093781,-118.381061,2.0,107.5,1058.0,0,72,2.0,0.0,0.0,2.0,0,2.0,2.0,21.0,0
2265.25,3020.12,754.87,26.03,93223,36.29878,-119.201028,0.0,80.15,316.0,1,29,0.0,0.0,2.0,2.0,0,0.0,0.0,47.0,1
413.65,589.75,176.1,35.22,92028,33.362575,-117.299644,0.0,75.55,315.0,0,5,0.0,0.0,0.0,2.0,0,0.0,2.0,58.0,1
1237.85,1599.51,361.66,27.82,94553,38.014457,-122.115432,0.0,98.0,585.0,1,13,0.0,0.0,2.0,2.0,0,2.0,0.0,4.0,1
478.75,1389.32,910.57,39.59,96039,41.831901,-123.487478,2.0,20.4,402.0,1,23,1.0,1.0,1.0,3.0,1,1.0,1.0,0.0,0
41.85,41.85,0.0,0.0,94014,37.691561,-122.445202,0.0,24.35,239.0,0,2,0.0,0.0,0.0,1.0,0,0.0,0.0,11.0,1
914.6,1143.92,229.32,5.88,95468,38.911299,-123.609588,1.0,24.2,773.0,1,39,1.0,1.0,1.0,3.0,2,1.0,1.0,0.0,0
3030.6,3923.45,892.85,25.51,90603,33.945318,-117.992066,1.0,85.15,1069.0,0,35,0.0,0.0,0.0,2.0,0,2.0,0.0,16.0,1
723.4,1132.09,408.69,45.41,90069,34.093781,-118.381061,0.0,79.55,1058.0,0,9,0.0,0.0,0.0,2.0,0,0.0,2.0,23.0,1
85.5,93.54,8.04,2.01,92028,33.362575,-117.299644,0.0,20.95,315.0,0,4,1.0,1.0,1.0,3.0,0,1.0,1.0,0.0,1
2130.55,2177.24,46.69,2.03,95953,39.258746,-121.77697,2.0,88.45,533.0,4,23,0.0,0.0,2.0,2.0,3,2.0,0.0,53.0,0
390.4,743.41,353.01,16.81,92025,33.081478,-117.033814,2.0,19.6,305.0,0,21,1.0,1.0,1.0,3.0,0,1.0,1.0,0.0,0
1242.45,1230.19,0.0,0.0,91042,34.296574,-118.244839,0.0,45.0,1007.0,0,29,2.0,2.0,2.0,1.0,1,2.0,0.0,21.0,0
2122.45,2716.69,594.24,24.76,91206,34.162515,-118.203869,0.0,96.0,366.0,0,24,2.0,0.0,0.0,2.0,0,0.0,2.0,2.0,1
54.75,67.76,13.01,13.01,94122,37.760412,-122.484966,0.0,54.75,855.0,0,1,0.0,0.0,0.0,1.0,0,0.0,2.0,12.0,1
706.85,706.85,0.0,0.0,93706,36.654614,-119.903674,0.0,54.45,349.0,1,13,2.0,2.0,0.0,0.0,0,0.0,2.0,71.0,1
4680.05,4926.61,246.56,5.36,92129,32.961064,-117.134917,0.0,101.0,852.0,1,46,0.0,0.0,0.0,2.0,0,2.0,0.0,22.0,1
6423.0,7364.84,941.84,15.44,91945,32.733564,-117.033713,1.0,103.95,523.0,0,61,0.0,0.0,2.0,2.0,0,2.0,2.0,30.0,0
4174.35,6582.03,2407.68,36.48,95312,37.420273,-120.66527,1.0,70.5,229.0,0,66,2.0,2.0,2.0,1.0,0,0.0,0.0,5.0,0
331.35,895.29,563.94,31.33,92250,32.811001,-115.152865,0.0,19.25,423.0,0,18,1.0,1.0,1.0,3.0,0,1.0,1.0,0.0,0
50.15,138.48,38.33,38.33,93534,34.727529,-118.153098,0.0,50.15,511.0,0,1,0.0,2.0,0.0,1.0,0,0.0,0.0,24.0,0
2416.1,2563.54,158.44,4.66,94580,37.676249,-122.132415,0.0,70.0,865.0,0,34,0.0,0.0,0.0,2.0,0,0.0,0.0,21.0,1
535.55,635.15,89.6,11.2,94515,38.629618,-122.593216,0.0,75.6,135.0,0,8,0.0,0.0,2.0,2.0,0,0.0,0.0,17.0,0
94.5,217.66,123.16,30.79,95010,36.977025,-121.952864,0.0,20.4,153.0,0,4,1.0,1.0,1.0,3.0,3,1.0,1.0,0.0,0
340.4,565.82,225.42,37.57,95051,37.348129,-121.98469,0.0,55.0,883.0,0,6,0.0,0.0,0.0,0.0,0,0.0,2.0,58.0,0
79.05,257.97,178.92,44.73,95742,38.591134,-121.161585,1.0,20.5,794.0,8,4,1.0,1.0,1.0,3.0,0,1.0,1.0,0.0,0
4442.75,4513.4,70.65,1.57,95519,40.965011,-124.015255,1.0,96.75,594.0,0,45,0.0,2.0,2.0,2.0,0,0.0,2.0,30.0,0
4188.4,5330.0,1141.6,28.54,93267,36.141319,-119.129075,1.0,103.75,957.0,0,40,2.0,0.0,0.0,2.0,0,2.0,0.0,24.0,0
842.9,977.94,135.04,16.88,92109,32.787836,-117.232376,0.0,101.15,852.0,1,8,0.0,0.0,2.0,2.0,0,2.0,2.0,6.0,1
178.85,601.31,422.46,46.94,95610,38.69508,-121.271616,0.0,19.5,190.0,0,9,1.0,1.0,1.0,3.0,0,1.0,1.0,0.0,0
500.1,695.75,195.65,39.13,90274,33.788208,-118.404955,0.0,96.55,727.0,0,5,0.0,0.0,2.0,2.0,0,2.0,2.0,20.0,0
86.0,114.82,28.82,28.82,94121,37.776718,-122.495781,0.0,86.0,855.0,0,1,0.0,0.0,2.0,2.0,0,0.0,2.0,22.0,1
2354.8,4110.78,1755.98,46.21,91010,34.145695,-117.95982,1.0,62.3,269.0,0,38,2.0,0.0,0.0,0.0,0,2.0,2.0,14.0,1
217.55,339.56,122.01,40.67,92886,33.897253,-117.792202,0.0,80.1,1095.0,0,3,2.0,0.0,0.0,2.0,0,2.0,0.0,58.0,1
3563.8,4562.56,998.76,17.22,95117,37.311088,-121.961786,1.0,60.3,861.0,1,58,0.0,2.0,2.0,0.0,0,2.0,0.0,21.0,1
25.3,35.3,0.0,0.0,92121,32.898613,-117.202937,0.0,25.3,852.0,0,1,0.0,0.0,0.0,0.0,3,0.0,0.0,51.0,1
7723.9,8849.96,1174.6,16.78,95014,37.306612,-122.080621,2.0,114.2,235.0,1,70,2.0,2.0,2.0,2.0,0,2.0,2.0,48.0,1
144.35,424.21,279.86,39.98,95526,40.372532,-123.525626,0.0,20.25,112.0,9,7,1.0,1.0,1.0,3.0,1,1.0,1.0,0.0,0
330.6,741.15,410.55,24.15,92372,34.459322,-117.629729,1.0,20.65,757.0,0,17,1.0,1.0,1.0,3.0,0,1.0,1.0,0.0,0
2779.5,2779.5,0.0,0.0,93605,37.17277,-119.2997,2.0,39.1,83.0,3,69,2.0,2.0,0.0,1.0,1,2.0,0.0,11.0,0
44.4,76.84,32.44,32.44,93703,36.768774,-119.762633,0.0,44.4,349.0,0,1,0.0,0.0,0.0,1.0,0,0.0,0.0,12.0,1
2697.4,3732.18,1034.78,33.38,91040,34.282704,-118.312929,0.0,86.55,966.0,0,31,0.0,0.0,0.0,2.0,0,0.0,0.0,27.0,1
8109.8,10351.16,2241.36,31.13,92831,33.879983,-117.895482,1.0,109.25,351.0,1,72,2.0,0.0,2.0,2.0,0,2.0,2.0,11.0,1
5617.95,5905.65,287.7,4.11,92121,32.898613,-117.202937,2.0,80.7,852.0,6,70,2.0,2.0,2.0,0.0,2,2.0,0.0,16.0,0
71.65,89.19,17.54,17.54,90704,33.391181,-118.421305,0.0,71.65,49.0,0,1,0.0,0.0,0.0,2.0,0,0.0,0.0,16.0,1
7176.55,8645.19,1478.32,21.74,94950,38.052209,-122.775567,1.0,108.45,697.0,0,68,2.0,0.0,2.0,2.0,0,2.0,2.0,73.0,1
2728.6,4041.42,1312.82,32.02,92223,33.946982,-116.977672,1.0,66.5,65.0,1,41,2.0,0.0,2.0,1.0,0,0.0,2.0,28.0,1
424.15,606.75,182.6,36.52,95828,38.486938,-121.395805,0.0,85.3,838.0,0,5,0.0,0.0,2.0,2.0,0,2.0,0.0,27.0,1
25.1,25.1,0.0,0.0,95037,37.161544,-121.649371,0.0,25.1,635.0,0,1,0.0,0.0,0.0,0.0,0,0.0,0.0,9.0,1
1433.8,1634.03,245.7,3.51,91106,34.139402,-118.128658,2.0,19.85,732.0,9,70,1.0,1.0,1.0,3.0,0,1.0,1.0,0.0,0
6733.0,8893.0,2160.0,30.0,94960,37.99272,-122.575026,2.0,92.65,846.0,4,72,2.0,2.0,2.0,1.0,1,2.0,2.0,19.0,0
250.1,290.62,40.52,10.13,96062,40.531257,-122.148139,0.0,65.6,612.0,7,4,0.0,0.0,0.0,1.0,0,2.0,0.0,3.0,0
5794.65,8527.45,2732.8,48.8,93201,35.869626,-119.498771,1.0,104.55,15.0,0,56,0.0,2.0,0.0,2.0,0,2.0,0.0,12.0,1
1345.55,2024.3,678.75,45.25,95511,40.166028,-123.584144,0.0,85.6,11.0,1,15,0.0,0.0,0.0,0.0,0,0.0,0.0,22.0,1
916.75,1498.93,492.18,37.86,93618,36.523619,-119.386868,0.0,70.15,259.0,2,13,0.0,0.0,0.0,2.0,0,0.0,0.0,19.0,1
5121.3,5370.42,249.12,5.19,92075,33.001813,-117.263628,0.0,107.4,927.0,0,48,0.0,0.0,2.0,2.0,0,2.0,2.0,47.0,1
347.4,583.65,226.25,45.25,95635,38.921333,-120.897718,1.0,70.0,385.0,0,5,0.0,0.0,0.0,1.0,0,2.0,2.0,22.0,1
321.05,321.05,0.0,0.0,92610,33.698728,-117.67768,0.0,25.2,330.0,0,11,0.0,0.0,0.0,1.0,1,0.0,0.0,19.0,0
4154.8,4880.68,725.88,15.78,94105,37.789168,-122.395009,0.0,93.7,855.0,0,46,0.0,2.0,2.0,2.0,0,0.0,2.0,3.0,1
19.25,32.06,12.81,12.81,93277,36.303793,-119.375646,0.0,19.25,1038.0,0,1,1.0,1.0,1.0,3.0,7,1.0,1.0,0.0,1
5959.3,6883.78,924.48,12.84,95466,39.094102,-123.500853,2.0,83.6,749.0,4,72,0.0,2.0,2.0,1.0,1,2.0,2.0,22.0,0
102.45,128.33,25.88,25.88,92845,33.782955,-118.026456,0.0,102.45,355.0,1,1,0.0,2.0,0.0,2.0,0,2.0,2.0,9.0,1
940.35,1465.16,524.81,40.37,95019,36.936228,-121.785559,0.0,74.3,345.0,0,13,0.0,0.0,0.0,2.0,0,2.0,0.0,21.0,1
95.85,98.55,2.7,2.7,92831,33.879983,-117.895482,0.0,95.85,351.0,0,1,2.0,0.0,0.0,2.0,0,0.0,2.0,14.0,0
909.25,1338.85,429.6,35.8,95326,37.5923,-120.853288,0.0,78.3,432.0,0,12,0.0,2.0,0.0,2.0,0,0.0,0.0,25.0,1
4069.9,7478.5,3408.6,49.4,92259,32.698964,-115.886656,2.0,59.75,693.0,4,69,0.0,2.0,2.0,1.0,1,2.0,0.0,12.0,0
289.3,786.4,497.1,33.14,95409,38.468893,-122.580539,0.0,19.4,891.0,0,15,1.0,1.0,1.0,3.0,0,1.0,1.0,0.0,1
7723.9,8849.96,1174.6,16.78,95014,37.306612,-122.080621,2.0,114.2,235.0,1,70,2.0,2.0,2.0,2.0,0,2.0,2.0,48.0,1
39.3,43.24,3.94,1.97,92320,33.982787,-117.057627,0.0,19.75,133.0,0,2,1.0,1.0,1.0,3.0,0,1.0,1.0,0.0,0
6441.85,8959.69,2517.84,34.97,91730,34.10097,-117.57882,2.0,90.6,795.0,1,72,2.0,2.0,2.0,0.0,0,2.0,2.0,11.0,0
8684.8,11195.44,2510.64,34.87,95519,40.965011,-124.015255,1.0,117.8,594.0,1,72,2.0,2.0,2.0,2.0,0,2.0,2.0,8.0,1
89.1,105.16,16.06,16.06,94619,37.787186,-122.14633,0.0,89.1,688.0,0,1,0.0,0.0,0.0,2.0,0,0.0,2.0,3.0,1
819.4,1143.0,323.6,40.45,94704,37.871416,-122.246597,0.0,100.6,74.0,0,8,0.0,0.0,0.0,2.0,0,2.0,0.0,29.0,1
1782.4,2837.0,974.6,48.73,92544,33.644585,-116.871544,0.0,94.1,413.0,0,20,0.0,0.0,2.0,2.0,0,2.0,0.0,12.0,1
293.3,293.3,0.0,0.0,94596,37.900662,-122.052782,0.0,40.1,1043.0,0,7,0.0,0.0,2.0,1.0,0,0.0,2.0,19.0,1
71.55,88.82,17.27,17.27,93103,34.438581,-119.685368,0.0,71.55,882.0,0,1,0.0,0.0,0.0,2.0,0,0.0,0.0,10.0,1
2368.4,2949.4,581.0,23.24,91730,34.10097,-117.57882,0.0,89.1,795.0,1,25,0.0,0.0,0.0,2.0,0,2.0,2.0,25.0,1
114.1,202.72,88.62,44.31,91601,34.1692,-118.372498,0.0,54.4,674.0,0,2,0.0,0.0,2.0,1.0,0,0.0,2.0,73.0,1
82.3,115.71,33.41,33.41,96006,41.171578,-120.913161,0.0,82.3,3.0,0,1,0.0,0.0,2.0,2.0,0,2.0,0.0,28.0,1
6979.8,8194.65,1214.85,18.69,95928,39.681488,-121.83721,1.0,106.25,183.0,1,65,0.0,0.0,2.0,2.0,0,2.0,0.0,30.0,1
19.55,57.99,38.44,38.44,92129,32.961064,-117.134917,0.0,19.55,852.0,0,1,1.0,1.0,1.0,3.0,0,1.0,1.0,0.0,1
622.9,747.69,158.04,17.56,95207,38.002125,-121.324979,0.0,74.55,954.0,0,9,0.0,0.0,0.0,2.0,0,0.0,0.0,27.0,1
1607.2,2045.63,438.43,25.79,94703,37.863843,-122.275684,0.0,94.4,74.0,1,17,0.0,2.0,0.0,0.0,0,2.0,0.0,12.0,1
4400.75,5765.92,1405.32,33.46,94901,37.972662,-122.491452,0.0,105.2,876.0,0,42,0.0,2.0,0.0,2.0,0,2.0,2.0,52.0,1
1527.35,1773.05,245.7,13.65,93618,36.523619,-119.386868,0.0,90.0,259.0,0,18,0.0,0.0,2.0,2.0,0,0.0,0.0,5.0,1
3522.65,4187.23,664.58,14.14,90008,34.008293,-118.346766,2.0,73.6,552.0,10,47,0.0,0.0,2.0,1.0,0,2.0,2.0,28.0,0
1423.15,1423.15,0.0,0.0,95521,40.839958,-124.003757,1.0,54.2,37.0,0,25,2.0,0.0,0.0,0.0,0,2.0,2.0,29.0,0
270.2,560.23,290.03,22.31,95388,37.421299,-120.599587,1.0,19.45,1083.0,0,13,1.0,1.0,1.0,3.0,0,1.0,1.0,0.0,0
50.45,78.7,28.25,28.25,95713,39.084645,-120.894014,0.0,50.45,206.0,0,1,0.0,0.0,0.0,0.0,0,0.0,0.0,9.0,1
3588.4,4039.06,450.66,10.73,93287,35.710244,-118.881679,0.0,84.3,1092.0,1,42,2.0,0.0,0.0,2.0,0,2.0,0.0,22.0,1
2452.7,2452.7,0.0,0.0,95624,38.434138,-121.30587,0.0,41.05,297.0,1,59,0.0,0.0,2.0,1.0,0,0.0,2.0,69.0,1
2070.75,2070.75,0.0,0.0,91604,34.139082,-118.39275,0.0,40.65,959.0,6,49,0.0,2.0,0.0,0.0,0,0.0,0.0,11.0,0
708.8,1348.95,640.15,18.29,92861,33.817473,-117.810462,1.0,19.65,1036.0,1,35,1.0,1.0,1.0,3.0,2,1.0,1.0,0.0,0
55.2,90.8,35.6,35.6,91411,34.17847,-118.459472,0.0,55.2,1031.0,0,1,0.0,0.0,0.0,1.0,0,0.0,2.0,58.0,1
70.15,118.12,47.97,47.97,93426,35.842889,-121.004862,0.0,70.15,106.0,0,1,0.0,0.0,0.0,2.0,0,0.0,0.0,8.0,1
3035.35,4294.87,1259.52,26.24,96034,41.411315,-122.697236,1.0,64.4,359.0,0,48,0.0,2.0,2.0,0.0,3,2.0,0.0,53.0,0
1621.35,1621.35,0.0,0.0,90716,33.830431,-118.074071,0.0,30.4,406.0,9,54,0.0,0.0,2.0,0.0,0,0.0,0.0,9.0,0
2274.9,3679.78,1404.88,41.32,90026,34.078991,-118.263804,0.0,62.65,552.0,1,34,2.0,2.0,2.0,0.0,0,0.0,0.0,71.0,1
1364.3,1799.14,424.84,32.68,91748,33.976753,-117.897367,0.0,106.9,836.0,0,13,0.0,0.0,2.0,0.0,0,2.0,0.0,11.0,1
4527.45,5411.41,883.96,21.56,95006,37.171727,-122.142961,0.0,114.5,104.0,0,41,2.0,2.0,2.0,2.0,0,2.0,2.0,59.0,1
3503.5,5228.44,1724.94,27.38,90605,33.960891,-118.032222,1.0,58.55,1069.0,0,63,0.0,0.0,0.0,1.0,0,2.0,2.0,9.0,0
360.55,406.55,46.0,11.5,95002,37.449537,-121.994813,0.0,94.9,20.0,0,4,2.0,2.0,2.0,2.0,0,0.0,2.0,41.0,0
279.2,605.43,326.23,17.17,91311,34.294142,-118.603883,1.0,18.8,181.0,0,19,1.0,1.0,1.0,3.0,0,1.0,1.0,0.0,0
921.4,1439.54,518.14,37.01,95638,38.313447,-121.123886,0.0,69.65,414.0,0,14,2.0,0.0,0.0,1.0,0,0.0,2.0,29.0,0
2145.0,2285.0,0.0,0.0,92397,34.358321,-117.618263,0.0,45.3,1093.0,3,48,0.0,2.0,0.0,0.0,0,2.0,2.0,58.0,1
1837.9,2539.15,701.25,28.05,95983,40.053684,-120.743116,0.0,78.35,980.0,0,25,2.0,2.0,2.0,0.0,0,2.0,0.0,85.0,0
1101.85,1330.89,229.04,16.36,94514,37.83323,-121.601461,0.0,78.95,126.0,0,14,0.0,0.0,2.0,2.0,0,0.0,0.0,6.0,1
8220.4,10858.08,2497.68,34.69,92656,33.571259,-117.731917,2.0,115.6,13.0,9,72,2.0,2.0,2.0,2.0,3,2.0,2.0,59.0,0
31.35,111.35,0.0,0.0,95236,38.047746,-121.030499,0.0,31.35,528.0,0,1,0.0,0.0,2.0,1.0,0,0.0,0.0,6.0,1
79.35,102.98,23.63,23.63,93955,36.625114,-121.823565,0.0,79.35,901.0,2,1,0.0,0.0,0.0,2.0,0,0.0,0.0,52.0,1
1139.2,1612.49,473.29,10.07,90010,34.062125,-118.315709,0.0,25.4,552.0,1,47,1.0,1.0,1.0,3.0,0,1.0,1.0,0.0,0
2907.35,4023.24,1122.3,26.1,92104,32.741499,-117.127409,0.0,66.25,852.0,1,43,2.0,2.0,2.0,1.0,0,0.0,0.0,17.0,0
74.5,110.94,36.44,36.44,93040,34.432843,-118.730106,0.0,74.5,760.0,0,1,0.0,0.0,0.0,2.0,0,0.0,0.0,16.0,1
68.5,99.12,30.62,30.62,94127,37.736535,-122.45732,0.0,68.5,855.0,1,1,0.0,0.0,0.0,2.0,0,0.0,0.0,11.0,1
332.45,501.77,169.32,42.33,95815,38.608405,-121.449942,0.0,80.8,838.0,0,4,2.0,0.0,0.0,2.0,0,0.0,2.0,76.0,1
450.9,526.92,76.02,12.67,95421,38.578807,-123.19338,2.0,74.1,175.0,0,6,0.0,2.0,0.0,2.0,0,0.0,0.0,20.0,0
1079.65,3603.81,2524.16,43.52,95721,38.851842,-120.076204,2.0,19.55,282.0,4,58,1.0,1.0,1.0,3.0,2,1.0,1.0,0.0,0
262.05,410.25,148.2,49.4,95240,38.123544,-121.159078,0.0,88.35,539.0,0,3,2.0,0.0,0.0,2.0,0,2.0,0.0,10.0,1
1710.15,4789.42,3079.27,43.37,95549,40.664483,-123.865325,2.0,24.65,478.0,5,71,1.0,1.0,1.0,3.0,0,1.0,1.0,0.0,0
68.5,99.12,30.62,30.62,94127,37.736535,-122.45732,0.0,68.5,855.0,1,1,0.0,0.0,0.0,2.0,0,0.0,0.0,11.0,1
1536.75,1858.95,322.2,10.74,90401,34.015481,-118.493231,0.0,48.8,889.0,0,30,0.0,2.0,0.0,1.0,0,0.0,0.0,13.0,0
73.0,93.55,20.55,20.55,95497,38.696659,-123.436861,0.0,73.0,989.0,0,1,0.0,0.0,2.0,2.0,0,0.0,0.0,5.0,1
2964.0,3892.53,928.53,34.39,93313,35.140938,-119.051348,1.0,104.65,56.0,0,27,2.0,0.0,2.0,2.0,0,0.0,0.0,19.0,0
6510.45,9744.69,3234.24,44.92,93728,36.757345,-119.818274,2.0,89.8,349.0,3,72,2.0,2.0,2.0,1.0,0,2.0,2.0,69.0,0
6164.7,7098.42,933.72,15.06,94015,37.680844,-122.48131,0.0,101.35,239.0,10,62,0.0,0.0,0.0,2.0,0,2.0,2.0,82.0,0
1763.55,3287.07,1523.52,22.08,93933,36.689582,-121.758398,1.0,26.3,580.0,7,69,1.0,1.0,1.0,3.0,0,1.0,1.0,0.0,0
85.45,116.48,31.03,31.03,90057,34.061918,-118.277939,0.0,85.45,552.0,0,1,0.0,0.0,0.0,2.0,0,0.0,2.0,27.0,1
7609.75,10205.35,2595.6,36.05,94541,37.674002,-122.076796,2.0,105.25,408.0,5,72,0.0,2.0,0.0,2.0,2,2.0,2.0,14.0,0
1308.4,1732.9,424.5,28.3,95683,38.470423,-121.114897,0.0,84.3,922.0,1,15,0.0,0.0,0.0,0.0,0,2.0,0.0,28.0,1
185.55,203.27,17.72,8.86,94947,38.112166,-122.634384,0.0,89.55,679.0,1,2,0.0,0.0,0.0,2.0,0,0.0,2.0,23.0,1
50.6,62.46,11.86,11.86,90621,33.874224,-117.993368,0.0,50.6,118.0,0,1,0.0,2.0,0.0,0.0,2,0.0,0.0,13.0,1
299.2,480.4,171.2,42.8,95714,39.197215,-120.83679,0.0,77.85,278.0,0,4,0.0,0.0,0.0,2.0,0,0.0,0.0,28.0,1
1411.2,3290.7,1879.5,26.85,91902,32.67117,-117.00232,2.0,20.15,99.0,0,70,1.0,1.0,1.0,3.0,1,1.0,1.0,0.0,0
85.45,116.48,31.03,31.03,90057,34.061918,-118.277939,0.0,85.45,552.0,0,1,0.0,0.0,0.0,2.0,0,0.0,2.0,27.0,1
194.2,211.09,16.89,5.63,95340,37.255637,-120.493537,0.0,70.15,602.0,0,3,0.0,0.0,0.0,2.0,0,0.0,0.0,15.0,0
2867.75,3142.88,275.13,10.19,92028,33.362575,-117.299644,0.0,104.3,315.0,5,27,2.0,2.0,0.0,2.0,0,0.0,0.0,27.0,1
137.85,137.85,0.0,0.0,92309,35.28952,-116.092214,0.0,33.65,55.0,0,4,0.0,2.0,2.0,1.0,0,0.0,0.0,4.0,1
52.05,88.2,36.15,12.05,94123,37.800254,-122.436975,1.0,21.2,855.0,0,3,1.0,1.0,1.0,3.0,0,1.0,1.0,0.0,0
72.0,107.31,35.31,11.77,94107,37.768881,-122.395521,0.0,20.85,855.0,9,3,1.0,1.0,1.0,3.0,0,1.0,1.0,0.0,0
45.8,59.42,13.62,13.62,95684,38.606703,-120.586659,0.0,45.8,930.0,0,1,0.0,0.0,0.0,0.0,0,0.0,0.0,21.0,0
256.6,256.6,0.0,0.0,94520,38.013825,-122.039144,0.0,34.2,212.0,3,7,0.0,2.0,2.0,1.0,0,0.0,0.0,17.0,0
6241.35,8348.29,2106.94,34.54,95369,37.521708,-120.426843,1.0,99.9,925.0,3,61,0.0,0.0,0.0,2.0,3,2.0,2.0,58.0,0
1025.05,2168.01,1142.96,21.98,90740,33.75462,-118.071128,2.0,19.65,900.0,0,52,1.0,1.0,1.0,3.0,0,1.0,1.0,0.0,0
1259.35,1438.95,179.6,8.98,95326,37.5923,-120.853288,1.0,60.0,432.0,1,20,0.0,0.0,2.0,1.0,0,0.0,0.0,16.0,0
2104.55,2104.55,0.0,0.0,90008,34.008293,-118.346766,0.0,44.8,552.0,0,48,0.0,2.0,2.0,0.0,0,0.0,0.0,23.0,0
90.55,97.7,7.15,7.15,90804,33.783047,-118.1486,0.0,90.55,546.0,0,1,0.0,0.0,0.0,2.0,0,0.0,2.0,48.0,1
180.3,499.41,319.11,29.01,90221,33.885811,-118.206459,0.0,19.25,211.0,1,11,1.0,1.0,1.0,3.0,3,1.0,1.0,0.0,1
365.55,664.86,302.32,37.79,95988,39.493991,-122.286363,0.0,49.85,1074.0,0,8,0.0,2.0,0.0,0.0,0,0.0,0.0,25.0,1
20.1,60.93,40.83,40.83,92127,33.017518,-117.118456,0.0,20.1,852.0,0,1,1.0,1.0,1.0,3.0,0,1.0,1.0,0.0,1
712.75,722.75,0.0,0.0,90027,34.127194,-118.295647,0.0,50.75,552.0,0,14,0.0,0.0,0.0,0.0,0,2.0,2.0,6.0,1
1384.75,1582.15,197.4,16.45,93010,34.227846,-119.079903,0.0,112.95,138.0,0,12,2.0,0.0,2.0,0.0,0,2.0,2.0,23.0,1
5308.7,6739.15,1430.45,23.45,92130,32.957195,-117.202542,2.0,89.65,852.0,0,61,2.0,2.0,2.0,1.0,0,2.0,2.0,8.0,0
7039.05,7879.23,840.18,12.54,95637,38.830739,-122.196202,2.0,104.0,396.0,0,67,2.0,0.0,2.0,2.0,1,0.0,2.0,59.0,0
1119.35,1713.9,594.55,25.85,95550,40.7666,-123.80458,1.0,49.45,480.0,0,23,2.0,0.0,0.0,0.0,3,0.0,0.0,53.0,0
2871.5,4385.1,1513.6,47.3,95325,37.479926,-120.230424,0.0,91.05,431.0,0,32,0.0,0.0,0.0,2.0,0,0.0,2.0,24.0,0
4949.1,6791.67,1842.57,31.23,92234,33.829583,-116.474131,0.0,83.25,172.0,0,59,0.0,0.0,2.0,2.0,0,2.0,0.0,16.0,0
420.45,659.15,228.7,45.74,93111,34.460197,-119.802602,0.0,85.3,882.0,0,5,0.0,0.0,2.0,2.0,0,0.0,0.0,30.0,0
99.75,99.75,0.0,0.0,91773,34.102119,-117.815532,0.0,35.15,853.0,1,3,0.0,0.0,0.0,0.0,0,0.0,2.0,13.0,1
347.4,583.65,226.25,45.25,95635,38.921333,-120.897718,1.0,70.0,385.0,0,5,0.0,0.0,0.0,1.0,0,2.0,2.0,22.0,1
7413.55,10811.61,3398.06,47.86,95317,37.127386,-120.506422,2.0,104.05,290.0,0,71,0.0,0.0,0.0,2.0,0,2.0,0.0,16.0,0
6521.9,9108.3,2586.4,42.4,90701,33.867593,-118.080637,1.0,107.75,42.0,0,61,0.0,2.0,2.0,2.0,0,2.0,2.0,71.0,0
1654.7,1971.66,316.96,11.32,92656,33.571259,-117.731917,1.0,59.9,13.0,0,28,2.0,2.0,2.0,1.0,0,0.0,0.0,11.0,0
1864.2,4747.08,2882.88,40.04,90505,33.807882,-118.347957,2.0,25.75,999.0,1,72,1.0,1.0,1.0,3.0,0,1.0,1.0,0.0,0
174.8,271.48,96.68,48.34,94545,37.62984,-122.120843,0.0,96.0,408.0,0,2,0.0,0.0,0.0,2.0,0,0.0,2.0,28.0,1
2259.35,2693.03,433.68,18.07,90640,34.015217,-118.109962,0.0,89.55,627.0,0,24,2.0,0.0,0.0,2.0,0,0.0,2.0,52.0,0
5610.7,7082.2,1471.5,29.43,93667,36.993666,-119.348267,1.0,108.55,995.0,1,50,2.0,2.0,2.0,2.0,0,0.0,2.0,14.0,1
5764.7,8808.98,3063.06,48.62,96031,41.232128,-123.194748,1.0,91.35,337.0,4,63,0.0,0.0,2.0,2.0,2,0.0,2.0,28.0,0
1899.65,2005.85,106.2,5.31,93208,36.057458,-118.591951,0.0,94.55,141.0,7,20,0.0,0.0,0.0,2.0,0,0.0,2.0,10.0,1
273.25,422.23,148.98,24.83,96057,41.251322,-122.105209,0.0,48.95,593.0,1,6,0.0,0.0,0.0,0.0,1,0.0,0.0,82.0,0
1776.95,2433.77,656.82,36.49,91356,34.157137,-118.548511,0.0,99.85,979.0,0,18,2.0,0.0,0.0,2.0,0,0.0,2.0,3.0,1
237.65,253.82,16.17,5.39,92592,33.507255,-117.029473,0.0,90.7,984.0,0,3,0.0,0.0,0.0,2.0,0,0.0,2.0,10.0,0
70.6,115.19,44.59,44.59,91768,34.067932,-117.785168,0.0,70.6,776.0,0,1,0.0,0.0,0.0,2.0,0,0.0,0.0,41.0,1
169.05,301.42,122.37,40.79,95464,39.12334,-122.838198,0.0,49.15,665.0,0,3,0.0,0.0,0.0,1.0,0,2.0,0.0,29.0,1
1309.0,1309.0,0.0,0.0,92707,33.714829,-117.872941,1.0,39.1,881.0,0,33,0.0,0.0,2.0,1.0,0,0.0,0.0,30.0,0
2171.15,3122.87,951.72,28.84,96112,41.932207,-120.135941,0.0,68.25,338.0,0,33,0.0,0.0,0.0,2.0,0,0.0,0.0,23.0,1
19.5,39.61,20.11,20.11,93953,36.587497,-121.944815,0.0,19.5,739.0,0,1,1.0,1.0,1.0,3.0,0,1.0,1.0,0.0,0
2404.15,2919.68,515.53,16.63,94545,37.62984,-122.120843,0.0,79.85,408.0,0,31,2.0,0.0,0.0,2.0,0,0.0,0.0,12.0,1
23.45,23.45,0.0,0.0,95121,37.304681,-121.809955,0.0,23.45,861.0,3,1,0.0,0.0,0.0,1.0,0,0.0,0.0,21.0,1
325.45,519.37,193.92,48.48,90255,33.97803,-118.217141,0.0,70.5,435.0,5,4,0.0,0.0,0.0,2.0,0,2.0,2.0,58.0,1
2555.9,2836.1,280.2,9.34,92586,33.707483,-117.200006,0.0,85.15,964.0,0,30,2.0,0.0,0.0,2.0,0,0.0,0.0,8.0,1
3244.4,3244.4,0.0,0.0,91020,34.2112,-118.230625,2.0,51.35,631.0,10,61,2.0,0.0,2.0,1.0,0,2.0,0.0,17.0,0
834.1,893.3,59.2,5.92,92630,33.644849,-117.684254,0.0,86.05,502.0,0,10,0.0,0.0,0.0,2.0,0,0.0,0.0,11.0,1
2625.25,3936.58,1331.52,35.04,92281,33.03679,-115.60503,0.0,69.5,1063.0,0,38,0.0,0.0,0.0,2.0,0,0.0,0.0,2.0,0
529.5,777.44,247.94,35.42,93207,35.865795,-118.69759,0.0,69.95,132.0,9,7,0.0,0.0,0.0,2.0,0,0.0,0.0,3.0,1
8046.85,9143.41,1096.56,15.23,94951,38.325599,-122.642352,2.0,112.4,741.0,5,72,0.0,2.0,2.0,2.0,0,2.0,0.0,2.0,0
289.3,786.4,497.1,33.14,95409,38.468893,-122.580539,0.0,19.4,891.0,0,15,1.0,1.0,1.0,3.0,0,1.0,1.0,0.0,1
69.35,91.38,22.03,22.03,92008,33.148116,-117.306043,0.0,69.35,156.0,0,1,0.0,0.0,0.0,2.0,0,0.0,0.0,26.0,1
73.0,93.55,20.55,20.55,95497,38.696659,-123.436861,0.0,73.0,989.0,0,1,0.0,0.0,2.0,2.0,0,0.0,0.0,5.0,1
6227.5,8470.3,2242.8,31.15,95451,38.93496,-122.792243,2.0,85.45,466.0,10,72,2.0,0.0,2.0,0.0,0,2.0,2.0,16.0,0
1335.2,3546.87,2211.67,33.01,95370,37.982716,-120.343732,2.0,19.65,934.0,4,67,1.0,1.0,1.0,3.0,0,1.0,1.0,0.0,0
146.9,200.76,53.86,26.93,90017,34.052842,-118.264495,0.0,70.75,552.0,0,2,0.0,2.0,0.0,1.0,0,0.0,2.0,10.0,1
2796.35,2796.35,0.0,0.0,93550,34.536232,-118.082935,0.0,39.9,722.0,0,68,0.0,0.0,0.0,1.0,0,2.0,2.0,58.0,0
4116.15,5882.65,1766.5,35.33,92113,32.697098,-117.116587,0.0,84.4,852.0,1,50,0.0,0.0,0.0,2.0,0,0.0,0.0,17.0,1
6322.1,9594.77,3272.67,47.43,94603,37.739113,-122.175602,2.0,90.65,688.0,0,69,2.0,2.0,2.0,1.0,0,2.0,2.0,22.0,0
4045.65,6125.87,2080.22,44.26,94572,38.027218,-122.23463,0.0,85.3,829.0,1,47,0.0,0.0,0.0,0.0,0,2.0,2.0,23.0,1
2169.8,2224.07,81.65,3.55,94960,37.99272,-122.575026,0.0,90.05,846.0,0,23,0.0,2.0,0.0,2.0,0,0.0,0.0,4.0,1
130.75,130.75,0.0,0.0,92027,33.141265,-116.967221,0.0,40.15,305.0,0,3,0.0,0.0,0.0,1.0,0,2.0,0.0,26.0,1
5817.0,8358.42,2541.42,40.34,93517,38.184583,-119.286558,1.0,90.05,111.0,0,63,2.0,0.0,0.0,2.0,0,2.0,0.0,8.0,0
70.0,108.8,38.8,38.8,95564,40.809636,-124.189977,0.0,70.0,844.0,1,1,0.0,0.0,0.0,2.0,0,0.0,0.0,4.0,1
688.5,955.62,316.36,28.76,96022,40.336392,-122.448533,0.0,70.5,223.0,0,11,2.0,0.0,2.0,1.0,0,2.0,0.0,27.0,0
79.65,102.13,22.48,22.48,92109,32.787836,-117.232376,0.0,79.65,852.0,0,1,0.0,0.0,0.0,2.0,0,0.0,0.0,5.0,1
1130.0,1286.45,156.45,10.43,95351,37.621458,-121.012295,0.0,83.2,620.0,0,15,0.0,0.0,2.0,2.0,0,0.0,0.0,29.0,0
19.3,68.5,49.2,49.2,93067,34.420998,-119.60137,0.0,19.3,963.0,0,1,1.0,1.0,1.0,3.0,0,1.0,1.0,0.0,1
7337.55,8198.8,861.25,13.25,95542,40.057784,-123.679461,2.0,109.3,354.0,4,65,2.0,2.0,0.0,2.0,2,2.0,2.0,47.0,0
1492.1,3055.94,1563.84,21.72,94585,38.197907,-122.017258,2.0,20.7,961.0,1,72,1.0,1.0,1.0,3.0,0,1.0,1.0,0.0,0
1493.55,1551.95,76.0,3.8,95123,37.238758,-121.828375,0.0,70.55,861.0,0,20,0.0,0.0,0.0,2.0,0,0.0,0.0,26.0,0
4805.3,6631.85,1826.55,33.21,95426,38.838088,-122.73203,2.0,88.8,204.0,5,55,2.0,0.0,0.0,2.0,0,2.0,0.0,4.0,0
2351.8,3253.74,901.94,34.69,92408,34.084909,-117.258107,0.0,91.25,848.0,0,26,0.0,0.0,0.0,2.0,0,0.0,0.0,27.0,1
5581.05,6196.49,615.44,10.99,93666,36.545353,-119.338535,0.0,98.6,962.0,0,56,0.0,0.0,2.0,2.0,0,0.0,2.0,28.0,0
5480.25,8515.77,3035.52,42.16,96034,41.411315,-122.697236,2.0,75.4,359.0,7,72,0.0,0.0,2.0,0.0,0,2.0,2.0,18.0,0
2196.15,2657.65,461.5,18.46,92109,32.787836,-117.232376,0.0,89.5,852.0,0,25,0.0,0.0,2.0,2.0,0,0.0,0.0,3.0,1
113.35,124.01,10.66,5.33,95222,38.071327,-120.632221,0.0,55.1,25.0,0,2,0.0,2.0,0.0,0.0,0,2.0,0.0,52.0,1
824.85,1442.81,617.96,44.14,93604,37.458367,-119.345011,0.0,59.8,62.0,0,14,0.0,0.0,0.0,1.0,1,2.0,0.0,24.0,0
810.2,810.2,0.0,0.0,95369,37.521708,-120.426843,0.0,49.95,925.0,1,16,2.0,0.0,0.0,1.0,0,0.0,2.0,29.0,1
4059.35,5997.3,1937.95,39.55,93563,34.39583,-117.734568,1.0,84.35,1030.0,1,49,2.0,2.0,0.0,0.0,0,2.0,2.0,10.0,1
3959.35,4698.97,766.92,18.26,95420,39.361283,-123.784599,0.0,95.25,166.0,1,42,0.0,0.0,2.0,2.0,0,2.0,0.0,29.0,1
68.95,90.6,21.65,21.65,92320,33.982787,-117.057627,0.0,68.95,133.0,1,1,0.0,0.0,0.0,2.0,0,0.0,0.0,13.0,1
857.75,857.75,0.0,0.0,95709,38.748316,-120.675512,2.0,40.1,140.0,0,23,2.0,2.0,0.0,1.0,3,2.0,0.0,26.0,0
1052.4,1224.96,172.56,14.38,95240,38.123544,-121.159078,0.0,89.75,539.0,0,12,0.0,0.0,2.0,2.0,0,0.0,0.0,6.0,1
4911.05,6696.05,1785.0,35.0,95687,38.333133,-121.920151,1.0,96.4,1022.0,7,51,0.0,2.0,2.0,2.0,0,0.0,2.0,8.0,0
191.35,298.27,106.92,35.64,92028,33.362575,-117.299644,0.0,69.35,315.0,0,3,2.0,0.0,0.0,0.0,0,0.0,2.0,6.0,1
49.8,88.01,38.21,38.21,95128,37.316146,-121.936285,0.0,49.8,861.0,0,1,0.0,2.0,0.0,0.0,0,0.0,0.0,13.0,0
90.35,90.35,0.0,0.0,94601,37.776523,-122.219268,0.0,49.25,688.0,0,2,0.0,0.0,0.0,1.0,0,2.0,2.0,51.0,1
1691.9,2306.96,615.06,34.17,93306,35.449881,-118.841442,0.0,94.75,56.0,1,18,0.0,0.0,0.0,2.0,0,0.0,2.0,16.0,0
3107.3,4693.82,1586.52,40.68,96019,40.692523,-122.369876,0.0,81.5,909.0,7,39,2.0,0.0,0.0,2.0,5,2.0,0.0,76.0,0
1734.5,1761.7,27.2,1.36,91731,34.079934,-118.046695,0.0,85.25,289.0,0,20,0.0,0.0,0.0,2.0,0,0.0,0.0,25.0,1
319.15,376.35,57.2,14.3,93933,36.689582,-121.758398,0.0,80.6,580.0,1,4,2.0,0.0,0.0,2.0,0,2.0,0.0,2.0,1
2763.35,4651.25,1887.9,44.95,93244,36.462671,-118.997291,1.0,63.7,522.0,10,42,2.0,2.0,0.0,1.0,3,0.0,2.0,69.0,0
1068.85,1389.55,320.7,32.07,90028,34.099869,-118.326843,0.0,102.1,552.0,1,10,0.0,0.0,2.0,2.0,0,2.0,2.0,22.0,1
5680.9,6050.68,384.54,7.54,95033,37.160194,-121.945611,1.0,107.45,554.0,0,51,0.0,2.0,2.0,2.0,0,2.0,2.0,6.0,0
75.45,189.0,113.55,37.85,95661,38.736685,-121.251984,0.0,20.05,833.0,0,3,1.0,1.0,1.0,3.0,1,1.0,1.0,0.0,0
354.05,595.48,241.43,34.49,92536,33.482243,-116.827173,0.0,51.0,5.0,0,7,0.0,2.0,0.0,0.0,0,0.0,0.0,22.0,1
312.7,473.26,160.56,26.76,90047,33.958149,-118.308441,0.0,49.5,552.0,0,6,2.0,0.0,0.0,1.0,0,0.0,0.0,22.0,0
3327.05,3721.85,394.8,13.16,93455,34.818227,-120.418784,1.0,110.45,888.0,0,30,2.0,0.0,2.0,2.0,0,2.0,2.0,27.0,0
90.75,113.81,23.06,23.06,94589,38.161321,-122.271588,0.0,90.75,1025.0,0,1,0.0,0.0,0.0,2.0,0,0.0,2.0,52.0,1
4154.8,4880.68,725.88,15.78,94105,37.789168,-122.395009,0.0,93.7,855.0,0,46,0.0,2.0,2.0,2.0,0,0.0,2.0,3.0,1
155.35,155.35,0.0,0.0,93523,34.966777,-117.961179,0.0,50.6,283.0,0,3,0.0,0.0,2.0,0.0,0,0.0,2.0,25.0,1
422.6,422.6,0.0,0.0,92703,33.748635,-117.906125,1.0,40.4,881.0,0,11,2.0,0.0,2.0,1.0,0,2.0,0.0,59.0,0
2995.45,4194.22,1198.77,38.67,96017,41.121108,-122.336613,0.0,91.15,169.0,1,31,0.0,0.0,2.0,0.0,0,0.0,2.0,13.0,1
69.5,190.7,41.2,41.2,93933,36.689582,-121.758398,0.0,69.5,580.0,0,1,0.0,0.0,0.0,2.0,0,0.0,0.0,15.0,1
350.3,444.8,74.5,14.9,95981,39.58458,-121.093256,0.0,67.95,958.0,1,5,2.0,0.0,0.0,1.0,0,2.0,0.0,4.0,1
7840.6,8862.28,1021.68,14.19,94109,37.794487,-122.42227,2.0,108.2,855.0,10,72,2.0,0.0,2.0,2.0,0,2.0,2.0,71.0,0
5774.55,6955.35,1180.8,19.68,93701,36.749403,-119.787574,1.0,93.25,349.0,4,60,0.0,2.0,2.0,2.0,3,0.0,0.0,53.0,0
150.0,297.63,147.63,21.09,91741,34.14649,-117.849815,1.0,20.65,367.0,1,7,1.0,1.0,1.0,3.0,0,1.0,1.0,0.0,0
1267.95,2065.55,797.6,49.85,90301,33.956445,-118.358634,0.0,79.95,446.0,1,16,0.0,0.0,2.0,2.0,2,0.0,0.0,69.0,0
334.8,563.6,228.8,45.76,92557,33.970661,-117.255039,0.0,74.35,634.0,4,5,0.0,0.0,0.0,2.0,0,0.0,0.0,22.0,1
720.1,1118.2,398.1,26.54,94066,37.624436,-122.430661,0.0,48.8,849.0,0,15,0.0,0.0,0.0,1.0,0,0.0,0.0,18.0,0
6383.35,6824.17,440.82,7.11,94558,38.489789,-122.27011,1.0,103.75,651.0,1,62,0.0,0.0,2.0,2.0,0,2.0,2.0,16.0,1
35.25,35.25,0.0,0.0,93644,37.648647,-119.231447,0.0,35.25,687.0,0,1,0.0,0.0,0.0,1.0,0,0.0,2.0,9.0,1
4687.9,5312.26,624.36,14.52,93101,34.419203,-119.710008,0.0,110.75,882.0,1,43,2.0,0.0,2.0,2.0,0,2.0,0.0,5.0,1
19.7,53.98,34.28,34.28,91010,34.145695,-117.95982,0.0,19.7,269.0,2,1,1.0,1.0,1.0,3.0,3,1.0,1.0,0.0,0
3091.75,3701.06,624.24,18.36,95987,39.117537,-122.284654,0.0,89.85,1071.0,5,34,0.0,0.0,2.0,2.0,3,2.0,0.0,85.0,0
20.9,36.63,15.73,15.73,95254,38.192608,-120.957842,0.0,20.9,1041.0,0,1,1.0,1.0,1.0,3.0,0,1.0,1.0,0.0,1
1201.65,1766.73,565.08,33.24,95335,38.109125,-120.078597,1.0,70.35,545.0,5,17,0.0,2.0,0.0,1.0,3,2.0,0.0,76.0,0
1096.25,1587.23,490.98,35.07,90304,33.936827,-118.359824,0.0,74.3,446.0,0,14,0.0,0.0,0.0,2.0,0,0.0,0.0,10.0,1
3247.55,4838.92,1591.37,43.01,94038,37.515556,-122.502311,1.0,91.2,638.0,1,37,0.0,0.0,0.0,2.0,3,0.0,2.0,51.0,0
329.75,579.48,249.73,14.69,93609,36.5276,-119.865999,1.0,19.9,164.0,8,17,1.0,1.0,1.0,3.0,0,1.0,1.0,0.0,0
3751.15,3751.15,0.0,0.0,96075,40.343213,-121.815412,2.0,61.45,737.0,8,61,2.0,0.0,2.0,1.0,3,2.0,2.0,26.0,0
1269.55,1639.0,369.45,24.63,93531,35.214982,-118.59049,0.0,85.9,465.0,0,15,0.0,0.0,2.0,2.0,0,0.0,2.0,13.0,1
4242.35,4528.97,286.62,5.62,92028,33.362575,-117.299644,0.0,80.0,315.0,0,51,0.0,0.0,0.0,2.0,0,2.0,0.0,16.0,1
5118.95,6892.73,1773.78,37.74,91770,34.065108,-118.082791,0.0,107.35,832.0,1,47,2.0,0.0,0.0,2.0,0,2.0,2.0,7.0,1
947.75,947.75,0.0,0.0,90043,33.988543,-118.334081,1.0,25.25,552.0,8,39,0.0,0.0,0.0,1.0,0,0.0,0.0,48.0,0
4029.95,5179.55,1149.6,23.95,93030,34.223244,-119.18012,1.0,82.05,712.0,1,48,0.0,0.0,0.0,2.0,0,0.0,2.0,30.0,1
609.1,1402.08,792.98,25.58,95565,40.440636,-124.098739,2.0,20.4,897.0,0,31,1.0,1.0,1.0,3.0,0,1.0,1.0,0.0,0
712.85,712.85,0.0,0.0,96025,41.212695,-122.392067,0.0,25.1,276.0,0,29,0.0,0.0,0.0,0.0,0,0.0,0.0,22.0,1
1917.1,2347.2,430.1,18.7,92249,32.730583,-115.501083,0.0,81.0,410.0,0,23,0.0,0.0,0.0,2.0,0,2.0,0.0,24.0,1
50.65,65.43,14.78,14.78,92122,32.85723,-117.209774,0.0,50.65,852.0,0,1,0.0,0.0,2.0,1.0,0,0.0,2.0,59.0,1
6590.5,7686.04,1095.54,17.67,94024,37.352911,-122.093002,2.0,104.05,551.0,0,62,2.0,0.0,0.0,2.0,1,2.0,2.0,19.0,0
75.3,114.74,39.44,39.44,92386,34.243088,-116.830015,0.0,75.3,960.0,0,1,0.0,0.0,0.0,2.0,0,0.0,0.0,18.0,1
265.35,456.63,191.28,47.82,92113,32.697098,-117.116587,0.0,74.35,852.0,0,4,0.0,0.0,0.0,2.0,0,0.0,0.0,13.0,1
2404.85,3021.17,616.32,25.68,93940,36.362741,-121.869685,0.0,99.65,628.0,0,24,0.0,0.0,2.0,2.0,0,0.0,2.0,6.0,0
667.7,667.7,0.0,0.0,93263,35.490705,-119.286833,0.0,46.35,907.0,1,14,0.0,0.0,0.0,1.0,0,0.0,2.0,12.0,1
289.3,786.4,497.1,33.14,95409,38.468893,-122.580539,0.0,19.4,891.0,0,15,1.0,1.0,1.0,3.0,0,1.0,1.0,0.0,1
219.0,219.0,0.0,0.0,95635,38.921333,-120.897718,0.0,43.25,385.0,0,5,2.0,2.0,2.0,0.0,0,2.0,0.0,59.0,1
102.45,128.33,25.88,25.88,92845,33.782955,-118.026456,0.0,102.45,355.0,1,1,0.0,2.0,0.0,2.0,0,2.0,2.0,9.0,1
30.2,30.2,0.0,0.0,90029,34.089953,-118.294824,0.0,30.2,552.0,1,1,0.0,0.0,2.0,1.0,0,0.0,0.0,58.0,1
50.65,65.43,14.78,14.78,92122,32.85723,-117.209774,0.0,50.65,852.0,0,1,0.0,0.0,2.0,1.0,0,0.0,2.0,59.0,1
314.95,856.75,541.8,45.15,90038,34.088017,-118.327168,1.0,26.4,552.0,5,12,1.0,1.0,1.0,3.0,0,1.0,1.0,0.0,0
1058.25,1313.55,145.3,14.53,93626,37.027663,-119.69056,0.0,98.5,350.0,0,10,2.0,0.0,0.0,2.0,0,0.0,2.0,30.0,1
1868.4,2094.72,226.32,9.84,92020,32.79697,-116.969082,0.0,85.6,284.0,10,23,0.0,0.0,0.0,2.0,1,0.0,2.0,71.0,0
162.55,212.45,49.9,24.95,93611,36.917652,-119.593757,2.0,81.5,200.0,0,2,0.0,0.0,0.0,2.0,0,0.0,0.0,22.0,0
6109.75,7431.88,1292.13,20.51,96073,40.582399,-122.195512,1.0,96.0,724.0,5,63,0.0,0.0,2.0,2.0,0,0.0,2.0,51.0,0
4194.85,5658.64,1463.79,24.81,91767,34.083086,-117.737997,2.0,72.1,776.0,9,59,2.0,0.0,0.0,0.0,0,2.0,0.0,24.0,0
4036.85,5544.45,1507.6,37.69,92241,33.832799,-116.250973,0.0,104.5,255.0,0,40,0.0,0.0,2.0,2.0,0,2.0,2.0,15.0,1
6001.45,7893.07,1891.62,30.51,94065,37.527497,-122.230941,1.0,96.1,809.0,4,62,0.0,2.0,2.0,2.0,0,0.0,2.0,41.0,0
59.85,81.9,22.05,22.05,90250,33.914775,-118.348083,0.0,59.85,407.0,0,1,0.0,0.0,0.0,0.0,0,0.0,0.0,28.0,1
1356.7,3301.81,1945.11,28.19,92251,32.858595,-115.662709,2.0,19.9,441.0,10,69,1.0,1.0,1.0,3.0,2,1.0,1.0,0.0,0
71.65,100.11,28.46,28.46,92532,33.705836,-117.318204,0.0,71.65,501.0,0,1,0.0,0.0,0.0,2.0,0,0.0,0.0,12.0,1
538.2,1503.99,965.79,35.77,95629,38.513484,-120.704613,2.0,20.25,322.0,0,27,1.0,1.0,1.0,3.0,0,1.0,1.0,0.0,0
223.45,223.45,0.0,0.0,91789,34.018354,-117.85492,0.0,40.0,1042.0,0,5,2.0,2.0,0.0,0.0,0,2.0,2.0,59.0,1
1470.95,1800.75,329.8,16.49,94014,37.691561,-122.445202,0.0,70.45,239.0,1,20,0.0,0.0,0.0,2.0,0,0.0,0.0,8.0,1
346.2,539.6,193.4,48.35,92807,33.848733,-117.788357,0.0,89.2,23.0,0,4,0.0,0.0,0.0,0.0,0,2.0,0.0,24.0,1
2728.6,4041.42,1312.82,32.02,92223,33.946982,-116.977672,1.0,66.5,65.0,1,41,2.0,0.0,2.0,1.0,0,0.0,2.0,28.0,1
1284.2,1571.56,287.36,17.96,93224,35.215731,-119.57013,0.0,73.85,319.0,1,16,0.0,0.0,0.0,2.0,0,0.0,0.0,30.0,1
217.5,267.5,0.0,0.0,95674,38.954144,-121.482536,2.0,40.55,821.0,7,6,2.0,0.0,2.0,0.0,2,2.0,0.0,10.0,0
4469.1,4929.1,460.0,11.5,94589,38.161321,-122.271588,0.0,110.1,1025.0,6,40,2.0,2.0,2.0,2.0,3,0.0,2.0,22.0,0
45.95,51.07,5.12,5.12,91351,34.422519,-118.420717,0.0,45.95,149.0,0,1,0.0,0.0,0.0,1.0,0,0.0,2.0,30.0,1
5437.75,8204.85,2767.1,39.53,94588,37.685052,-121.912061,2.0,75.35,771.0,9,70,2.0,2.0,0.0,1.0,3,0.0,2.0,53.0,0
42.9,46.92,4.02,4.02,93201,35.869626,-119.498771,0.0,42.9,15.0,0,1,0.0,0.0,0.0,0.0,0,0.0,0.0,11.0,1
84.4,178.2,83.8,41.9,93522,36.319181,-117.593053,0.0,45.55,242.0,0,2,0.0,0.0,0.0,1.0,0,0.0,0.0,71.0,0
709.5,1216.58,507.08,36.22,93530,36.560498,-117.962461,0.0,50.1,464.0,0,14,0.0,2.0,0.0,0.0,0,0.0,0.0,59.0,0
2145.0,2285.0,0.0,0.0,92397,34.358321,-117.618263,0.0,45.3,1093.0,3,48,0.0,2.0,0.0,0.0,0,2.0,2.0,58.0,1
1180.95,1601.15,410.2,29.3,92679,33.631119,-117.567346,0.0,86.3,1000.0,0,14,0.0,0.0,2.0,2.0,0,0.0,2.0,26.0,1
1732.6,2634.12,761.52,31.73,93218,35.846067,-119.004073,1.0,70.0,271.0,0,24,0.0,0.0,0.0,2.0,0,0.0,0.0,13.0,0
4284.65,5406.17,1031.52,18.42,94606,37.792489,-122.244314,1.0,75.75,688.0,0,56,2.0,0.0,2.0,1.0,0,0.0,2.0,13.0,0
3211.9,4546.6,1274.7,42.49,93277,36.303793,-119.375646,0.0,106.4,1038.0,0,30,2.0,2.0,0.0,2.0,0,0.0,2.0,73.0,0
631.85,949.73,257.88,36.84,92341,34.244411,-117.072654,0.0,89.35,380.0,0,7,0.0,0.0,0.0,2.0,0,2.0,0.0,17.0,1
231.45,779.25,547.8,49.8,92252,34.167236,-116.281511,2.0,20.4,460.0,0,11,1.0,1.0,1.0,3.0,0,1.0,1.0,0.0,0
296.15,626.55,330.4,20.65,92025,33.081478,-117.033814,1.0,20.1,305.0,0,16,1.0,1.0,1.0,3.0,0,1.0,1.0,0.0,0
99.6,289.45,189.85,37.97,92592,33.507255,-117.029473,1.0,19.55,984.0,0,5,1.0,1.0,1.0,3.0,0,1.0,1.0,0.0,0
96.45,160.95,34.5,17.25,95563,40.89866,-123.539754,0.0,45.0,843.0,0,2,0.0,0.0,0.0,0.0,0,0.0,0.0,3.0,1
70.25,93.25,23.0,23.0,93312,35.392599,-119.245341,0.0,70.25,56.0,0,1,0.0,0.0,0.0,2.0,0,0.0,0.0,59.0,1
25.2,25.2,0.0,0.0,92371,34.441123,-117.537886,0.0,25.2,747.0,0,1,0.0,0.0,0.0,1.0,0,0.0,2.0,73.0,1
1782.4,2837.0,974.6,48.73,92544,33.644585,-116.871544,0.0,94.1,413.0,0,20,0.0,0.0,2.0,2.0,0,2.0,0.0,12.0,1
3187.65,4219.21,1031.56,25.16,91702,34.174493,-117.87068,1.0,74.7,53.0,10,41,2.0,2.0,0.0,1.0,0,0.0,2.0,11.0,0
2716.3,3987.79,1271.49,38.53,95526,40.372532,-123.525626,0.0,83.85,112.0,0,33,0.0,0.0,2.0,2.0,0,2.0,0.0,2.0,1
424.15,606.75,182.6,36.52,95828,38.486938,-121.395805,0.0,85.3,838.0,0,5,0.0,0.0,2.0,2.0,0,2.0,0.0,27.0,1
365.65,512.69,147.04,36.76,94590,38.104705,-122.247387,0.0,89.6,1025.0,0,4,0.0,0.0,2.0,2.0,0,0.0,0.0,20.0,1
84.75,213.35,128.6,32.15,92253,33.695532,-116.310571,1.0,20.4,492.0,0,4,1.0,1.0,1.0,3.0,1,1.0,1.0,0.0,0
4443.45,5001.08,427.63,10.43,90033,34.050198,-118.210946,0.0,106.3,552.0,0,41,0.0,0.0,2.0,2.0,0,2.0,2.0,22.0,1
957.1,1766.56,809.46,44.97,90210,34.099891,-118.414338,1.0,54.4,77.0,2,18,2.0,0.0,0.0,0.0,0,2.0,0.0,7.0,0
1611.65,2528.03,916.38,33.94,96107,38.42528,-119.475741,0.0,59.45,205.0,0,27,2.0,0.0,0.0,0.0,0,2.0,0.0,25.0,0
4259.3,5175.38,924.96,22.56,95488,39.724433,-123.767578,0.0,99.8,1064.0,0,41,0.0,0.0,0.0,2.0,0,2.0,0.0,15.0,1
7321.05,10462.68,3141.63,46.89,95035,37.441931,-121.878502,2.0,111.05,613.0,8,67,2.0,2.0,2.0,2.0,0,2.0,2.0,29.0,0
6976.75,7804.33,767.58,11.63,93021,34.312945,-118.858169,1.0,102.85,632.0,0,66,2.0,0.0,0.0,2.0,0,2.0,0.0,5.0,0
5610.7,7082.2,1471.5,29.43,93667,36.993666,-119.348267,1.0,108.55,995.0,1,50,2.0,2.0,2.0,2.0,0,0.0,2.0,14.0,1
292.85,382.63,69.78,23.26,92109,32.787836,-117.232376,0.0,95.2,852.0,5,3,0.0,0.0,0.0,2.0,0,0.0,2.0,42.0,1
5460.2,8526.9,3066.7,43.81,95485,39.220368,-122.907693,2.0,80.6,1021.0,5,70,2.0,2.0,0.0,1.0,0,0.0,2.0,17.0,0
8443.7,11795.78,3232.08,44.89,94129,37.797526,-122.464531,2.0,115.75,855.0,2,72,2.0,2.0,2.0,2.0,0,2.0,0.0,24.0,0
3274.35,4348.8,1074.45,18.85,95249,38.196497,-120.61689,1.0,59.3,845.0,6,57,2.0,2.0,0.0,0.0,1,2.0,0.0,24.0,0
1334.0,1478.48,144.48,2.58,91206,34.162515,-118.203869,1.0,24.9,366.0,0,56,1.0,1.0,1.0,3.0,0,1.0,1.0,0.0,1
191.1,468.57,277.47,30.83,92327,34.875144,-116.821698,2.0,20.35,238.0,9,9,1.0,1.0,1.0,3.0,1,1.0,1.0,0.0,0
7069.25,7492.77,363.52,5.68,93921,36.554618,-121.922239,2.0,110.5,158.0,0,64,2.0,0.0,2.0,2.0,0,2.0,2.0,24.0,0
2122.05,3280.62,1158.57,42.91,90059,33.927254,-118.249826,0.0,81.45,552.0,0,27,0.0,0.0,2.0,2.0,0,0.0,0.0,5.0,1
888.65,1260.34,371.69,33.79,94556,37.827946,-122.107185,0.0,75.25,633.0,0,11,0.0,0.0,0.0,2.0,0,0.0,0.0,23.0,0
8248.5,10143.54,1895.04,26.32,92626,33.678591,-117.905471,2.0,113.1,221.0,10,72,2.0,2.0,2.0,2.0,5,2.0,2.0,53.0,0
47.95,94.18,46.23,46.23,91203,34.153338,-118.262974,0.0,47.95,366.0,0,1,0.0,2.0,0.0,1.0,0,0.0,0.0,25.0,0
3213.75,4654.02,1440.27,36.93,90740,33.75462,-118.071128,1.0,81.4,900.0,0,39,0.0,0.0,2.0,2.0,0,0.0,0.0,12.0,0
1553.95,2242.75,688.8,45.92,95305,37.818589,-120.256995,0.0,101.35,84.0,0,15,2.0,0.0,0.0,2.0,0,2.0,2.0,12.0,1
5538.8,8172.2,2633.4,41.8,95548,41.572813,-124.035011,2.0,89.6,476.0,0,63,0.0,0.0,0.0,2.0,0,2.0,2.0,16.0,0
5981.65,7227.25,1245.6,17.3,92284,34.159534,-116.425984,2.0,84.1,1101.0,1,72,0.0,2.0,2.0,1.0,0,2.0,0.0,23.0,0
1043.35,1802.55,759.2,47.45,93067,34.420998,-119.60137,0.0,65.2,963.0,0,16,0.0,0.0,0.0,1.0,0,2.0,2.0,30.0,1
165.2,168.92,3.72,1.24,91910,32.636792,-117.054989,0.0,55.35,189.0,0,3,0.0,2.0,2.0,1.0,0,0.0,2.0,52.0,1
245.2,585.21,340.01,30.91,95815,38.608405,-121.449942,0.0,23.15,838.0,0,11,1.0,1.0,1.0,3.0,0,1.0,1.0,0.0,1
700.45,1942.95,1242.5,35.5,95658,38.883224,-121.15918,1.0,20.75,659.0,0,35,1.0,1.0,1.0,3.0,0,1.0,1.0,0.0,0
318.5,468.75,150.25,30.05,92109,32.787836,-117.232376,0.0,69.05,852.0,0,5,0.0,0.0,0.0,2.0,0,0.0,0.0,11.0,1
19.9,69.41,49.51,49.51,93553,34.445239,-117.894868,0.0,19.9,738.0,0,1,1.0,1.0,1.0,3.0,0,1.0,1.0,0.0,1
25.35,25.35,0.0,0.0,92128,33.000269,-117.072093,0.0,25.35,852.0,0,1,0.0,0.0,0.0,1.0,0,0.0,0.0,13.0,0
5514.95,8141.35,2626.4,46.9,95963,39.748037,-122.302169,1.0,100.55,707.0,7,56,0.0,2.0,0.0,2.0,0,0.0,2.0,48.0,0
1058.25,1313.55,145.3,14.53,93626,37.027663,-119.69056,0.0,98.5,350.0,0,10,2.0,0.0,0.0,2.0,0,0.0,2.0,30.0,1
2043.45,2251.2,207.75,8.31,93705,36.78724,-119.827813,0.0,84.8,349.0,0,25,0.0,0.0,0.0,2.0,0,0.0,2.0,22.0,1
1215.65,1595.38,379.73,29.21,90703,33.8681,-118.067402,0.0,85.95,179.0,0,13,0.0,0.0,0.0,2.0,0,0.0,2.0,22.0,0
1194.3,1946.14,751.84,46.99,91601,34.1692,-118.372498,0.0,72.65,674.0,0,16,0.0,0.0,0.0,2.0,0,0.0,0.0,17.0,1
682.1,2100.58,1418.48,41.72,93907,36.77462,-121.664714,1.0,20.1,841.0,1,34,1.0,1.0,1.0,3.0,1,1.0,1.0,0.0,0
20.45,32.06,11.61,11.61,93277,36.303793,-119.375646,0.0,20.45,1038.0,0,1,1.0,1.0,1.0,3.0,0,1.0,1.0,0.0,0
1867.7,4518.74,2651.04,36.82,90250,33.914775,-118.348083,2.0,25.55,407.0,4,72,1.0,1.0,1.0,3.0,3,1.0,1.0,0.0,0
1373.05,1840.6,483.12,26.84,92115,32.762506,-117.07245,0.0,70.5,852.0,0,18,2.0,0.0,0.0,2.0,0,0.0,0.0,20.0,0
1067.65,3413.15,2345.5,46.91,96048,40.913192,-123.06597,2.0,20.55,462.0,4,50,1.0,1.0,1.0,3.0,0,1.0,1.0,0.0,0
1059.55,1207.87,148.32,12.36,95601,38.431407,-120.8421,0.0,84.45,21.0,0,12,0.0,0.0,0.0,2.0,0,0.0,0.0,23.0,1
1218.25,1307.53,89.28,3.72,92120,32.807867,-117.060993,0.0,49.7,852.0,0,24,0.0,0.0,2.0,0.0,0,0.0,0.0,59.0,0
2303.35,3818.23,1514.88,47.34,92122,32.85723,-117.209774,0.0,74.9,852.0,2,32,0.0,0.0,0.0,2.0,0,0.0,0.0,10.0,1
1393.6,2230.45,836.85,39.85,92240,33.948558,-116.516976,0.0,61.65,255.0,0,21,0.0,0.0,0.0,1.0,0,2.0,2.0,52.0,0
8041.65,8881.17,839.52,11.66,91324,34.238208,-118.55029,2.0,112.25,677.0,2,72,2.0,0.0,2.0,2.0,3,2.0,2.0,28.0,0
810.85,810.85,0.0,0.0,91304,34.224377,-118.632656,0.0,30.1,147.0,0,28,2.0,0.0,0.0,1.0,0,0.0,0.0,48.0,0
5598.0,5836.26,238.26,4.18,93960,36.414216,-121.360597,1.0,97.55,928.0,1,57,0.0,0.0,2.0,2.0,3,2.0,2.0,73.0,0
962.25,2301.31,1339.06,32.66,91733,34.04622,-118.053753,1.0,24.85,938.0,0,41,1.0,1.0,1.0,3.0,0,1.0,1.0,0.0,0
3566.7,4894.56,1327.86,24.59,95618,38.544002,-121.685559,2.0,65.65,244.0,1,54,2.0,2.0,2.0,1.0,2,0.0,0.0,52.0,0
5224.35,8373.29,3008.94,45.59,91362,34.191842,-118.822796,0.0,80.45,992.0,0,66,0.0,0.0,2.0,2.0,0,0.0,0.0,24.0,1
6252.9,9202.19,2909.29,49.31,92833,33.877639,-117.961212,0.0,106.75,351.0,7,59,2.0,2.0,2.0,2.0,0,2.0,0.0,21.0,1
233.7,261.36,27.66,9.22,92122,32.85723,-117.209774,0.0,81.35,852.0,0,3,0.0,0.0,2.0,2.0,0,0.0,0.0,14.0,1
2566.5,2789.25,222.75,8.91,92122,32.85723,-117.209774,0.0,104.95,852.0,1,25,2.0,0.0,0.0,2.0,0,2.0,2.0,10.0,1
69.8,80.88,11.08,11.08,95984,40.022184,-121.062384,0.0,69.8,1014.0,1,1,0.0,0.0,0.0,2.0,0,0.0,0.0,13.0,1
5000.05,5939.47,939.42,18.42,94610,37.808731,-122.238708,1.0,95.15,688.0,2,51,2.0,2.0,0.0,2.0,1,0.0,2.0,47.0,0
8109.8,10351.16,2241.36,31.13,92831,33.879983,-117.895482,1.0,109.25,351.0,1,72,2.0,0.0,2.0,2.0,0,2.0,2.0,11.0,1
325.45,519.37,193.92,48.48,90255,33.97803,-118.217141,0.0,70.5,435.0,5,4,0.0,0.0,0.0,2.0,0,2.0,2.0,58.0,1
2791.5,3271.65,480.15,10.67,94015,37.680844,-122.48131,1.0,62.7,239.0,0,45,0.0,2.0,0.0,1.0,0,2.0,0.0,17.0,1
701.05,956.24,255.19,19.63,93222,34.907911,-119.234281,1.0,54.15,344.0,5,13,2.0,2.0,0.0,1.0,1,0.0,0.0,12.0,0
158.4,205.32,46.92,23.46,90230,33.993991,-118.39704,0.0,75.45,234.0,0,2,0.0,0.0,0.0,2.0,0,0.0,0.0,25.0,1
1024.0,1396.96,372.96,23.31,90814,33.771612,-118.143866,2.0,64.25,546.0,9,16,0.0,2.0,0.0,1.0,0,2.0,0.0,27.0,0
547.65,578.61,30.96,5.16,95476,38.25485,-122.461799,0.0,99.95,933.0,0,6,2.0,0.0,0.0,2.0,0,2.0,2.0,59.0,1
3588.4,4039.06,450.66,10.73,93287,35.710244,-118.881679,0.0,84.3,1092.0,1,42,2.0,0.0,0.0,2.0,0,2.0,0.0,22.0,1
8684.8,11195.44,2510.64,34.87,95519,40.965011,-124.015255,1.0,117.8,594.0,1,72,2.0,2.0,2.0,2.0,0,2.0,2.0,8.0,1
943.85,1409.65,445.8,37.15,92327,34.875144,-116.821698,1.0,79.2,238.0,3,12,2.0,2.0,0.0,1.0,0,2.0,2.0,13.0,0
70.8,101.4,30.6,30.6,92276,33.849263,-116.382778,0.0,70.8,993.0,0,1,0.0,0.0,0.0,2.0,0,0.0,2.0,27.0,1
20.2,62.35,42.15,42.15,91784,34.141146,-117.655583,0.0,20.2,1020.0,0,1,1.0,1.0,1.0,3.0,0,1.0,1.0,0.0,0
1620.2,2761.35,1141.15,39.35,90071,34.052917,-118.255178,1.0,55.25,552.0,0,29,0.0,0.0,2.0,1.0,0,0.0,0.0,69.0,0
1362.85,1362.85,0.0,0.0,95555,41.336354,-124.044354,1.0,54.55,705.0,0,26,2.0,2.0,0.0,0.0,0,0.0,2.0,82.0,0
160.85,213.11,52.26,17.42,94601,37.776523,-122.219268,0.0,50.15,688.0,0,3,0.0,2.0,0.0,1.0,0,0.0,0.0,59.0,0
8684.8,11195.44,2510.64,34.87,95519,40.965011,-124.015255,1.0,117.8,594.0,1,72,2.0,2.0,2.0,2.0,0,2.0,2.0,8.0,1
6674.65,8759.85,2085.2,32.08,91101,34.146635,-118.139225,1.0,100.75,732.0,6,65,0.0,2.0,0.0,2.0,0,0.0,0.0,8.0,0
5265.2,6922.64,1657.44,23.02,94511,38.050558,-121.646924,2.0,73.0,76.0,0,72,2.0,2.0,2.0,0.0,0,2.0,2.0,69.0,0
3741.85,4817.25,1075.4,28.3,91962,32.800671,-116.483363,1.0,101.15,754.0,9,38,0.0,0.0,2.0,2.0,1,0.0,0.0,27.0,0
1250.1,2767.86,1517.76,24.48,92258,33.906496,-116.569499,2.0,20.0,675.0,0,62,1.0,1.0,1.0,3.0,2,1.0,1.0,0.0,0
20.15,23.24,3.09,3.09,90004,34.076259,-118.310715,0.0,20.15,552.0,1,1,1.0,1.0,1.0,3.0,1,1.0,1.0,0.0,1
2555.9,2836.1,280.2,9.34,92586,33.707483,-117.200006,0.0,85.15,964.0,0,30,2.0,0.0,0.0,2.0,0,0.0,0.0,8.0,1
70.15,118.12,47.97,47.97,93426,35.842889,-121.004862,0.0,70.15,106.0,0,1,0.0,0.0,0.0,2.0,0,0.0,0.0,8.0,1
4039.0,5221.07,1182.07,27.49,95678,38.759751,-121.288545,0.0,92.55,833.0,3,43,0.0,0.0,0.0,2.0,3,2.0,2.0,53.0,0
3444.85,3674.85,230.0,4.6,95638,38.313447,-121.123886,0.0,71.05,414.0,1,50,0.0,0.0,0.0,0.0,0,0.0,0.0,24.0,1
1799.3,2051.42,252.12,11.46,95969,39.69676,-121.644379,0.0,83.05,728.0,0,22,0.0,0.0,0.0,2.0,0,0.0,2.0,16.0,0
1816.2,4100.98,2284.78,32.18,92027,33.141265,-116.967221,2.0,24.5,305.0,9,71,1.0,1.0,1.0,3.0,0,1.0,1.0,0.0,0
4528.0,6662.52,2134.52,49.64,92121,32.898613,-117.202937,0.0,101.4,852.0,0,43,0.0,0.0,2.0,2.0,0,0.0,2.0,27.0,1
5730.15,7605.03,1874.88,26.04,95991,39.02741,-121.614982,2.0,78.95,1099.0,10,72,2.0,0.0,2.0,0.0,0,0.0,2.0,6.0,0
71.55,88.82,17.27,17.27,93103,34.438581,-119.685368,0.0,71.55,882.0,0,1,0.0,0.0,0.0,2.0,0,0.0,0.0,10.0,1
7966.9,10343.62,2376.72,33.01,92655,33.744439,-117.98588,2.0,110.3,607.0,10,72,0.0,2.0,2.0,2.0,4,2.0,2.0,51.0,0
373.5,736.4,362.9,19.1,95595,40.170357,-123.417298,2.0,19.95,1102.0,0,19,1.0,1.0,1.0,3.0,0,1.0,1.0,0.0,0
6306.5,9172.3,2865.8,40.94,95345,37.581496,-119.972762,2.0,88.55,606.0,4,70,2.0,2.0,2.0,1.0,0,2.0,0.0,8.0,0
851.75,911.85,60.1,6.01,90240,33.956228,-118.120993,0.0,85.55,266.0,0,10,0.0,0.0,0.0,2.0,0,0.0,0.0,27.0,1
7875.0,9405.72,1530.72,21.26,95587,39.955587,-123.681175,2.0,108.95,751.0,0,72,2.0,2.0,2.0,2.0,0,0.0,2.0,53.0,0
79.35,92.48,13.13,13.13,90255,33.97803,-118.217141,0.0,79.35,435.0,0,1,0.0,0.0,0.0,2.0,3,0.0,0.0,57.0,1
2024.1,2749.29,725.19,31.53,95318,37.654551,-119.822984,0.0,90.0,291.0,3,23,0.0,2.0,2.0,2.0,0,0.0,0.0,20.0,0
6549.45,8888.01,2338.56,36.54,93429,34.866032,-120.536546,2.0,99.25,165.0,0,64,2.0,2.0,0.0,2.0,0,2.0,2.0,14.0,0
215.8,287.26,71.46,23.82,94509,37.980057,-121.801599,0.0,74.4,30.0,0,3,0.0,0.0,0.0,2.0,0,0.0,0.0,24.0,1
4335.2,5004.4,669.2,16.73,95626,38.734997,-121.463719,1.0,105.95,299.0,0,40,2.0,0.0,0.0,2.0,0,2.0,2.0,14.0,0
76.65,174.93,98.28,24.57,91723,34.084747,-117.886844,2.0,19.9,227.0,1,4,1.0,1.0,1.0,3.0,1,1.0,1.0,0.0,0
196.15,274.03,77.88,25.96,95623,38.63153,-120.842609,0.0,55.3,287.0,0,3,0.0,0.0,0.0,1.0,0,0.0,2.0,7.0,1
135.2,166.54,31.34,15.67,91006,34.137319,-118.029837,0.0,69.7,36.0,0,2,0.0,0.0,0.0,2.0,0,0.0,0.0,8.0,0
1013.05,2998.8,1985.75,42.25,93283,35.55647,-118.244914,1.0,20.55,1053.0,0,47,1.0,1.0,1.0,3.0,0,1.0,1.0,0.0,0
1625.0,2055.58,368.97,17.57,95412,38.731055,-123.316553,1.0,77.5,28.0,1,21,2.0,2.0,2.0,0.0,0,0.0,0.0,14.0,1
2628.6,4195.0,1566.4,48.95,95835,38.685069,-121.543709,0.0,85.95,838.0,0,32,0.0,0.0,0.0,2.0,0,0.0,0.0,9.0,1
2362.1,3234.1,872.0,34.88,95365,37.329725,-120.306399,0.0,94.7,766.0,0,25,0.0,0.0,0.0,2.0,0,0.0,2.0,8.0,1
5116.6,5313.4,156.8,2.8,94508,38.542448,-122.419923,0.0,90.55,27.0,1,56,2.0,0.0,2.0,2.0,0,2.0,0.0,20.0,0
862.4,2063.92,1201.52,26.12,92612,33.643095,-117.810896,2.0,19.95,449.0,9,46,1.0,1.0,1.0,3.0,2,1.0,1.0,0.0,0
6143.15,7373.82,1127.46,16.34,95587,39.955587,-123.681175,0.0,89.95,751.0,1,69,0.0,0.0,2.0,2.0,0,0.0,0.0,4.0,1
3548.3,5500.54,1952.24,42.44,90040,33.994524,-118.149953,0.0,74.8,552.0,0,46,0.0,0.0,0.0,2.0,0,2.0,0.0,69.0,0
59.85,81.9,22.05,22.05,90250,33.914775,-118.348083,0.0,59.85,407.0,0,1,0.0,0.0,0.0,0.0,0,0.0,0.0,28.0,1
4676.7,5442.15,765.45,12.15,90601,34.007353,-118.033683,2.0,75.7,1069.0,3,63,2.0,2.0,0.0,1.0,0,2.0,2.0,21.0,0
1917.1,2347.2,430.1,18.7,92249,32.730583,-115.501083,0.0,81.0,410.0,0,23,0.0,0.0,0.0,2.0,0,2.0,0.0,24.0,1
2806.9,2961.95,196.23,6.33,94587,37.59485,-122.051521,0.0,89.9,1019.0,0,31,0.0,0.0,0.0,2.0,0,2.0,2.0,11.0,1
1105.4,1408.67,303.27,27.57,90042,34.11572,-118.192754,0.0,97.85,552.0,0,11,0.0,0.0,0.0,0.0,2,2.0,2.0,18.0,1
69.75,97.72,27.97,27.97,92305,34.1678,-116.86433,0.0,70.5,26.0,0,1,0.0,0.0,0.0,2.0,0,0.0,0.0,18.0,1
2448.75,2580.5,131.75,5.27,95968,39.435756,-121.552071,0.0,95.9,719.0,0,25,0.0,0.0,2.0,2.0,0,0.0,2.0,4.0,1
20.9,36.41,15.51,15.51,91316,34.150354,-118.518292,0.0,20.9,303.0,0,1,1.0,1.0,1.0,3.0,0,1.0,1.0,0.0,1
69.55,118.98,49.43,49.43,93638,37.004068,-119.930027,0.0,69.55,570.0,0,1,0.0,0.0,0.0,2.0,0,0.0,2.0,48.0,1
3626.1,5020.5,1394.4,39.84,96052,40.704293,-122.803899,1.0,102.35,525.0,0,35,0.0,0.0,2.0,2.0,0,2.0,2.0,48.0,1
470.6,470.6,0.0,0.0,94306,37.416159,-122.131337,1.0,41.6,723.0,0,11,0.0,0.0,0.0,1.0,0,2.0,0.0,5.0,1
25.8,45.8,0.0,0.0,95959,39.333737,-120.858667,0.0,25.8,655.0,0,1,0.0,0.0,0.0,1.0,0,0.0,0.0,26.0,1
19.25,44.35,25.1,25.1,95485,39.220368,-122.907693,0.0,19.25,1021.0,9,1,1.0,1.0,1.0,3.0,5,1.0,1.0,0.0,0
2894.55,3458.71,564.16,13.76,93726,36.793601,-119.761131,1.0,70.2,349.0,0,41,0.0,2.0,2.0,0.0,1,2.0,0.0,11.0,0
69.65,76.88,7.23,7.23,91351,34.422519,-118.420717,0.0,69.65,149.0,0,1,0.0,0.0,0.0,2.0,0,0.0,0.0,2.0,1
2737.05,2977.85,240.8,5.6,92201,33.713891,-116.237257,0.0,63.95,445.0,0,43,0.0,2.0,2.0,0.0,1,0.0,2.0,30.0,0
69.65,100.78,31.13,31.13,93662,36.545322,-119.642281,0.0,69.65,905.0,0,1,0.0,0.0,0.0,2.0,0,0.0,0.0,5.0,1
1422.1,1846.9,284.8,17.8,95231,37.873283,-121.292034,0.0,88.45,347.0,0,16,0.0,0.0,0.0,2.0,0,2.0,2.0,5.0,1
2649.15,3823.36,1174.21,40.49,95246,38.264262,-120.515133,0.0,94.65,645.0,1,29,0.0,2.0,0.0,2.0,0,0.0,2.0,15.0,1
620.75,2108.63,1487.88,41.33,94941,37.901371,-122.572024,1.0,19.55,610.0,0,36,1.0,1.0,1.0,3.0,0,1.0,1.0,0.0,0
5941.05,6949.65,1008.6,16.81,95827,38.549185,-121.328386,2.0,99.65,838.0,0,60,0.0,0.0,2.0,2.0,0,2.0,2.0,21.0,0
1531.4,1950.84,419.44,29.96,93621,36.789213,-119.140338,0.0,104.85,274.0,0,14,0.0,0.0,2.0,2.0,0,2.0,0.0,7.0,1
4166.35,4534.0,367.65,6.45,96137,40.271535,-121.018087,2.0,74.3,1065.0,0,57,2.0,2.0,2.0,1.0,0,2.0,0.0,3.0,0
931.55,1415.4,532.87,40.99,92274,33.53604,-116.119222,0.0,73.35,990.0,0,13,2.0,0.0,2.0,1.0,0,0.0,2.0,21.0,0
664.4,963.16,298.76,21.34,95960,39.423046,-120.984472,0.0,48.8,676.0,4,14,2.0,0.0,0.0,1.0,0,0.0,0.0,24.0,0
161.5,256.44,94.94,47.47,93215,35.772244,-119.209689,0.0,89.5,250.0,0,2,0.0,0.0,2.0,2.0,0,0.0,2.0,19.0,1
1363.45,3492.79,2129.34,30.86,91011,34.234912,-118.153729,2.0,19.9,482.0,3,69,1.0,1.0,1.0,3.0,0,1.0,1.0,0.0,0
535.35,1265.87,730.52,26.09,90021,34.029043,-118.239504,0.0,20.25,552.0,0,28,1.0,1.0,1.0,3.0,3,1.0,1.0,0.0,0
321.65,504.93,173.28,43.32,93202,36.315979,-119.710852,0.0,85.65,38.0,0,4,0.0,0.0,0.0,2.0,0,0.0,0.0,20.0,1
1794.8,1794.8,0.0,0.0,95634,38.9386,-120.785514,1.0,40.3,360.0,7,47,2.0,2.0,0.0,1.0,1,2.0,0.0,47.0,0
2983.8,3335.7,351.9,11.73,92676,33.782346,-117.635263,0.0,100.2,920.0,0,30,0.0,0.0,2.0,2.0,0,0.0,2.0,82.0,1
5625.55,5751.52,125.97,2.21,93637,36.902954,-120.194274,2.0,93.75,570.0,0,57,2.0,2.0,0.0,2.0,0,0.0,2.0,11.0,0
113.35,124.01,10.66,5.33,95222,38.071327,-120.632221,0.0,55.1,25.0,0,2,0.0,2.0,0.0,0.0,0,2.0,0.0,52.0,1
1712.9,2501.54,788.64,32.86,95914,39.396585,-121.38029,1.0,74.4,59.0,10,24,2.0,2.0,0.0,0.0,0,0.0,2.0,30.0,0
90.55,97.7,7.15,7.15,90804,33.783047,-118.1486,0.0,90.55,546.0,0,1,0.0,0.0,0.0,2.0,0,0.0,2.0,48.0,1
560.85,679.97,119.12,14.89,95303,37.4695,-120.672724,0.0,69.7,58.0,0,8,0.0,0.0,0.0,2.0,0,0.0,0.0,20.0,1
163.6,288.88,125.28,15.66,95556,41.269521,-123.546958,0.0,20.05,708.0,0,8,1.0,1.0,1.0,3.0,2,1.0,1.0,0.0,0
2791.5,3271.65,480.15,10.67,94015,37.680844,-122.48131,1.0,62.7,239.0,0,45,0.0,2.0,0.0,1.0,0,2.0,0.0,17.0,1
75.3,79.43,4.13,4.13,92806,33.83796,-117.870494,0.0,75.3,23.0,0,1,0.0,2.0,0.0,2.0,0,0.0,0.0,51.0,1
102.75,187.85,85.1,42.55,95925,39.461768,-121.195825,0.0,55.05,180.0,0,2,2.0,0.0,2.0,1.0,0,0.0,0.0,30.0,1
2550.9,2580.9,0.0,0.0,92592,33.507255,-117.029473,0.0,49.15,984.0,0,52,0.0,0.0,2.0,1.0,0,0.0,2.0,18.0,1
191.35,298.27,106.92,35.64,92028,33.362575,-117.299644,0.0,69.35,315.0,0,3,2.0,0.0,0.0,0.0,0,0.0,2.0,6.0,1
2237.55,2508.15,270.6,6.6,95374,37.316807,-120.855753,0.0,55.7,951.0,0,41,0.0,0.0,0.0,0.0,0,2.0,0.0,3.0,0
4839.15,4951.86,112.71,2.21,90804,33.783047,-118.1486,1.0,93.65,546.0,7,51,0.0,2.0,0.0,2.0,0,2.0,0.0,10.0,0
4039.3,4038.29,0.0,0.0,93249,35.637715,-119.893068,2.0,57.8,558.0,9,70,2.0,0.0,2.0,0.0,0,2.0,2.0,85.0,0
1597.25,2111.87,514.62,28.59,92126,32.886925,-117.152162,0.0,90.7,852.0,0,18,0.0,0.0,0.0,2.0,0,2.0,2.0,26.0,1
76.35,126.07,49.72,12.43,95550,40.7666,-123.80458,0.0,20.35,480.0,0,4,1.0,1.0,1.0,3.0,0,1.0,1.0,0.0,1
3772.65,5753.13,1980.48,41.26,94114,37.758085,-122.434801,1.0,75.15,855.0,0,48,0.0,0.0,2.0,2.0,0,0.0,0.0,23.0,0
5376.4,6892.2,1515.8,29.15,92282,33.972293,-116.654195,1.0,105.1,1067.0,4,52,0.0,0.0,2.0,2.0,0,2.0,2.0,9.0,0
71.0,99.64,28.64,28.64,92027,33.141265,-116.967221,0.0,71.0,305.0,0,1,0.0,0.0,0.0,2.0,0,0.0,0.0,5.0,1
2108.35,2108.35,0.0,0.0,92065,33.044541,-116.833922,0.0,45.55,792.0,0,48,0.0,0.0,2.0,1.0,2,2.0,2.0,48.0,0
1422.1,1846.9,284.8,17.8,95231,37.873283,-121.292034,0.0,88.45,347.0,0,16,0.0,0.0,0.0,2.0,0,2.0,2.0,5.0,1
24.45,24.45,0.0,0.0,92337,34.049671,-117.468896,0.0,24.45,329.0,0,1,0.0,0.0,0.0,0.0,0,0.0,0.0,2.0,1
578.5,856.6,278.1,9.27,90743,33.728273,-118.085304,2.0,19.4,970.0,0,30,1.0,1.0,1.0,3.0,0,1.0,1.0,0.0,0
25.7,25.7,0.0,0.0,95439,38.493888,-122.777141,0.0,25.7,352.0,0,1,0.0,0.0,0.0,0.0,0,0.0,0.0,9.0,1
293.65,391.93,98.28,32.76,94941,37.901371,-122.572024,0.0,98.7,610.0,0,3,2.0,0.0,0.0,2.0,0,2.0,2.0,73.0,1
134.35,188.89,54.54,27.27,93528,35.363339,-117.637641,0.0,65.7,458.0,1,2,0.0,0.0,0.0,1.0,2,0.0,2.0,51.0,1
1639.3,1867.36,228.06,12.67,95608,38.626128,-121.328011,0.0,88.35,160.0,0,18,2.0,0.0,0.0,2.0,0,0.0,0.0,23.0,1
293.85,318.57,24.72,6.18,95348,37.40122,-120.514191,0.0,70.65,602.0,0,4,0.0,0.0,0.0,2.0,0,0.0,0.0,12.0,0
198.0,198.0,0.0,0.0,92109,32.787836,-117.232376,0.0,45.7,852.0,0,5,0.0,0.0,0.0,1.0,0,0.0,0.0,15.0,1
2723.75,3706.87,853.12,26.66,94526,37.815459,-121.977203,0.0,86.1,241.0,7,32,0.0,0.0,2.0,2.0,3,0.0,0.0,57.0,0
20.2,63.72,43.52,43.52,90290,34.115192,-118.61017,0.0,20.2,997.0,0,1,1.0,1.0,1.0,3.0,0,1.0,1.0,0.0,1
3184.25,3184.25,0.0,0.0,91737,34.245289,-117.642503,1.0,60.45,795.0,1,53,2.0,0.0,2.0,1.0,0,2.0,2.0,13.0,1
1267.2,1267.2,0.0,0.0,94566,37.633361,-121.862395,0.0,34.85,771.0,0,36,2.0,0.0,2.0,0.0,0,0.0,0.0,2.0,0
71.0,89.84,18.84,18.84,93921,36.554618,-121.922239,0.0,71.0,158.0,1,1,0.0,0.0,0.0,2.0,0,0.0,0.0,19.0,1
2896.4,4524.08,1627.68,33.91,95405,38.439696,-122.668817,1.0,60.35,891.0,0,48,2.0,2.0,0.0,1.0,0,2.0,0.0,13.0,1
70.35,94.77,14.42,14.42,95307,37.553469,-120.952825,0.0,70.35,178.0,0,1,0.0,0.0,0.0,2.0,0,0.0,0.0,27.0,0
7987.6,11221.6,3234.0,46.2,94565,38.006047,-121.916834,2.0,113.0,762.0,8,70,2.0,2.0,2.0,2.0,0,2.0,0.0,14.0,0
1236.15,1963.17,727.02,34.62,95310,38.085839,-120.37855,0.0,60.05,208.0,0,21,0.0,0.0,0.0,1.0,0,2.0,0.0,14.0,1
4627.65,4769.69,142.04,2.12,92075,33.001813,-117.263628,2.0,67.85,927.0,5,67,2.0,2.0,0.0,0.0,0,2.0,2.0,58.0,0
45.8,77.91,22.11,22.11,92121,32.898613,-117.202937,0.0,70.5,852.0,0,1,0.0,0.0,0.0,1.0,0,0.0,0.0,18.0,1
970.45,1351.16,399.33,44.37,92701,33.748478,-117.858918,0.0,103.1,881.0,10,9,2.0,0.0,0.0,2.0,3,2.0,2.0,57.0,0
6851.65,8302.09,1450.44,21.33,93591,34.598221,-117.79593,0.0,100.2,722.0,1,68,0.0,0.0,2.0,0.0,0,0.0,2.0,24.0,1
79.2,99.26,20.06,20.06,95630,38.672638,-121.147403,0.0,70.5,328.0,0,1,0.0,0.0,0.0,2.0,0,0.0,0.0,24.0,1
987.95,1233.91,245.96,22.36,95417,39.710591,-123.682799,0.0,90.15,107.0,0,11,2.0,0.0,0.0,0.0,0,0.0,0.0,3.0,1
4973.4,5145.93,172.53,2.43,92691,33.611945,-117.665867,2.0,70.85,619.0,3,71,2.0,2.0,0.0,0.0,0,2.0,2.0,58.0,0
1132.75,1590.67,337.92,28.16,95722,39.003358,-121.022539,0.0,99.95,596.0,0,12,2.0,0.0,0.0,2.0,0,0.0,2.0,42.0,1
2483.05,2549.61,66.56,2.08,91360,34.214054,-118.88109,0.0,80.3,992.0,1,32,0.0,0.0,0.0,2.0,0,0.0,2.0,25.0,1
865.1,1278.75,456.9,45.69,93225,34.827662,-118.999073,0.0,95.1,344.0,0,10,2.0,0.0,0.0,2.0,0,0.0,2.0,11.0,0
219.0,219.0,0.0,0.0,95635,38.921333,-120.897718,0.0,43.25,385.0,0,5,2.0,2.0,2.0,0.0,0,2.0,0.0,59.0,1
85.45,108.42,22.97,22.97,93675,36.719141,-119.202677,0.0,85.45,946.0,0,1,0.0,0.0,0.0,2.0,0,2.0,0.0,23.0,1
655.3,1027.94,411.25,11.75,93222,34.907911,-119.234281,2.0,20.1,344.0,7,35,1.0,1.0,1.0,3.0,3,1.0,1.0,0.0,0
3157.0,5186.35,1989.35,36.17,92339,34.067699,-116.903891,1.0,59.45,332.0,5,55,0.0,2.0,0.0,1.0,0,0.0,2.0,69.0,0
228.0,276.87,48.87,16.29,90502,33.833181,-118.292062,0.0,74.1,999.0,1,3,0.0,0.0,0.0,2.0,0,0.0,0.0,24.0,1
3571.6,3984.88,413.28,9.84,96142,39.061227,-120.179546,2.0,84.35,978.0,4,42,2.0,2.0,0.0,1.0,0,2.0,2.0,52.0,0
19.75,49.08,29.33,29.33,93535,34.712708,-117.889656,0.0,19.75,511.0,0,1,1.0,1.0,1.0,3.0,0,1.0,1.0,0.0,1
94.45,359.23,264.78,44.13,95834,38.646209,-121.52446,1.0,19.7,838.0,5,6,1.0,1.0,1.0,3.0,3,1.0,1.0,0.0,0
305.1,305.1,0.0,0.0,90011,34.00709,-118.258681,0.0,47.95,552.0,0,6,0.0,0.0,0.0,1.0,0,2.0,2.0,71.0,1
7789.6,8642.8,853.2,11.85,92592,33.507255,-117.029473,1.0,109.15,984.0,2,72,2.0,0.0,2.0,2.0,0,2.0,2.0,82.0,0
369.25,417.06,47.81,6.83,94903,38.018065,-122.546024,1.0,59.1,876.0,0,7,0.0,2.0,0.0,1.0,0,0.0,2.0,17.0,0
6937.95,9660.15,2722.2,41.88,91301,34.129058,-118.759788,2.0,108.65,4.0,0,65,2.0,2.0,0.0,2.0,0,2.0,2.0,7.0,1
2718.3,3596.86,878.56,25.84,91411,34.17847,-118.459472,0.0,79.6,1031.0,1,34,0.0,0.0,2.0,2.0,0,0.0,0.0,15.0,1
6873.75,7055.34,121.59,1.93,96011,41.096569,-121.879082,1.0,107.5,82.0,1,63,0.0,0.0,2.0,2.0,0,2.0,2.0,21.0,1
179.25,222.39,43.14,21.57,92606,33.703976,-117.824172,0.0,88.55,449.0,0,2,0.0,0.0,0.0,2.0,0,2.0,2.0,28.0,1
2406.1,4097.95,1631.85,49.45,92324,34.030915,-117.273201,0.0,70.4,207.0,0,33,0.0,0.0,0.0,2.0,0,0.0,0.0,19.0,0
79.35,92.48,13.13,13.13,90255,33.97803,-118.217141,0.0,79.35,435.0,0,1,0.0,0.0,0.0,2.0,3,0.0,0.0,57.0,1
685.55,1060.05,374.5,37.45,95122,37.32886,-121.834567,1.0,64.9,861.0,0,10,2.0,0.0,2.0,1.0,0,0.0,2.0,5.0,0
98.5,111.44,12.94,6.47,95828,38.486938,-121.395805,0.0,45.15,838.0,0,2,0.0,0.0,0.0,1.0,0,0.0,0.0,21.0,1
4707.85,5106.64,398.79,6.33,90048,34.072945,-118.37267,2.0,75.55,552.0,7,63,2.0,2.0,2.0,0.0,0,2.0,0.0,30.0,0
493.95,1129.39,635.44,24.44,95494,38.888351,-123.239647,0.0,20.25,1096.0,4,26,1.0,1.0,1.0,3.0,1,1.0,1.0,0.0,0
1680.25,2848.06,1167.81,17.43,95585,39.873371,-123.741474,2.0,24.9,521.0,4,67,1.0,1.0,1.0,3.0,1,1.0,1.0,0.0,0
346.45,319.21,0.0,0.0,92305,34.1678,-116.86433,0.0,29.6,26.0,1,11,0.0,2.0,0.0,1.0,2,0.0,0.0,17.0,0
1058.6,1343.04,284.44,21.88,95831,38.494832,-121.529447,0.0,84.45,838.0,0,13,0.0,0.0,2.0,2.0,0,2.0,0.0,4.0,1
330.05,498.29,168.24,42.06,95619,38.683605,-120.811852,0.0,78.45,257.0,0,4,0.0,0.0,2.0,2.0,0,0.0,2.0,58.0,1
50.35,50.35,0.0,0.0,91340,34.286131,-118.435969,0.0,50.35,854.0,1,1,0.0,0.0,0.0,1.0,0,2.0,2.0,20.0,1
84.85,120.92,36.07,36.07,94568,37.713926,-121.928425,0.0,84.85,270.0,0,1,0.0,0.0,0.0,2.0,0,2.0,2.0,41.0,1
45.85,90.6,44.75,44.75,96014,41.388397,-122.794636,0.0,45.85,136.0,0,1,0.0,0.0,0.0,0.0,0,0.0,0.0,12.0,1
3756.45,4785.13,913.15,26.09,95920,39.449794,-121.936372,0.0,106.9,124.0,1,35,2.0,2.0,0.0,2.0,3,2.0,2.0,56.0,0
1274.45,2050.05,675.6,33.78,95493,39.222323,-122.985488,1.0,64.15,1085.0,3,20,2.0,2.0,0.0,1.0,0,0.0,2.0,18.0,0
1152.8,1715.88,563.08,40.22,90808,33.823943,-118.111335,0.0,80.9,546.0,7,14,0.0,0.0,0.0,2.0,1,0.0,2.0,19.0,0
1258.6,1667.12,408.52,29.18,92028,33.362575,-117.299644,0.0,87.25,315.0,1,14,0.0,0.0,0.0,2.0,0,2.0,2.0,19.0,1
510.8,690.05,179.25,7.17,95245,38.304194,-120.592431,1.0,19.9,622.0,0,25,1.0,1.0,1.0,3.0,0,1.0,1.0,0.0,0
1742.95,1946.35,203.4,11.3,95428,39.83307,-123.178765,0.0,99.4,226.0,1,18,0.0,2.0,0.0,2.0,0,0.0,2.0,16.0,1
1270.2,1670.65,300.45,20.03,95595,40.170357,-123.417298,0.0,86.2,1102.0,0,15,0.0,2.0,0.0,2.0,0,0.0,2.0,59.0,1
1098.85,1098.85,0.0,0.0,94705,37.858898,-122.240512,0.0,50.35,74.0,0,22,0.0,0.0,2.0,0.0,0,0.0,2.0,22.0,0
810.7,810.7,0.0,0.0,92003,33.290907,-117.202895,0.0,48.35,100.0,1,18,0.0,0.0,0.0,1.0,0,2.0,2.0,12.0,1
330.15,415.55,85.4,17.08,96007,40.448632,-122.306657,0.0,69.95,24.0,1,5,0.0,0.0,0.0,2.0,0,0.0,0.0,10.0,1
608.0,773.33,165.33,15.03,92109,32.787836,-117.232376,0.0,53.75,852.0,0,11,0.0,0.0,0.0,1.0,0,2.0,0.0,13.0,1
2627.35,3252.79,625.44,13.03,93212,36.04533,-119.532424,2.0,55.5,215.0,0,48,0.0,2.0,2.0,1.0,0,0.0,0.0,5.0,0
2602.9,3657.38,1054.48,37.66,95448,38.618347,-122.908422,0.0,92.35,409.0,1,28,0.0,2.0,0.0,2.0,0,0.0,2.0,20.0,1
19.1,63.32,44.22,44.22,92139,32.677716,-117.047666,0.0,19.1,852.0,0,1,1.0,1.0,1.0,3.0,0,1.0,1.0,0.0,0
141.1,471.43,330.33,47.19,96046,40.648024,-123.465088,0.0,20.75,437.0,0,7,1.0,1.0,1.0,3.0,0,1.0,1.0,0.0,0
655.5,772.54,143.64,20.52,90804,33.783047,-118.1486,0.0,95.0,546.0,0,7,0.0,0.0,0.0,0.0,4,0.0,2.0,28.0,1
21.05,31.19,10.14,10.14,91803,34.074736,-118.145959,0.0,21.05,12.0,0,1,1.0,1.0,1.0,3.0,1,1.0,1.0,0.0,0
19.4,22.54,3.14,3.14,94005,37.684694,-122.40712,0.0,70.5,113.0,0,1,1.0,1.0,1.0,3.0,0,1.0,1.0,0.0,1
75.3,114.74,39.44,39.44,92386,34.243088,-116.830015,0.0,75.3,960.0,0,1,0.0,0.0,0.0,2.0,0,0.0,0.0,18.0,1
1096.25,1587.23,490.98,35.07,90304,33.936827,-118.359824,0.0,74.3,446.0,0,14,0.0,0.0,0.0,2.0,0,0.0,0.0,10.0,1
25.3,35.3,0.0,0.0,92121,32.898613,-117.202937,0.0,25.3,852.0,0,1,0.0,0.0,0.0,0.0,3,0.0,0.0,51.0,1
937.6,1576.0,638.4,45.6,93550,34.536232,-118.082935,0.0,65.45,722.0,1,14,0.0,2.0,2.0,0.0,1,0.0,0.0,19.0,1
148.05,262.72,104.67,34.89,92501,33.994676,-117.372498,0.0,44.75,827.0,0,3,0.0,0.0,0.0,0.0,0,0.0,0.0,13.0,0
8670.1,11025.19,2402.64,33.37,90822,33.778436,-118.118648,2.0,117.5,546.0,9,72,2.0,2.0,2.0,2.0,1,2.0,2.0,16.0,0
2555.9,2836.1,280.2,9.34,92586,33.707483,-117.200006,0.0,85.15,964.0,0,30,2.0,0.0,0.0,2.0,0,0.0,0.0,8.0,1
90.75,113.81,23.06,23.06,94589,38.161321,-122.271588,0.0,90.75,1025.0,0,1,0.0,0.0,0.0,2.0,0,0.0,2.0,52.0,1
90.6,103.62,13.02,13.02,95136,37.270938,-121.851046,0.0,90.6,861.0,1,1,0.0,0.0,2.0,2.0,0,0.0,0.0,30.0,1
523.15,667.62,134.47,19.21,95425,38.801936,-122.938935,0.0,79.3,199.0,0,7,0.0,0.0,0.0,2.0,0,0.0,2.0,16.0,1
1740.7,2383.3,642.6,35.7,90041,34.137412,-118.207607,0.0,96.05,552.0,0,18,0.0,2.0,0.0,2.0,0,0.0,2.0,26.0,1
3815.4,4334.76,409.36,7.31,90743,33.728273,-118.085304,1.0,68.75,970.0,7,56,0.0,2.0,2.0,1.0,1,0.0,2.0,76.0,0
6014.85,8588.81,2523.96,46.74,91710,33.990646,-117.663025,0.0,111.1,185.0,0,54,2.0,0.0,2.0,2.0,0,2.0,2.0,16.0,1
167.3,200.82,33.52,16.76,95950,39.033058,-121.895718,0.0,95.65,388.0,0,2,0.0,0.0,2.0,2.0,0,0.0,2.0,27.0,1
2898.95,2898.95,0.0,0.0,93309,35.342891,-119.064803,1.0,56.15,56.0,4,51,2.0,0.0,0.0,1.0,3,2.0,2.0,76.0,0
934.8,887.07,0.0,0.0,95991,39.02741,-121.614982,1.0,54.6,1099.0,5,17,2.0,0.0,0.0,1.0,0,2.0,2.0,27.0,0
1558.65,2675.61,1116.96,46.54,92118,32.68674,-117.186612,2.0,64.35,219.0,0,24,0.0,2.0,2.0,1.0,3,2.0,0.0,85.0,0
487.05,1627.29,1140.24,47.51,93283,35.55647,-118.244914,2.0,20.75,1053.0,0,24,1.0,1.0,1.0,3.0,0,1.0,1.0,0.0,0
3674.95,4858.83,1183.88,17.41,90302,33.975332,-118.355252,1.0,54.45,446.0,0,68,0.0,2.0,0.0,0.0,0,2.0,0.0,27.0,0
135.0,335.25,200.25,40.05,94112,37.720498,-122.443119,0.0,25.9,855.0,1,5,1.0,1.0,1.0,3.0,1,1.0,1.0,0.0,1
3678.3,4633.22,934.92,19.08,95670,38.602723,-121.279913,0.0,75.2,794.0,0,49,0.0,0.0,0.0,2.0,0,0.0,0.0,24.0,1
19.65,36.56,16.91,16.91,93517,38.184583,-119.286558,0.0,19.65,111.0,0,1,1.0,1.0,1.0,3.0,0,1.0,1.0,0.0,0
5676.0,8799.29,3123.29,43.99,92532,33.705836,-117.318204,2.0,80.7,501.0,4,71,0.0,2.0,0.0,2.0,0,0.0,0.0,17.0,0
7537.5,10502.46,2964.96,41.18,92656,33.571259,-117.731917,1.0,104.9,13.0,9,72,2.0,2.0,2.0,2.0,2,2.0,2.0,52.0,0
2727.3,2908.18,180.88,5.32,94129,37.797526,-122.464531,1.0,79.95,855.0,0,34,2.0,2.0,0.0,1.0,0,2.0,2.0,23.0,0
4070.95,5891.83,1670.88,28.32,91948,32.830852,-116.444601,1.0,68.7,642.0,0,59,2.0,2.0,0.0,1.0,0,0.0,2.0,9.0,0
47.5,47.5,0.0,0.0,93591,34.598221,-117.79593,0.0,24.45,722.0,0,2,0.0,0.0,0.0,1.0,0,0.0,0.0,6.0,1
2156.25,3434.38,1278.13,41.23,95820,38.53508,-121.444144,0.0,72.45,838.0,0,31,2.0,2.0,2.0,1.0,0,2.0,0.0,27.0,0
978.0,2206.01,1228.01,23.17,94621,37.750553,-122.197175,2.0,19.65,688.0,0,53,1.0,1.0,1.0,3.0,0,1.0,1.0,0.0,0
3707.6,3707.6,0.0,0.0,96125,39.600599,-120.636358,2.0,59.0,917.0,1,63,0.0,2.0,2.0,0.0,0,2.0,2.0,5.0,0
196.75,247.13,50.38,25.19,92325,34.248061,-117.29028,0.0,93.85,230.0,0,2,0.0,0.0,0.0,2.0,0,0.0,0.0,14.0,1
179.25,222.39,43.14,21.57,92606,33.703976,-117.824172,0.0,88.55,449.0,0,2,0.0,0.0,0.0,2.0,0,2.0,2.0,28.0,1
754.65,932.54,127.89,14.21,91303,34.19829,-118.602203,0.0,85.35,147.0,1,9,0.0,0.0,0.0,2.0,0,0.0,0.0,5.0,1
19.65,36.9,17.25,17.25,92411,34.122501,-117.320138,0.0,19.65,848.0,0,1,1.0,1.0,1.0,3.0,0,1.0,1.0,0.0,1
262.05,410.25,148.2,49.4,95240,38.123544,-121.159078,0.0,88.35,539.0,0,3,2.0,0.0,0.0,2.0,0,2.0,0.0,10.0,1
1147.85,2254.1,1106.25,18.75,94535,38.265899,-121.939461,2.0,19.5,1004.0,10,59,1.0,1.0,1.0,3.0,2,1.0,1.0,0.0,0
693.45,677.18,0.0,0.0,96035,40.03194,-122.176023,1.0,45.9,361.0,0,15,2.0,2.0,2.0,1.0,0,2.0,0.0,25.0,0
1769.6,4313.36,2543.76,35.33,90731,33.736387,-118.284363,2.0,24.75,874.0,1,72,1.0,1.0,1.0,3.0,1,1.0,1.0,0.0,0
2043.45,2251.2,207.75,8.31,93705,36.78724,-119.827813,0.0,84.8,349.0,0,25,0.0,0.0,0.0,2.0,0,0.0,2.0,22.0,1
355.2,588.48,193.28,48.32,90302,33.975332,-118.355252,0.0,88.95,446.0,0,4,0.0,0.0,2.0,2.0,0,0.0,2.0,51.0,1
267.35,422.21,173.03,15.73,91351,34.422519,-118.420717,0.0,20.95,149.0,1,11,1.0,1.0,1.0,3.0,2,1.0,1.0,0.0,0
1430.25,1937.93,507.68,31.73,93660,36.600193,-120.153393,0.0,89.45,860.0,1,16,0.0,0.0,2.0,2.0,0,2.0,0.0,25.0,1
141.5,250.94,109.44,36.48,92129,32.961064,-117.134917,0.0,45.35,852.0,0,3,0.0,0.0,0.0,1.0,0,0.0,0.0,59.0,1
1022.6,1329.34,306.74,6.26,92071,32.847336,-116.997605,2.0,19.9,894.0,0,49,1.0,1.0,1.0,3.0,0,1.0,1.0,0.0,0
85.05,101.42,16.37,16.37,95460,39.305545,-123.743697,0.0,85.05,598.0,0,1,0.0,0.0,0.0,2.0,0,0.0,2.0,7.0,1
1493.2,2551.81,1058.61,14.91,90601,34.007353,-118.033683,2.0,20.9,1069.0,0,71,1.0,1.0,1.0,3.0,0,1.0,1.0,0.0,0
69.95,82.99,13.04,13.04,94132,37.722302,-122.491129,0.0,69.95,855.0,0,1,0.0,0.0,0.0,2.0,0,0.0,0.0,46.0,1
2274.35,3314.69,990.34,38.09,90807,33.830099,-118.182239,0.0,88.8,546.0,0,26,0.0,0.0,0.0,2.0,0,0.0,2.0,22.0,1
2773.9,2773.9,0.0,0.0,95608,38.626128,-121.328011,1.0,44.45,160.0,0,60,0.0,2.0,0.0,1.0,0,2.0,2.0,73.0,0
2151.6,3482.19,1300.59,48.17,90621,33.874224,-117.993368,0.0,85.2,118.0,1,27,2.0,0.0,2.0,2.0,1,0.0,0.0,15.0,0
449.3,449.3,0.0,0.0,92027,33.141265,-116.967221,0.0,40.7,305.0,0,10,0.0,2.0,2.0,1.0,0,2.0,0.0,24.0,0
8594.4,9881.04,1286.64,17.87,92230,33.929812,-116.76058,2.0,116.95,127.0,9,72,2.0,2.0,2.0,2.0,0,2.0,2.0,3.0,0
86.05,124.83,38.78,38.78,95039,36.863303,-121.781632,0.0,86.05,639.0,0,1,0.0,0.0,0.0,2.0,0,0.0,0.0,23.0,1
1345.65,2109.97,764.32,44.96,93721,36.732694,-119.783786,0.0,80.05,349.0,0,17,0.0,0.0,0.0,2.0,0,2.0,0.0,29.0,0
5139.65,8433.46,3273.81,46.11,90808,33.823943,-118.111335,1.0,72.9,546.0,1,71,2.0,0.0,2.0,1.0,3,2.0,0.0,20.0,0
4747.65,5988.39,1240.74,20.34,92780,33.735802,-117.818805,2.0,81.05,1013.0,2,61,2.0,2.0,2.0,0.0,0,0.0,2.0,51.0,0
5431.4,7510.4,2079.0,41.58,95677,38.7904,-121.236973,1.0,108.25,828.0,3,50,0.0,2.0,2.0,2.0,1,2.0,2.0,19.0,0
1692.6,1804.58,111.98,5.09,92110,32.76501,-117.19938,0.0,74.4,852.0,0,22,0.0,0.0,0.0,2.0,0,0.0,0.0,23.0,1
2168.15,2366.55,198.4,6.4,90247,33.890853,-118.297967,0.0,71.05,357.0,0,31,2.0,0.0,2.0,0.0,0,0.0,0.0,24.0,0
3801.7,5281.36,1479.66,37.94,91326,34.281911,-118.556218,2.0,100.45,780.0,0,39,0.0,2.0,0.0,2.0,0,2.0,2.0,19.0,0
457.3,1645.5,1188.2,45.7,93926,36.52588,-121.396719,1.0,19.8,373.0,0,26,1.0,1.0,1.0,3.0,0,1.0,1.0,0.0,0
1460.65,1765.12,304.47,17.91,94080,37.654436,-122.426468,0.0,88.25,942.0,7,17,0.0,0.0,0.0,2.0,0,2.0,0.0,9.0,1
857.25,1102.14,244.89,27.21,90211,34.063947,-118.383001,0.0,94.4,77.0,0,9,0.0,0.0,0.0,2.0,2,0.0,2.0,29.0,1
7238.6,7474.22,235.62,3.57,91607,34.165783,-118.399795,1.0,108.1,1029.0,0,66,0.0,0.0,2.0,2.0,0,2.0,0.0,28.0,0
424.5,657.96,233.46,12.97,92275,33.28156,-115.955541,1.0,23.75,842.0,0,18,1.0,1.0,1.0,3.0,0,1.0,1.0,0.0,0
331.3,584.28,252.98,36.14,91010,34.145695,-117.95982,1.0,49.75,269.0,4,7,0.0,2.0,0.0,1.0,0,0.0,2.0,85.0,1
297.3,894.9,597.6,39.84,95120,37.186141,-121.843554,0.0,19.75,861.0,0,15,1.0,1.0,1.0,3.0,0,1.0,1.0,0.0,1
4527.45,5411.41,883.96,21.56,95006,37.171727,-122.142961,0.0,114.5,104.0,0,41,2.0,2.0,2.0,2.0,0,2.0,2.0,59.0,1
525.0,745.42,210.42,30.06,94510,38.113533,-122.11926,0.0,75.15,72.0,0,7,0.0,0.0,0.0,2.0,0,2.0,0.0,10.0,0
5958.85,8358.61,2399.76,36.36,92691,33.611945,-117.665867,2.0,89.9,619.0,9,66,2.0,2.0,2.0,0.0,0,2.0,2.0,3.0,0
79.35,92.48,13.13,13.13,90255,33.97803,-118.217141,0.0,79.35,435.0,0,1,0.0,0.0,0.0,2.0,3,0.0,0.0,57.0,1
3116.15,6035.47,2919.32,49.48,95922,39.432127,-121.099287,2.0,54.15,145.0,0,59,0.0,0.0,0.0,0.0,0,2.0,0.0,9.0,0
417.0,1173.58,756.58,34.39,93286,36.464635,-119.094348,1.0,20.05,1089.0,0,22,1.0,1.0,1.0,3.0,0,1.0,1.0,0.0,0
135.0,335.25,200.25,40.05,94112,37.720498,-122.443119,0.0,25.9,855.0,1,5,1.0,1.0,1.0,3.0,1,1.0,1.0,0.0,1
196.75,247.13,50.38,25.19,92325,34.248061,-117.29028,0.0,93.85,230.0,0,2,0.0,0.0,0.0,2.0,0,0.0,0.0,14.0,1
344.2,603.18,287.98,41.14,90029,34.089953,-118.294824,2.0,45.75,552.0,0,7,0.0,0.0,0.0,1.0,1,0.0,0.0,17.0,0
142.35,167.39,25.04,12.52,95542,40.057784,-123.679461,0.0,70.65,354.0,0,2,0.0,0.0,0.0,2.0,0,0.0,0.0,25.0,1
134.6,164.36,29.76,14.88,92130,32.957195,-117.202542,0.0,60.95,852.0,0,2,0.0,2.0,2.0,1.0,2,0.0,0.0,12.0,0
156.25,247.05,90.8,11.35,91745,33.998471,-117.973758,0.0,20.15,398.0,1,8,1.0,1.0,1.0,3.0,0,1.0,1.0,0.0,1
755.6,973.53,217.93,7.03,95457,38.925545,-122.549083,2.0,25.75,560.0,7,31,1.0,1.0,1.0,3.0,3,1.0,1.0,0.0,0
19.3,44.92,25.62,25.62,92324,34.030915,-117.273201,0.0,19.3,207.0,0,1,1.0,1.0,1.0,3.0,0,1.0,1.0,0.0,1
91.7,108.93,17.23,17.23,96022,40.336392,-122.448533,0.0,91.7,223.0,0,1,2.0,0.0,2.0,2.0,0,0.0,2.0,52.0,1
24.8,24.8,0.0,0.0,91207,34.182378,-118.262922,0.0,70.5,366.0,4,1,0.0,0.0,0.0,1.0,0,0.0,2.0,29.0,1
3807.35,4718.72,911.37,17.87,95829,38.486502,-121.334051,0.0,77.5,838.0,1,51,0.0,2.0,0.0,2.0,0,0.0,0.0,9.0,1
1021.8,3027.85,2006.05,37.85,95934,40.080342,-120.957805,1.0,20.8,228.0,1,53,1.0,1.0,1.0,3.0,0,1.0,1.0,0.0,1
70.1,87.47,17.37,17.37,95527,40.854512,-123.450097,0.0,70.1,122.0,0,1,0.0,0.0,0.0,2.0,0,0.0,0.0,25.0,1
1783.6,2217.44,433.84,19.72,91792,34.024405,-117.898722,1.0,70.5,1056.0,0,22,0.0,0.0,0.0,2.0,0,0.0,0.0,5.0,0
2862.75,3471.17,608.42,20.98,94019,37.45567,-122.407992,0.0,98.65,399.0,0,29,2.0,0.0,0.0,2.0,0,0.0,0.0,16.0,1
208.85,288.98,80.13,26.71,93536,34.741406,-118.38111,0.0,70.3,511.0,1,3,0.0,0.0,0.0,2.0,0,0.0,0.0,11.0,1
181.1,244.04,52.94,26.47,92117,32.825086,-117.199424,0.0,80.2,852.0,0,2,0.0,0.0,0.0,2.0,0,0.0,2.0,10.0,1
45.85,60.75,14.9,14.9,95368,37.713152,-121.08739,0.0,45.85,840.0,1,1,0.0,0.0,0.0,1.0,0,0.0,0.0,6.0,1
1625.65,1702.32,76.67,4.51,94086,37.378541,-122.020456,0.0,93.85,967.0,0,17,0.0,2.0,0.0,2.0,0,0.0,2.0,13.0,1
158.4,205.32,46.92,23.46,90230,33.993991,-118.39704,0.0,75.45,234.0,0,2,0.0,0.0,0.0,2.0,0,0.0,0.0,25.0,1
973.45,1374.89,401.44,30.88,92868,33.787796,-117.875928,0.0,79.8,701.0,0,13,0.0,0.0,2.0,2.0,0,2.0,0.0,3.0,1
2049.05,2049.05,0.0,0.0,95527,40.854512,-123.450097,1.0,45.1,122.0,6,42,0.0,0.0,2.0,1.0,0,2.0,2.0,26.0,0
20.2,68.45,48.25,48.25,91203,34.153338,-118.262974,0.0,20.2,366.0,0,1,1.0,1.0,1.0,3.0,0,1.0,1.0,0.0,1
1145.35,1232.14,86.79,7.89,92262,33.839989,-116.659215,0.0,102.0,721.0,1,11,0.0,0.0,2.0,2.0,0,0.0,2.0,10.0,1
3204.65,4353.07,1074.24,33.57,94598,37.916648,-122.008483,0.0,70.5,1043.0,1,32,0.0,2.0,0.0,2.0,0,0.0,2.0,26.0,1
3678.3,4633.22,934.92,19.08,95670,38.602723,-121.279913,0.0,75.2,794.0,0,49,0.0,0.0,0.0,2.0,0,0.0,0.0,24.0,1
4119.4,6920.9,2818.69,42.07,94574,38.581354,-122.296283,1.0,60.95,839.0,7,67,2.0,2.0,2.0,0.0,0,0.0,0.0,12.0,0
303.15,413.43,110.28,27.57,95625,38.349195,-121.902943,0.0,79.0,298.0,0,4,0.0,0.0,0.0,2.0,0,0.0,0.0,27.0,1
7168.25,8038.71,870.46,12.26,95454,39.806141,-123.531098,2.0,99.4,517.0,2,71,2.0,2.0,2.0,2.0,0,2.0,0.0,3.0,0
1346.2,3083.62,1737.42,25.18,92242,34.137742,-114.36514,2.0,19.4,281.0,0,69,1.0,1.0,1.0,3.0,2,1.0,1.0,0.0,0
593.45,844.82,251.37,35.91,95323,37.605926,-120.69955,0.0,90.45,419.0,0,7,0.0,0.0,0.0,2.0,0,2.0,0.0,27.0,1
2661.1,4248.3,1587.2,49.6,91030,34.110444,-118.156957,0.0,85.3,941.0,1,32,0.0,0.0,0.0,2.0,0,0.0,2.0,10.0,1
4187.75,5912.21,1724.46,42.06,92373,34.003243,-117.138286,0.0,98.4,806.0,0,41,0.0,0.0,0.0,2.0,0,2.0,0.0,21.0,1
3395.8,4244.85,729.05,20.83,94512,38.140719,-121.838298,0.0,99.05,88.0,0,35,0.0,0.0,0.0,2.0,0,2.0,0.0,19.0,1
97.5,122.94,25.44,6.36,95219,38.029729,-121.387999,1.0,23.9,954.0,0,4,1.0,1.0,1.0,3.0,0,1.0,1.0,0.0,0
97.0,178.5,81.5,40.75,90049,34.091829,-118.491244,0.0,49.25,552.0,0,2,0.0,0.0,2.0,1.0,0,0.0,0.0,71.0,0
1194.3,1946.14,751.84,46.99,91601,34.1692,-118.372498,0.0,72.65,674.0,0,16,0.0,0.0,0.0,2.0,0,0.0,0.0,17.0,1
1714.95,2011.62,236.67,11.27,94963,38.00474,-122.663717,1.0,80.9,857.0,7,21,2.0,2.0,0.0,1.0,0,2.0,2.0,19.0,0
6975.25,8806.75,1831.5,27.75,94564,37.996462,-122.293716,1.0,105.95,756.0,1,66,2.0,0.0,0.0,2.0,0,2.0,0.0,11.0,1
3236.35,4120.31,834.75,23.85,92019,32.785165,-116.862648,0.0,91.5,284.0,2,35,2.0,0.0,0.0,2.0,0,0.0,0.0,10.0,0
5574.75,6202.64,636.02,10.78,93665,36.959731,-120.653519,0.0,93.85,937.0,0,59,0.0,0.0,0.0,2.0,0,0.0,0.0,15.0,1
5068.05,5711.25,643.2,13.4,93235,36.385818,-119.224243,2.0,104.5,451.0,6,48,2.0,2.0,0.0,2.0,3,2.0,2.0,75.0,0
1398.25,1544.81,146.56,9.16,92126,32.886925,-117.152162,0.0,84.9,852.0,5,16,2.0,2.0,2.0,1.0,2,0.0,2.0,59.0,0
4453.3,6759.7,2306.4,38.44,91016,34.1528,-118.000482,0.0,74.35,623.0,9,60,0.0,0.0,0.0,2.0,4,0.0,0.0,57.0,0
4113.15,4080.62,0.0,0.0,95437,39.455555,-123.683979,1.0,58.4,339.0,1,70,2.0,0.0,2.0,0.0,2,2.0,2.0,19.0,0
104.3,227.35,123.05,24.61,93950,36.618337,-121.926417,0.0,20.5,713.0,0,5,1.0,1.0,1.0,3.0,0,1.0,1.0,0.0,0
536.35,977.35,441.0,17.64,95403,38.488431,-122.752839,0.0,20.15,891.0,0,25,1.0,1.0,1.0,3.0,0,1.0,1.0,0.0,0
6597.25,9163.24,2565.99,40.73,92411,34.122501,-117.320138,2.0,104.8,848.0,4,63,0.0,0.0,2.0,2.0,3,2.0,2.0,76.0,0
45.1,56.16,11.06,11.06,91906,32.673483,-116.472863,0.0,45.1,143.0,0,1,0.0,0.0,0.0,1.0,0,0.0,2.0,58.0,1
486.05,600.3,114.25,4.57,91024,34.168686,-118.057505,2.0,20.1,918.0,1,25,1.0,1.0,1.0,3.0,3,1.0,1.0,0.0,0
19.3,68.5,49.2,49.2,93067,34.420998,-119.60137,0.0,19.3,963.0,0,1,1.0,1.0,1.0,3.0,0,1.0,1.0,0.0,1
483.7,756.83,273.13,24.83,95493,39.222323,-122.985488,0.0,44.05,1085.0,1,11,0.0,0.0,0.0,1.0,0,0.0,0.0,30.0,1
6129.2,8730.56,2601.36,36.13,92007,33.015866,-117.272254,2.0,85.3,154.0,0,72,2.0,2.0,2.0,0.0,1,2.0,2.0,21.0,0
6058.95,7164.15,1105.2,15.35,95634,38.9386,-120.785514,2.0,86.4,360.0,6,72,2.0,2.0,2.0,1.0,0,0.0,2.0,41.0,0
5011.15,8115.79,3104.64,43.12,91384,34.506627,-118.699048,2.0,70.65,168.0,6,72,0.0,2.0,2.0,0.0,0,2.0,0.0,22.0,0
442.2,452.2,0.0,0.0,94567,38.672708,-122.403219,0.0,48.75,777.0,1,9,0.0,0.0,0.0,1.0,0,2.0,2.0,10.0,1
3952.45,3952.45,0.0,0.0,94040,37.380662,-122.086022,2.0,53.8,646.0,10,72,0.0,2.0,0.0,0.0,1,2.0,2.0,14.0,0
3515.25,3615.25,0.0,0.0,93722,36.78979,-119.929894,2.0,49.35,349.0,1,71,0.0,0.0,2.0,0.0,0,0.0,2.0,25.0,1
1291.3,1609.14,207.84,8.66,92004,33.200369,-116.192313,2.0,54.8,103.0,0,24,0.0,0.0,2.0,0.0,0,0.0,0.0,27.0,0
1539.45,1865.68,326.23,19.19,96125,39.600599,-120.636358,0.0,89.4,917.0,1,17,0.0,2.0,0.0,2.0,0,2.0,0.0,22.0,1
5485.5,7571.58,2086.08,39.36,94939,37.937082,-122.532369,0.0,103.85,513.0,1,53,0.0,0.0,2.0,2.0,0,2.0,0.0,23.0,1
20.1,24.21,4.11,4.11,92121,32.898613,-117.202937,0.0,20.1,852.0,0,1,1.0,1.0,1.0,3.0,0,1.0,1.0,0.0,1
5468.95,7688.53,2219.58,38.94,93260,35.861928,-118.636698,1.0,94.7,784.0,0,57,2.0,0.0,2.0,2.0,0,0.0,2.0,7.0,0
1943.2,2828.34,889.87,38.69,94949,38.067204,-122.524004,0.0,90.6,679.0,0,23,2.0,0.0,0.0,0.0,0,0.0,2.0,69.0,1
4017.45,4068.68,51.23,1.09,95379,37.939768,-120.188002,0.0,87.2,1010.0,7,47,0.0,0.0,2.0,2.0,1,0.0,0.0,13.0,0
333.65,534.55,200.9,28.7,93623,37.483535,-119.679414,0.0,44.75,325.0,7,7,0.0,0.0,0.0,1.0,1,0.0,0.0,17.0,0
79.6,101.32,21.72,21.72,91722,34.097345,-117.906736,0.0,79.6,227.0,0,1,0.0,0.0,0.0,2.0,0,0.0,2.0,52.0,1
264.8,264.8,0.0,0.0,95112,37.343827,-121.883119,1.0,35.3,861.0,0,7,0.0,2.0,0.0,1.0,0,2.0,0.0,14.0,0
334.65,458.55,123.9,41.3,91801,34.090925,-118.128164,0.0,105.9,12.0,1,3,0.0,0.0,2.0,2.0,0,2.0,0.0,2.0,1
58.9,58.9,0.0,0.0,96071,40.656287,-121.428965,0.0,25.25,696.0,0,3,0.0,0.0,0.0,1.0,0,0.0,0.0,27.0,1
5233.25,6612.97,1379.72,20.29,90201,33.970343,-118.171368,1.0,76.75,66.0,0,68,0.0,2.0,2.0,1.0,0,2.0,2.0,29.0,0
1021.8,3027.85,2006.05,37.85,95934,40.080342,-120.957805,1.0,20.8,228.0,1,53,1.0,1.0,1.0,3.0,0,1.0,1.0,0.0,1
85.7,131.51,45.81,45.81,92823,33.924143,-117.79387,0.0,85.7,109.0,0,1,0.0,0.0,0.0,2.0,0,0.0,0.0,21.0,1
4534.45,7298.61,2764.16,49.36,94578,37.704384,-122.126703,2.0,81.8,864.0,0,56,2.0,0.0,2.0,1.0,0,2.0,2.0,21.0,0
3665.55,6371.47,2705.92,48.32,93536,34.741406,-118.38111,1.0,64.65,511.0,0,56,2.0,2.0,2.0,1.0,0,0.0,0.0,59.0,0
220.35,444.87,224.52,18.71,91913,32.64164,-116.985026,0.0,19.7,189.0,0,12,1.0,1.0,1.0,3.0,0,1.0,1.0,0.0,0
4068.0,5769.01,1708.8,26.7,96024,40.586588,-122.903677,1.0,65.8,265.0,5,64,2.0,2.0,0.0,0.0,2,0.0,0.0,17.0,0
740.8,913.39,172.59,15.69,95351,37.621458,-121.012295,0.0,66.35,620.0,1,11,2.0,0.0,0.0,1.0,0,0.0,2.0,12.0,1
153.05,228.57,75.52,37.76,94089,37.421633,-122.009613,0.0,70.0,967.0,0,2,0.0,0.0,0.0,2.0,0,0.0,0.0,10.0,1
193.8,279.58,85.78,42.89,95633,38.852544,-120.837669,0.0,94.2,356.0,0,2,0.0,0.0,0.0,2.0,0,0.0,2.0,13.0,1
70.5,111.89,41.39,41.39,93531,35.214982,-118.59049,0.0,70.5,465.0,0,1,0.0,0.0,0.0,2.0,0,0.0,0.0,3.0,1
1424.5,1588.51,34.01,1.79,91042,34.296574,-118.244839,0.0,73.85,1007.0,0,19,0.0,0.0,2.0,2.0,0,0.0,0.0,14.0,1
323.15,758.69,435.54,25.62,90220,33.88151,-118.234451,1.0,19.9,211.0,0,17,1.0,1.0,1.0,3.0,0,1.0,1.0,0.0,0
341.6,389.4,47.8,9.56,92003,33.290907,-117.202895,1.0,69.35,100.0,0,5,0.0,0.0,0.0,2.0,0,0.0,0.0,13.0,0
1790.15,1875.55,85.4,1.22,92025,33.081478,-117.033814,2.0,25.15,305.0,0,70,1.0,1.0,1.0,3.0,3,1.0,1.0,0.0,0
365.4,452.64,87.24,21.81,96143,39.246654,-120.029273,0.0,91.65,473.0,1,4,0.0,0.0,2.0,2.0,0,0.0,0.0,14.0,1
971.3,971.3,0.0,0.0,95728,39.279068,-120.414275,0.0,39.1,926.0,1,24,0.0,2.0,0.0,1.0,0,0.0,0.0,5.0,1
157.65,439.17,281.52,31.28,92069,33.162624,-117.170863,0.0,19.05,868.0,0,9,1.0,1.0,1.0,3.0,0,1.0,1.0,0.0,0
1415.55,1933.13,517.58,36.97,93427,34.631362,-120.238218,0.0,100.55,117.0,0,14,0.0,0.0,2.0,2.0,0,0.0,2.0,27.0,1
1373.0,1786.0,303.0,12.12,95126,37.327069,-121.916819,0.0,54.1,861.0,8,25,0.0,0.0,2.0,0.0,0,0.0,0.0,59.0,0
1910.75,2803.55,892.8,28.8,95376,37.680968,-121.446049,1.0,64.0,1001.0,9,31,2.0,2.0,0.0,0.0,0,0.0,2.0,15.0,0
990.3,1110.75,120.45,10.95,90501,33.833699,-118.314387,0.0,89.2,999.0,0,11,0.0,0.0,0.0,2.0,0,2.0,0.0,29.0,0
5154.5,6307.54,1153.04,16.24,93601,37.375816,-119.739935,2.0,73.35,6.0,4,71,2.0,0.0,2.0,0.0,0,0.0,2.0,59.0,0
4730.6,4845.75,115.15,2.45,92067,33.012751,-117.200617,1.0,103.7,798.0,0,47,2.0,2.0,0.0,2.0,0,2.0,2.0,13.0,0
5882.75,6664.75,782.0,11.5,91706,34.098275,-117.967399,2.0,86.5,57.0,0,68,2.0,2.0,2.0,1.0,0,0.0,2.0,29.0,0
235.0,307.84,72.84,24.28,92223,33.946982,-116.977672,0.0,69.15,65.0,3,3,0.0,0.0,2.0,1.0,3,2.0,0.0,73.0,0
1444.65,2178.6,733.95,48.93,93552,34.557711,-118.029441,0.0,93.35,722.0,0,15,0.0,0.0,0.0,2.0,0,0.0,2.0,15.0,1
1135.7,1286.29,70.59,5.43,91746,34.038983,-117.991372,0.0,91.1,491.0,0,13,0.0,0.0,0.0,2.0,0,0.0,2.0,26.0,1
683.25,1668.74,985.49,31.79,90401,34.015481,-118.493231,1.0,20.95,889.0,0,31,1.0,1.0,1.0,3.0,0,1.0,1.0,0.0,0
1573.7,2190.16,652.16,40.76,95327,37.84771,-120.486589,0.0,93.2,454.0,0,16,0.0,0.0,2.0,2.0,0,2.0,2.0,7.0,1
171.45,280.27,98.82,49.41,93950,36.618337,-121.926417,0.0,91.45,713.0,0,2,0.0,0.0,0.0,2.0,0,2.0,0.0,20.0,0
50.55,73.11,22.56,22.56,95388,37.421299,-120.599587,0.0,50.55,1083.0,0,1,0.0,0.0,0.0,0.0,0,0.0,0.0,2.0,1
262.05,858.45,596.4,49.7,94710,37.872902,-122.303708,2.0,21.05,74.0,3,12,1.0,1.0,1.0,3.0,1,1.0,1.0,0.0,0
773.65,964.77,191.12,23.89,94401,37.590421,-122.306467,0.0,94.0,871.0,0,8,0.0,0.0,2.0,2.0,0,2.0,0.0,14.0,1
7015.9,8850.46,1834.56,25.48,93955,36.625114,-121.823565,2.0,98.2,901.0,1,72,2.0,2.0,0.0,2.0,0,2.0,0.0,3.0,0
78.65,124.74,46.09,46.09,93110,34.437945,-119.77191,0.0,78.65,882.0,0,1,0.0,0.0,0.0,2.0,0,0.0,2.0,10.0,1
2467.75,2925.13,457.38,16.94,95637,38.830739,-122.196202,0.0,88.3,396.0,0,27,0.0,0.0,0.0,2.0,0,2.0,0.0,11.0,1
3330.1,3330.1,0.0,0.0,92220,33.936298,-116.849577,2.0,66.25,60.0,3,52,2.0,2.0,2.0,1.0,0,2.0,2.0,52.0,0
5742.9,7856.1,2113.2,35.22,94114,37.758085,-122.434801,0.0,95.75,855.0,1,60,0.0,0.0,2.0,2.0,0,2.0,0.0,16.0,1
385.9,424.14,38.24,9.56,92356,34.508417,-116.856103,0.0,101.15,563.0,3,4,0.0,0.0,0.0,2.0,0,2.0,2.0,48.0,1
5542.55,8327.39,2784.84,40.36,94124,37.731505,-122.384532,2.0,80.65,855.0,5,69,2.0,2.0,2.0,0.0,3,0.0,2.0,53.0,0
2727.8,4254.5,1526.7,36.35,94922,38.343282,-122.9755,0.0,66.4,95.0,4,42,2.0,2.0,2.0,1.0,0,0.0,0.0,30.0,0
962.9,1103.88,140.98,7.42,92401,34.105935,-117.2914,0.0,49.6,848.0,3,19,0.0,0.0,0.0,1.0,1,2.0,0.0,17.0,0
346.4,417.7,71.3,14.26,94304,37.386978,-122.177746,0.0,70.05,723.0,0,5,0.0,0.0,0.0,1.0,0,2.0,2.0,26.0,1
3030.6,3923.45,892.85,25.51,90603,33.945318,-117.992066,1.0,85.15,1069.0,0,35,0.0,0.0,0.0,2.0,0,2.0,0.0,16.0,1
1421.9,3435.74,2013.84,27.97,90212,34.062095,-118.401508,2.0,19.7,77.0,10,72,1.0,1.0,1.0,3.0,0,1.0,1.0,0.0,0
7210.85,10139.93,2929.08,44.38,96087,40.617614,-122.512861,1.0,110.6,908.0,1,66,2.0,2.0,2.0,2.0,2,0.0,0.0,28.0,0
404.35,687.29,282.94,40.42,91350,34.502432,-118.41459,0.0,53.65,884.0,0,7,0.0,2.0,0.0,0.0,0,0.0,0.0,17.0,0
176.3,350.3,174.0,17.4,93108,34.457541,-119.631072,1.0,20.35,882.0,0,10,1.0,1.0,1.0,3.0,0,1.0,1.0,0.0,0
3483.45,5967.45,2484.0,41.4,95225,38.183918,-120.898817,2.0,59.85,123.0,7,60,2.0,2.0,2.0,0.0,0,0.0,0.0,21.0,0
4370.25,6841.83,2471.58,45.77,95525,40.94338,-123.831799,0.0,79.5,93.0,0,54,0.0,0.0,2.0,2.0,0,0.0,0.0,10.0,1
1866.45,2352.45,486.0,6.75,95554,40.267158,-123.805913,2.0,25.45,650.0,0,72,1.0,1.0,1.0,3.0,0,1.0,1.0,0.0,0
1702.9,2823.69,1120.79,48.73,92285,34.341737,-116.539416,0.0,75.3,512.0,6,23,0.0,0.0,0.0,2.0,3,2.0,0.0,75.0,0
2210.2,2455.72,245.52,10.23,94964,37.942551,-122.491642,0.0,89.25,875.0,2,24,2.0,2.0,0.0,2.0,0,0.0,2.0,8.0,0
2404.15,3441.91,1037.76,32.43,94129,37.797526,-122.464531,0.0,76.3,855.0,1,32,2.0,2.0,2.0,0.0,1,2.0,2.0,19.0,0
2303.35,3818.23,1514.88,47.34,92122,32.85723,-117.209774,0.0,74.9,852.0,2,32,0.0,0.0,0.0,2.0,0,0.0,0.0,10.0,1
297.35,594.05,296.7,49.45,95426,38.838088,-122.73203,0.0,48.8,204.0,3,6,2.0,0.0,0.0,1.0,2,0.0,0.0,10.0,0
388.6,861.28,472.68,26.26,93721,36.732694,-119.783786,2.0,20.05,349.0,0,18,1.0,1.0,1.0,3.0,0,1.0,1.0,0.0,0
4003.0,4643.11,640.11,11.23,94301,37.444314,-122.149996,2.0,69.85,723.0,0,57,2.0,2.0,0.0,1.0,0,2.0,0.0,30.0,0
288.05,419.51,131.46,21.91,94107,37.768881,-122.395521,0.0,50.8,855.0,0,6,2.0,0.0,0.0,1.0,0,0.0,0.0,12.0,1
74.95,105.02,30.07,30.07,96028,41.017282,-121.468945,0.0,74.95,314.0,0,1,0.0,0.0,0.0,2.0,0,0.0,0.0,26.0,1
8003.8,10771.48,2767.68,38.44,92399,34.04597,-117.011825,1.0,108.5,1100.0,2,72,2.0,0.0,2.0,2.0,0,2.0,2.0,16.0,0
1201.15,1650.74,339.43,26.11,90621,33.874224,-117.993368,0.0,90.5,118.0,0,13,0.0,0.0,0.0,2.0,0,0.0,2.0,4.0,1
19.9,69.41,49.51,49.51,93553,34.445239,-117.894868,0.0,19.9,738.0,0,1,1.0,1.0,1.0,3.0,0,1.0,1.0,0.0,1
96.8,444.42,347.62,49.66,94070,37.497915,-122.267361,1.0,20.05,850.0,0,7,1.0,1.0,1.0,3.0,3,1.0,1.0,0.0,0
145.15,160.43,15.28,7.64,93244,36.462671,-118.997291,0.0,69.65,522.0,0,2,0.0,0.0,0.0,2.0,0,0.0,0.0,27.0,1
4681.75,7561.78,2884.73,40.63,92801,33.844983,-117.952151,2.0,65.15,23.0,2,71,2.0,2.0,2.0,1.0,0,0.0,2.0,69.0,0
5614.45,7178.85,1464.4,26.15,92707,33.714829,-117.872941,1.0,100.3,881.0,2,56,0.0,0.0,2.0,2.0,0,0.0,2.0,7.0,1
1284.2,1571.56,287.36,17.96,93224,35.215731,-119.57013,0.0,73.85,319.0,1,16,0.0,0.0,0.0,2.0,0,0.0,0.0,30.0,1
69.65,76.88,7.23,7.23,91351,34.422519,-118.420717,0.0,69.65,149.0,0,1,0.0,0.0,0.0,2.0,0,0.0,0.0,2.0,1
899.45,2353.31,1453.86,35.46,92308,34.424926,-117.184503,2.0,19.75,32.0,1,41,1.0,1.0,1.0,3.0,0,1.0,1.0,0.0,0
3794.5,3794.5,0.0,0.0,95950,39.033058,-121.895718,2.0,54.1,388.0,7,68,0.0,2.0,0.0,0.0,0,2.0,2.0,16.0,0
4859.95,5616.11,756.16,11.12,90008,34.008293,-118.346766,2.0,70.8,552.0,1,68,2.0,0.0,2.0,0.0,0,0.0,2.0,10.0,0
5396.25,7821.21,2424.96,33.68,95335,38.109125,-120.078597,2.0,77.35,545.0,4,72,2.0,0.0,2.0,1.0,0,2.0,0.0,10.0,0
187.45,198.43,10.98,5.49,95703,38.983388,-120.988814,0.0,85.55,33.0,0,2,0.0,0.0,0.0,2.0,0,0.0,0.0,25.0,1
1138.8,2043.75,904.95,20.11,95226,38.233879,-120.861666,2.0,24.65,144.0,7,45,1.0,1.0,1.0,3.0,1,1.0,1.0,0.0,0
3132.75,4016.19,883.44,24.54,93954,36.125529,-120.864443,0.0,85.25,866.0,1,36,0.0,0.0,0.0,2.0,0,0.0,2.0,5.0,1
1424.6,4445.86,3021.26,48.73,90242,33.921793,-118.140588,2.0,24.25,266.0,4,62,1.0,1.0,1.0,3.0,0,1.0,1.0,0.0,0
6716.45,7427.81,711.36,9.88,95382,37.529656,-120.854357,2.0,90.15,1012.0,2,72,2.0,2.0,2.0,0.0,1,2.0,0.0,16.0,0
4398.15,6286.63,1888.48,42.92,95948,39.346898,-121.759537,0.0,100.55,387.0,0,44,2.0,0.0,2.0,2.0,0,0.0,2.0,23.0,1
5244.45,5659.93,415.48,7.99,95758,38.35363,-121.44195,1.0,100.3,297.0,7,52,0.0,2.0,0.0,2.0,2,2.0,2.0,19.0,0
7898.45,9895.73,1997.28,27.74,96142,39.061227,-120.179546,2.0,109.7,978.0,5,72,2.0,0.0,2.0,2.0,0,2.0,2.0,3.0,0
612.1,1174.66,562.56,46.88,95437,39.455555,-123.683979,0.0,51.25,339.0,1,12,0.0,0.0,2.0,0.0,0,0.0,0.0,73.0,0
59.05,59.05,0.0,0.0,95427,39.239818,-123.565432,0.0,30.9,210.0,0,2,2.0,0.0,0.0,1.0,0,0.0,0.0,18.0,1
55.8,82.02,26.22,26.22,92356,34.508417,-116.856103,0.0,55.8,563.0,0,1,0.0,2.0,0.0,0.0,0,2.0,0.0,22.0,1
150.85,150.85,0.0,0.0,90016,34.028331,-118.354338,1.0,24.35,552.0,0,7,0.0,0.0,0.0,0.0,0,0.0,0.0,48.0,0
1893.95,2180.15,286.2,10.6,94588,37.685052,-121.912061,0.0,75.5,771.0,1,27,0.0,0.0,0.0,2.0,0,0.0,0.0,23.0,1
2774.55,4313.67,1539.12,34.98,92257,33.345825,-115.596574,1.0,65.4,667.0,0,44,2.0,2.0,0.0,0.0,0,0.0,0.0,2.0,0
1266.35,2248.09,997.5,39.9,95426,38.838088,-122.73203,1.0,54.75,204.0,0,25,2.0,0.0,2.0,1.0,1,0.0,0.0,27.0,0
2566.3,2566.3,0.0,0.0,91352,34.231053,-118.338307,2.0,50.5,965.0,0,52,2.0,0.0,2.0,1.0,0,2.0,0.0,23.0,0
1758.6,2393.63,635.03,27.61,92586,33.707483,-117.200006,0.0,75.6,964.0,0,23,0.0,0.0,0.0,2.0,0,0.0,0.0,23.0,1
2250.65,3242.45,991.8,26.1,91342,34.321621,-118.399841,0.0,57.15,974.0,0,38,0.0,2.0,2.0,1.0,0,0.0,0.0,27.0,1
1539.45,1865.68,326.23,19.19,96125,39.600599,-120.636358,0.0,89.4,917.0,1,17,0.0,2.0,0.0,2.0,0,2.0,0.0,22.0,1
1416.75,1969.17,552.42,8.91,94801,37.945288,-122.383941,2.0,23.65,816.0,4,62,1.0,1.0,1.0,3.0,0,1.0,1.0,0.0,0
45.65,59.77,14.12,14.12,90745,33.822295,-118.26411,0.0,45.65,163.0,0,1,0.0,0.0,0.0,0.0,0,0.0,0.0,24.0,1
488.65,636.49,147.84,21.12,96006,41.171578,-120.913161,0.0,69.15,3.0,0,7,0.0,0.0,0.0,2.0,0,0.0,0.0,7.0,0
235.5,252.12,16.62,5.54,92126,32.886925,-117.152162,0.0,70.3,852.0,0,3,0.0,0.0,0.0,2.0,0,0.0,0.0,16.0,1
1183.05,2662.41,1479.36,30.82,93063,34.296813,-118.685703,2.0,24.0,921.0,0,48,1.0,1.0,1.0,3.0,0,1.0,1.0,0.0,0
100.25,120.48,20.23,20.23,95227,38.227285,-121.02789,0.0,100.25,196.0,0,1,0.0,0.0,2.0,2.0,0,0.0,2.0,17.0,1
74.35,98.76,24.41,24.41,91342,34.321621,-118.399841,0.0,74.35,974.0,0,1,0.0,0.0,2.0,2.0,0,0.0,0.0,4.0,0
1677.85,1677.85,0.0,0.0,95222,38.071327,-120.632221,0.0,40.35,25.0,0,41,0.0,0.0,2.0,0.0,0,0.0,2.0,21.0,0
155.35,295.71,140.36,35.09,95573,40.949012,-123.655847,0.0,45.25,1073.0,8,4,0.0,0.0,0.0,1.0,2,0.0,0.0,30.0,0
371.9,486.98,115.08,28.77,92122,32.85723,-117.209774,0.0,84.8,852.0,5,4,0.0,0.0,2.0,2.0,0,2.0,2.0,19.0,1
3132.75,4016.19,883.44,24.54,93954,36.125529,-120.864443,0.0,85.25,866.0,1,36,0.0,0.0,0.0,2.0,0,0.0,2.0,5.0,1
70.75,96.75,26.0,26.0,95018,37.089111,-122.062213,0.0,70.75,320.0,0,1,0.0,0.0,0.0,2.0,0,0.0,0.0,8.0,1
20.85,43.71,22.86,22.86,93440,34.758699,-120.275839,0.0,20.85,550.0,1,1,1.0,1.0,1.0,3.0,0,1.0,1.0,0.0,1
265.35,456.63,191.28,47.82,92113,32.697098,-117.116587,0.0,74.35,852.0,0,4,0.0,0.0,0.0,2.0,0,0.0,0.0,13.0,1
70.05,73.02,2.97,2.97,93551,34.613476,-118.256358,2.0,70.05,722.0,0,1,0.0,0.0,0.0,2.0,0,0.0,0.0,5.0,0
305.95,305.95,0.0,0.0,96142,39.061227,-120.179546,0.0,51.0,978.0,0,5,0.0,0.0,2.0,1.0,0,0.0,2.0,59.0,1
740.8,913.39,172.59,15.69,95351,37.621458,-121.012295,0.0,66.35,620.0,1,11,2.0,0.0,0.0,1.0,0,0.0,2.0,12.0,1
502.6,684.4,181.8,36.36,91605,34.207295,-118.400022,0.0,89.8,674.0,0,5,0.0,0.0,2.0,2.0,0,0.0,0.0,12.0,1
892.7,1254.64,311.94,17.33,94086,37.378541,-122.020456,0.0,50.0,967.0,0,18,0.0,0.0,0.0,1.0,0,2.0,0.0,69.0,0
6341.45,8414.43,2072.98,30.94,94535,38.265899,-121.939461,1.0,94.35,1004.0,1,67,2.0,2.0,0.0,2.0,0,0.0,2.0,11.0,1
75.3,101.36,26.06,26.06,90742,33.719221,-118.073596,0.0,75.3,969.0,0,1,0.0,0.0,0.0,2.0,0,2.0,0.0,3.0,1
184.4,233.48,39.08,9.77,90805,33.864622,-118.179626,0.0,49.4,546.0,0,4,0.0,2.0,0.0,0.0,2,0.0,0.0,16.0,1
969.85,1608.25,608.4,33.8,95482,39.134075,-123.23422,0.0,56.25,1018.0,0,18,0.0,2.0,0.0,0.0,0,0.0,0.0,17.0,0
914.3,1083.1,168.8,16.88,92397,34.358321,-117.618263,0.0,89.8,1093.0,0,10,0.0,0.0,0.0,2.0,0,2.0,0.0,24.0,1
334.65,458.55,123.9,41.3,91801,34.090925,-118.128164,0.0,105.9,12.0,1,3,0.0,0.0,2.0,2.0,0,2.0,0.0,2.0,1
55.25,180.95,125.7,41.9,95968,39.435756,-121.552071,0.0,19.6,719.0,5,3,1.0,1.0,1.0,3.0,0,1.0,1.0,0.0,0
4652.4,5006.0,353.6,6.8,90210,34.099891,-118.414338,2.0,89.25,77.0,0,52,2.0,2.0,2.0,1.0,0,2.0,2.0,30.0,0
4428.45,6917.31,2488.86,37.71,95112,37.343827,-121.883119,2.0,66.1,861.0,9,66,0.0,2.0,2.0,1.0,0,2.0,0.0,15.0,0
141.5,250.94,109.44,36.48,92129,32.961064,-117.134917,0.0,45.35,852.0,0,3,0.0,0.0,0.0,1.0,0,0.0,0.0,59.0,1
4042.2,6501.2,2459.0,49.18,95691,38.627951,-121.593287,1.0,80.05,1060.0,6,50,2.0,2.0,2.0,1.0,3,2.0,2.0,76.0,0
1146.65,1842.35,695.7,46.38,95942,40.077028,-121.494168,0.0,75.65,334.0,0,15,0.0,0.0,0.0,2.0,0,0.0,0.0,19.0,1
4187.75,5912.21,1724.46,42.06,92373,34.003243,-117.138286,0.0,98.4,806.0,0,41,0.0,0.0,0.0,2.0,0,2.0,0.0,21.0,1
5166.2,6953.23,1787.03,36.47,93003,34.279221,-119.221437,1.0,103.0,1033.0,0,49,2.0,2.0,2.0,2.0,0,2.0,2.0,21.0,0
1502.65,1498.17,0.0,0.0,90704,33.391181,-118.421305,0.0,58.6,49.0,6,25,0.0,2.0,2.0,1.0,0,2.0,2.0,48.0,1
669.45,791.61,122.16,20.36,95301,37.321233,-120.656354,0.0,109.9,46.0,0,6,2.0,0.0,2.0,2.0,0,2.0,2.0,10.0,1
8684.8,11195.44,2510.64,34.87,95519,40.965011,-124.015255,1.0,117.8,594.0,1,72,2.0,2.0,2.0,2.0,0,2.0,2.0,8.0,1
20.95,61.43,40.48,40.48,95065,37.031404,-121.981865,0.0,20.95,885.0,0,1,1.0,1.0,1.0,3.0,0,1.0,1.0,0.0,1
810.2,810.2,0.0,0.0,95369,37.521708,-120.426843,0.0,49.95,925.0,1,16,2.0,0.0,0.0,1.0,0,0.0,2.0,29.0,1
8109.8,10351.16,2241.36,31.13,92831,33.879983,-117.895482,1.0,109.25,351.0,1,72,2.0,0.0,2.0,2.0,0,2.0,2.0,11.0,1
2200.25,3009.17,808.92,38.52,90059,33.927254,-118.249826,0.0,104.4,552.0,1,21,0.0,2.0,0.0,2.0,0,2.0,2.0,59.0,1
264.8,307.64,42.84,14.28,90047,33.958149,-118.308441,0.0,85.3,552.0,0,3,0.0,0.0,0.0,2.0,0,0.0,2.0,21.0,1
111.4,141.9,30.5,15.25,92582,33.806708,-117.02007,0.0,60.85,859.0,0,2,0.0,0.0,0.0,1.0,0,2.0,2.0,82.0,0
1212.85,1821.17,608.32,38.02,94134,37.721052,-122.413573,0.0,75.1,855.0,0,16,0.0,0.0,2.0,2.0,0,0.0,0.0,25.0,0
7397.0,7812.1,415.1,5.93,91709,33.942895,-117.725644,1.0,106.5,186.0,2,70,0.0,0.0,2.0,2.0,1,2.0,2.0,19.0,0
994.55,1708.1,713.55,47.57,92130,32.957195,-117.202542,0.0,64.65,852.0,0,15,0.0,2.0,0.0,1.0,0,0.0,2.0,26.0,1
2193.65,3070.89,877.24,33.74,95333,37.249377,-120.249581,0.0,85.8,518.0,0,26,0.0,2.0,0.0,2.0,0,0.0,0.0,7.0,0
1734.2,1970.46,166.26,4.89,91934,32.649787,-116.2237,0.0,49.8,453.0,0,34,0.0,0.0,2.0,0.0,0,0.0,0.0,27.0,0
347.25,347.25,0.0,0.0,92530,33.655421,-117.391751,0.0,31.05,501.0,0,13,0.0,0.0,2.0,0.0,0,0.0,0.0,16.0,1
98.5,111.44,12.94,6.47,95828,38.486938,-121.395805,0.0,45.15,838.0,0,2,0.0,0.0,0.0,1.0,0,0.0,0.0,21.0,1
2550.9,2580.9,0.0,0.0,92592,33.507255,-117.029473,0.0,49.15,984.0,0,52,0.0,0.0,2.0,1.0,0,0.0,2.0,18.0,1
5567.45,7177.7,1610.25,28.25,94571,38.148862,-121.737696,0.0,95.3,822.0,8,57,2.0,0.0,2.0,2.0,1,2.0,0.0,15.0,0
3395.8,4244.85,729.05,20.83,94512,38.140719,-121.838298,0.0,99.05,88.0,0,35,0.0,0.0,0.0,2.0,0,2.0,0.0,19.0,1
1888.25,2682.03,793.78,11.18,95607,38.681651,-122.130569,2.0,25.6,151.0,3,71,1.0,1.0,1.0,3.0,0,1.0,1.0,0.0,0
5846.65,8111.55,2264.9,39.05,90280,33.944624,-118.192615,1.0,99.25,939.0,9,58,0.0,2.0,2.0,2.0,2,0.0,2.0,76.0,0
59.85,81.9,22.05,22.05,90250,33.914775,-118.348083,0.0,59.85,407.0,0,1,0.0,0.0,0.0,0.0,0,0.0,0.0,28.0,1
475.25,605.47,167.28,9.84,93223,36.29878,-119.201028,0.0,24.8,316.0,0,17,1.0,1.0,1.0,3.0,0,1.0,1.0,0.0,0
7346.2,8664.2,1188.0,16.5,90021,34.029043,-118.239504,2.0,103.75,552.0,8,72,0.0,0.0,2.0,2.0,0,2.0,2.0,22.0,0
2483.65,2866.97,383.32,13.69,95630,38.672638,-121.147403,1.0,91.25,328.0,0,28,2.0,0.0,2.0,2.0,0,0.0,0.0,12.0,0
1697.7,4940.28,3242.58,49.13,94804,37.921034,-122.341798,2.0,25.1,816.0,0,66,1.0,1.0,1.0,3.0,0,1.0,1.0,0.0,0
600.25,793.63,193.38,5.86,93630,36.727418,-120.123526,1.0,19.45,468.0,6,33,1.0,1.0,1.0,3.0,1,1.0,1.0,0.0,0
2427.1,2629.3,202.2,6.74,90275,33.753146,-118.367459,1.0,79.3,797.0,0,30,0.0,2.0,0.0,1.0,0,2.0,2.0,18.0,0
608.5,1242.7,634.2,21.14,92262,33.839989,-116.659215,1.0,19.55,721.0,1,30,1.0,1.0,1.0,3.0,0,1.0,1.0,0.0,0
635.6,744.17,108.57,15.51,95503,40.737431,-124.108897,0.0,93.85,309.0,0,7,0.0,0.0,0.0,2.0,0,0.0,2.0,23.0,1
666.0,1514.05,848.05,24.23,95833,38.619049,-121.517552,1.0,19.9,838.0,7,35,1.0,1.0,1.0,3.0,2,1.0,1.0,0.0,0
893.55,893.55,0.0,0.0,95125,37.294926,-121.894763,1.0,44.85,861.0,0,19,0.0,0.0,0.0,1.0,0,0.0,2.0,48.0,1
1990.5,2807.47,865.2,36.05,92301,34.667815,-117.536183,1.0,84.8,2.0,1,24,2.0,2.0,0.0,0.0,2,2.0,2.0,24.0,0
219.65,323.81,104.16,26.04,92314,34.278967,-116.773825,0.0,49.35,80.0,0,4,0.0,2.0,0.0,1.0,1,0.0,0.0,27.0,1
3395.8,4244.85,729.05,20.83,94512,38.140719,-121.838298,0.0,99.05,88.0,0,35,0.0,0.0,0.0,2.0,0,2.0,0.0,19.0,1
2181.55,2181.55,0.0,0.0,95441,38.731771,-123.064272,0.0,44.45,362.0,0,51,2.0,2.0,0.0,1.0,0,0.0,2.0,2.0,0
6388.65,7801.55,1412.9,19.9,94087,37.3511,-122.037311,2.0,89.3,967.0,7,71,2.0,2.0,2.0,1.0,0,2.0,2.0,27.0,0
4718.25,6303.89,1585.64,32.36,93210,36.186867,-120.387793,0.0,96.2,202.0,0,49,0.0,0.0,0.0,2.0,0,0.0,0.0,2.0,1
3369.05,4082.25,713.2,17.83,96123,40.845738,-120.322219,0.0,84.9,801.0,0,40,0.0,0.0,0.0,2.0,0,0.0,0.0,27.0,0
1120.3,1367.79,127.49,11.59,91605,34.207295,-118.400022,0.0,95.0,674.0,0,11,0.0,0.0,2.0,2.0,1,0.0,0.0,29.0,1
4131.95,5555.15,1423.2,35.58,92563,33.581045,-117.14719,0.0,104.8,649.0,0,40,2.0,0.0,0.0,2.0,0,2.0,2.0,8.0,1
712.85,712.85,0.0,0.0,96025,41.212695,-122.392067,0.0,25.1,276.0,0,29,0.0,0.0,0.0,0.0,0,0.0,0.0,22.0,1
3467.0,4840.13,1373.13,41.61,93465,35.536115,-120.739231,1.0,103.7,986.0,1,33,0.0,2.0,0.0,2.0,0,2.0,2.0,73.0,1
5769.6,8957.33,3206.45,49.33,95668,38.833554,-121.498102,1.0,89.75,769.0,5,65,0.0,2.0,2.0,2.0,0,2.0,0.0,16.0,1
4300.45,6565.93,2265.48,36.54,95363,37.410236,-121.320337,0.0,70.45,735.0,9,62,0.0,0.0,0.0,1.0,3,0.0,2.0,41.0,0
611.45,1436.23,824.78,35.86,90024,34.066303,-118.435479,2.0,25.1,552.0,4,23,1.0,1.0,1.0,3.0,2,1.0,1.0,0.0,0
1088.25,3217.2,2128.95,47.31,95714,39.197215,-120.83679,2.0,24.45,278.0,10,45,1.0,1.0,1.0,3.0,3,1.0,1.0,0.0,0
1531.4,1950.84,419.44,29.96,93621,36.789213,-119.140338,0.0,104.85,274.0,0,14,0.0,0.0,2.0,2.0,0,2.0,0.0,7.0,1
892.65,1437.75,545.1,36.34,91423,34.146957,-118.432138,0.0,59.45,913.0,0,15,0.0,0.0,0.0,1.0,0,2.0,2.0,48.0,1
907.05,1524.37,617.32,13.42,95470,39.298065,-123.25211,2.0,19.95,810.0,0,46,1.0,1.0,1.0,3.0,0,1.0,1.0,0.0,0
1228.65,1228.65,0.0,0.0,91745,33.998471,-117.973758,1.0,45.0,398.0,5,29,0.0,2.0,0.0,0.0,0,2.0,0.0,23.0,0
474.9,647.16,172.26,28.71,92620,33.716136,-117.752574,0.0,84.35,449.0,1,6,0.0,0.0,0.0,2.0,0,0.0,0.0,17.0,1
1893.95,2180.15,286.2,10.6,94588,37.685052,-121.912061,0.0,75.5,771.0,1,27,0.0,0.0,0.0,2.0,0,0.0,0.0,23.0,1
2748.7,2748.7,0.0,0.0,95629,38.513484,-120.704613,2.0,43.6,322.0,0,62,0.0,0.0,2.0,0.0,0,2.0,2.0,30.0,0
1261.7,2449.46,1187.76,21.21,91302,34.130861,-118.68346,1.0,24.3,128.0,7,56,1.0,1.0,1.0,3.0,0,1.0,1.0,0.0,0
2959.8,2999.8,0.0,0.0,95963,39.748037,-122.302169,1.0,54.05,707.0,10,56,2.0,0.0,0.0,1.0,0,2.0,2.0,30.0,0
6153.85,8033.05,1799.2,27.68,91748,33.976753,-117.897367,1.0,95.5,836.0,0,65,0.0,0.0,2.0,2.0,0,2.0,0.0,6.0,0
482.25,792.49,310.24,38.78,90249,33.90139,-118.315697,0.0,54.65,357.0,1,8,0.0,2.0,2.0,1.0,1,0.0,0.0,18.0,0
78.65,124.74,46.09,46.09,93110,34.437945,-119.77191,0.0,78.65,882.0,0,1,0.0,0.0,0.0,2.0,0,0.0,2.0,10.0,1
2647.1,4126.3,1479.2,36.98,92356,34.508417,-116.856103,0.0,61.9,563.0,0,40,2.0,2.0,2.0,1.0,0,0.0,0.0,21.0,0
1478.85,1478.85,0.0,0.0,95944,39.564113,-120.868836,0.0,40.2,374.0,0,37,0.0,0.0,0.0,0.0,0,2.0,2.0,6.0,0
2546.85,2546.85,0.0,0.0,93552,34.557711,-118.029441,0.0,46.3,722.0,0,53,0.0,2.0,2.0,1.0,0,0.0,2.0,24.0,0
2568.15,2937.47,369.32,13.19,91737,34.245289,-117.642503,1.0,92.2,795.0,1,28,0.0,0.0,0.0,2.0,3,0.0,2.0,30.0,0
435.4,931.2,495.8,49.58,92122,32.85723,-117.209774,0.0,44.85,852.0,0,10,0.0,0.0,0.0,1.0,0,0.0,0.0,17.0,1
6885.75,7643.52,757.77,11.31,91916,32.912664,-116.635387,2.0,104.6,253.0,10,67,2.0,2.0,0.0,2.0,3,0.0,2.0,57.0,0
903.7,1679.05,775.35,17.23,93446,35.634222,-120.728341,2.0,19.2,734.0,6,45,1.0,1.0,1.0,3.0,1,1.0,1.0,0.0,0
4086.3,4200.3,114.0,2.85,96002,40.527834,-122.318749,0.0,101.85,805.0,1,40,0.0,2.0,0.0,2.0,0,0.0,0.0,3.0,1
70.75,96.75,26.0,26.0,95018,37.089111,-122.062213,0.0,70.75,320.0,0,1,0.0,0.0,0.0,2.0,0,0.0,0.0,8.0,1
1343.4,2861.91,1549.04,23.12,92231,32.690654,-115.431225,1.0,20.55,129.0,0,67,1.0,1.0,1.0,3.0,0,1.0,1.0,0.0,0
914.3,1083.1,168.8,16.88,92397,34.358321,-117.618263,0.0,89.8,1093.0,0,10,0.0,0.0,0.0,2.0,0,2.0,0.0,24.0,1
4932.5,6354.41,1421.91,23.31,92027,33.141265,-116.967221,2.0,80.9,305.0,1,61,0.0,0.0,2.0,1.0,0,2.0,2.0,51.0,0
1582.75,1918.6,335.85,22.39,94014,37.691561,-122.445202,0.0,105.1,239.0,0,15,2.0,2.0,0.0,2.0,0,2.0,2.0,7.0,1
3848.8,6914.52,3045.72,44.79,92251,32.858595,-115.662709,1.0,55.9,441.0,9,68,2.0,2.0,0.0,0.0,0,0.0,0.0,14.0,0
1642.75,1900.67,257.92,4.03,92335,34.087558,-117.464096,1.0,24.7,329.0,0,64,1.0,1.0,1.0,3.0,0,1.0,1.0,0.0,0
70.85,97.9,27.05,27.05,96125,39.600599,-120.636358,0.0,70.85,917.0,0,1,0.0,0.0,0.0,2.0,0,0.0,0.0,23.0,1
994.8,1064.85,70.05,4.67,92392,34.486835,-117.362274,0.0,69.0,1035.0,0,15,0.0,0.0,0.0,2.0,0,0.0,0.0,28.0,1
70.65,108.33,37.68,37.68,92259,32.698964,-115.886656,0.0,70.65,693.0,1,1,0.0,0.0,0.0,2.0,2,0.0,0.0,26.0,1
3119.9,5683.45,2563.55,46.61,92384,35.924252,-116.188668,2.0,55.25,916.0,5,55,2.0,0.0,0.0,1.0,1,2.0,0.0,30.0,0
1422.1,1846.9,284.8,17.8,95231,37.873283,-121.292034,0.0,88.45,347.0,0,16,0.0,0.0,0.0,2.0,0,2.0,2.0,5.0,1
5614.45,7178.85,1464.4,26.15,92707,33.714829,-117.872941,1.0,100.3,881.0,2,56,0.0,0.0,2.0,2.0,0,0.0,2.0,7.0,1
45.3,79.67,34.37,34.37,95407,38.394091,-122.739814,0.0,45.3,891.0,0,1,0.0,0.0,0.0,1.0,0,0.0,0.0,28.0,1
1014.25,1600.15,585.9,13.95,95364,38.224869,-119.755729,2.0,22.95,755.0,1,42,1.0,1.0,1.0,3.0,3,1.0,1.0,0.0,0
425.9,643.45,217.55,43.51,95665,38.400264,-120.641274,0.0,85.4,753.0,0,5,2.0,0.0,0.0,2.0,0,0.0,2.0,17.0,1
417.65,1179.92,772.0,38.6,95060,36.993451,-122.098858,0.0,20.0,885.0,4,20,1.0,1.0,1.0,3.0,3,1.0,1.0,0.0,0
6254.2,8054.52,1800.32,28.13,95663,38.859093,-121.182872,1.0,100.05,742.0,0,64,0.0,0.0,0.0,2.0,0,2.0,2.0,18.0,1
3046.15,4238.35,1192.2,39.74,95380,37.474396,-120.875917,0.0,100.05,1012.0,1,30,0.0,0.0,0.0,2.0,0,2.0,2.0,22.0,1
2462.6,4310.6,1848.0,33.6,90720,33.79499,-118.065591,1.0,45.05,549.0,0,55,0.0,0.0,0.0,1.0,0,0.0,0.0,5.0,0
899.8,1509.7,609.9,40.66,90059,33.927254,-118.249826,0.0,55.7,552.0,0,15,0.0,2.0,0.0,1.0,0,0.0,0.0,8.0,1
8175.9,9982.85,1806.95,25.45,95306,37.394411,-120.127262,2.0,114.0,173.0,0,71,2.0,2.0,2.0,2.0,1,2.0,2.0,59.0,0
74.7,96.61,21.91,21.91,92377,34.156758,-117.404686,0.0,74.7,814.0,0,1,0.0,0.0,2.0,2.0,0,0.0,0.0,8.0,1
4504.55,5172.89,668.34,14.22,95258,38.169605,-121.310964,0.0,95.05,1088.0,0,47,2.0,0.0,2.0,2.0,0,0.0,0.0,11.0,1
8543.25,10621.17,2077.92,28.86,92870,33.881158,-117.854783,2.0,116.4,764.0,1,72,2.0,2.0,2.0,2.0,2,2.0,2.0,20.0,0
1625.65,1702.32,76.67,4.51,94086,37.378541,-122.020456,0.0,93.85,967.0,0,17,0.0,2.0,0.0,2.0,0,0.0,2.0,13.0,1
2238.5,3018.26,779.76,32.49,94586,37.587494,-121.862856,0.0,90.35,968.0,0,24,0.0,0.0,0.0,2.0,0,0.0,2.0,23.0,1
2404.15,2919.68,515.53,16.63,94545,37.62984,-122.120843,0.0,79.85,408.0,0,31,2.0,0.0,0.0,2.0,0,0.0,0.0,12.0,1
5656.75,7603.95,1927.2,35.04,93648,36.622237,-119.521126,1.0,103.7,731.0,10,55,2.0,0.0,2.0,2.0,3,2.0,2.0,57.0,0
1195.95,1802.3,606.35,9.05,95946,39.203817,-121.19584,1.0,19.45,740.0,0,67,1.0,1.0,1.0,3.0,0,1.0,1.0,0.0,0
5475.9,6408.3,932.4,15.54,95231,37.873283,-121.292034,0.0,94.1,347.0,8,60,0.0,2.0,2.0,2.0,0,0.0,2.0,19.0,0
1477.65,2025.48,547.83,20.29,91504,34.213049,-118.317651,1.0,55.45,119.0,0,27,0.0,2.0,2.0,1.0,0,0.0,0.0,21.0,0
309.1,309.1,0.0,0.0,92117,32.825086,-117.199424,0.0,29.2,852.0,1,12,0.0,0.0,2.0,1.0,0,0.0,0.0,27.0,1
256.25,327.71,71.46,23.82,92243,32.770393,-115.60915,0.0,75.05,285.0,0,3,0.0,0.0,0.0,2.0,0,0.0,0.0,30.0,1
1108.8,2728.74,1619.94,27.93,92780,33.735802,-117.818805,1.0,19.55,1013.0,3,58,1.0,1.0,1.0,3.0,0,1.0,1.0,0.0,0
174.3,184.3,0.0,0.0,95045,36.810568,-121.503022,0.0,44.55,862.0,0,4,0.0,0.0,0.0,0.0,0,0.0,2.0,20.0,1
256.25,327.71,71.46,23.82,92243,32.770393,-115.60915,0.0,75.05,285.0,0,3,0.0,0.0,0.0,2.0,0,0.0,0.0,30.0,1
1259.0,1449.96,190.96,13.64,92117,32.825086,-117.199424,0.0,90.9,852.0,1,14,0.0,0.0,2.0,2.0,0,0.0,2.0,9.0,1
2019.8,2804.1,784.3,25.3,95648,38.922812,-121.312005,0.0,66.4,527.0,7,31,2.0,0.0,0.0,0.0,0,2.0,2.0,28.0,0
5826.65,6966.87,1130.22,20.93,95385,37.609095,-121.263381,1.0,105.85,1034.0,0,54,2.0,2.0,2.0,2.0,1,0.0,2.0,11.0,0
5064.85,5699.89,635.04,11.76,94952,38.237018,-122.77872,2.0,95.1,745.0,0,54,2.0,0.0,0.0,2.0,0,2.0,2.0,52.0,0
522.35,782.57,260.22,43.37,93927,36.248708,-121.386617,0.0,87.95,382.0,0,6,2.0,0.0,0.0,2.0,0,0.0,2.0,12.0,0
944.65,986.09,41.44,2.96,95124,37.257063,-121.923037,0.0,69.2,861.0,8,14,0.0,2.0,2.0,1.0,3,0.0,2.0,76.0,0
1813.35,2108.0,294.65,4.15,94521,37.971421,-121.971504,2.0,25.45,212.0,0,71,1.0,1.0,1.0,3.0,2,1.0,1.0,0.0,0
239.55,291.07,51.52,12.88,90062,34.003553,-118.308933,0.0,50.85,552.0,1,4,0.0,0.0,0.0,0.0,1,0.0,0.0,22.0,1
3952.65,3992.65,0.0,0.0,93535,34.712708,-117.889656,2.0,56.55,511.0,10,69,0.0,2.0,2.0,1.0,0,0.0,2.0,12.0,0
1974.8,2300.76,325.96,11.24,96103,39.783747,-120.661032,0.0,70.75,90.0,1,29,0.0,0.0,0.0,2.0,0,0.0,0.0,16.0,1
75.55,82.66,7.11,7.11,90022,34.02381,-118.156582,0.0,75.55,552.0,0,1,0.0,0.0,0.0,2.0,0,2.0,0.0,26.0,0
77.15,77.15,0.0,0.0,90502,33.833181,-118.292062,0.0,40.4,999.0,0,2,2.0,0.0,2.0,1.0,0,2.0,0.0,8.0,1
3069.45,3069.45,0.0,0.0,95728,39.279068,-120.414275,0.0,49.75,926.0,2,60,0.0,0.0,2.0,0.0,3,0.0,2.0,51.0,0
2440.15,3135.67,695.52,28.98,94601,37.776523,-122.219268,0.0,101.25,688.0,0,24,0.0,0.0,2.0,2.0,0,0.0,2.0,30.0,1
1483.25,1950.29,327.04,20.44,94804,37.921034,-122.341798,0.0,94.25,816.0,0,16,0.0,2.0,0.0,2.0,0,0.0,2.0,59.0,1
69.85,81.98,12.13,12.13,95232,38.358464,-120.579304,0.0,69.85,365.0,0,1,0.0,0.0,0.0,2.0,0,0.0,0.0,19.0,1
2854.55,2834.39,0.0,0.0,95468,38.911299,-123.609588,0.0,54.45,773.0,0,53,0.0,0.0,2.0,1.0,0,2.0,0.0,25.0,1
1235.55,1582.39,346.84,26.68,95919,39.440687,-121.263583,2.0,96.85,116.0,0,13,0.0,0.0,0.0,2.0,0,2.0,2.0,24.0,0
2768.35,3533.87,765.52,27.34,92342,34.757783,-117.33997,1.0,92.9,411.0,1,28,2.0,0.0,2.0,2.0,0,2.0,0.0,16.0,0
3021.6,4161.0,1139.4,31.65,91384,34.506627,-118.699048,0.0,84.1,168.0,1,36,0.0,0.0,0.0,2.0,0,0.0,0.0,15.0,1
1348.5,2070.18,721.68,30.07,91759,34.231318,-117.662032,0.0,54.95,647.0,0,24,2.0,2.0,0.0,1.0,0,0.0,0.0,69.0,0
1237.65,2332.59,1094.94,17.38,95254,38.192608,-120.957842,2.0,19.25,1041.0,9,63,1.0,1.0,1.0,3.0,0,1.0,1.0,0.0,0
5405.8,7134.3,1728.5,34.57,92655,33.744439,-117.98588,0.0,109.65,607.0,4,50,2.0,2.0,2.0,2.0,0,0.0,2.0,13.0,0
454.0,888.93,434.93,18.91,90046,34.108455,-118.362081,2.0,20.9,552.0,1,23,1.0,1.0,1.0,3.0,1,1.0,1.0,0.0,0
550.6,773.85,223.25,44.65,93454,34.943523,-120.256729,0.0,105.3,888.0,0,5,0.0,0.0,2.0,2.0,0,2.0,2.0,30.0,0
45.95,51.07,5.12,5.12,91351,34.422519,-118.420717,0.0,45.95,149.0,0,1,0.0,0.0,0.0,1.0,0,0.0,2.0,30.0,1
475.1,703.02,227.92,10.36,93627,36.520537,-120.118055,1.0,20.3,412.0,0,22,1.0,1.0,1.0,3.0,0,1.0,1.0,0.0,0
1068.85,1389.55,320.7,32.07,90028,34.099869,-118.326843,0.0,102.1,552.0,1,10,0.0,0.0,2.0,2.0,0,2.0,2.0,22.0,1
7159.7,9426.94,2283.36,32.16,95039,36.863303,-121.781632,2.0,100.45,639.0,4,71,2.0,2.0,0.0,2.0,2,2.0,2.0,59.0,0
25.7,69.54,43.84,43.84,93432,35.480896,-120.469476,0.0,25.7,231.0,0,1,1.0,1.0,1.0,3.0,0,1.0,1.0,0.0,0
1539.75,4721.97,3182.22,44.82,94608,37.83726,-122.287648,1.0,20.85,300.0,5,71,1.0,1.0,1.0,3.0,0,1.0,1.0,0.0,0
39.8,110.8,71.0,35.5,90040,33.994524,-118.149953,0.0,20.1,552.0,0,2,1.0,1.0,1.0,3.0,0,1.0,1.0,0.0,0
2658.4,4212.69,1570.65,42.45,93033,34.156629,-119.117218,1.0,72.1,712.0,4,37,2.0,0.0,2.0,1.0,0,0.0,2.0,23.0,0
1855.65,2495.19,639.54,29.07,95409,38.468893,-122.580539,0.0,84.3,891.0,0,22,0.0,0.0,2.0,2.0,0,0.0,2.0,52.0,1
3969.4,5661.28,1691.88,36.78,95422,38.965804,-122.631779,0.0,85.0,194.0,0,46,0.0,2.0,0.0,2.0,0,0.0,2.0,29.0,1
568.2,908.0,339.8,33.98,96068,41.082472,-121.195215,0.0,54.5,680.0,0,10,0.0,2.0,0.0,1.0,0,0.0,0.0,59.0,0
4589.85,7056.6,2466.75,44.85,92688,33.624654,-117.611733,1.0,84.25,799.0,0,55,0.0,2.0,0.0,2.0,0,2.0,0.0,48.0,0
2555.9,2836.1,280.2,9.34,92586,33.707483,-117.200006,0.0,85.15,964.0,0,30,2.0,0.0,0.0,2.0,0,0.0,0.0,8.0,1
445.85,597.85,152.0,19.0,92411,34.122501,-117.320138,0.0,54.75,848.0,10,8,0.0,0.0,2.0,0.0,0,2.0,0.0,8.0,0
1406.0,1603.86,84.41,3.67,92117,32.825086,-117.199424,0.0,59.95,852.0,5,23,0.0,2.0,0.0,1.0,0,0.0,2.0,69.0,0
4641.1,4641.1,0.0,0.0,95650,38.809175,-121.171375,2.0,64.45,548.0,9,72,2.0,2.0,2.0,1.0,0,2.0,2.0,9.0,0
1559.15,2706.67,1147.52,17.93,95675,38.545775,-120.743325,2.0,24.05,824.0,5,64,1.0,1.0,1.0,3.0,3,1.0,1.0,0.0,0
237.25,330.7,93.45,18.69,91401,34.178483,-118.431791,0.0,50.35,1031.0,0,5,0.0,0.0,0.0,1.0,0,2.0,0.0,28.0,1
2298.9,2298.9,0.0,0.0,96046,40.648024,-123.465088,1.0,36.1,437.0,2,63,2.0,2.0,0.0,1.0,0,0.0,0.0,7.0,0
622.9,747.69,158.04,17.56,95207,38.002125,-121.324979,0.0,74.55,954.0,0,9,0.0,0.0,0.0,2.0,0,0.0,0.0,27.0,1
221.9,221.9,0.0,0.0,96052,40.704293,-122.803899,0.0,29.4,525.0,0,8,0.0,0.0,0.0,1.0,0,2.0,0.0,4.0,1
62.05,119.88,47.83,47.83,95692,39.043387,-121.409837,0.0,62.05,1066.0,0,1,2.0,0.0,0.0,1.0,0,2.0,0.0,12.0,1
460.25,462.84,51.54,8.59,94928,38.34719,-122.697822,0.0,82.85,830.0,3,6,0.0,0.0,0.0,2.0,0,0.0,0.0,28.0,1
45.7,51.25,5.55,5.55,93210,36.186867,-120.387793,0.0,45.7,202.0,0,1,0.0,0.0,0.0,1.0,0,0.0,0.0,13.0,1
552.65,819.17,206.52,34.42,94920,37.885629,-122.46858,0.0,89.75,70.0,0,6,0.0,0.0,2.0,2.0,0,0.0,0.0,42.0,0
113.55,124.89,11.34,5.67,91301,34.129058,-118.759788,0.0,56.7,4.0,1,2,0.0,2.0,0.0,1.0,3,0.0,0.0,53.0,1
948.9,2901.28,1952.38,41.54,94134,37.721052,-122.413573,2.0,19.75,855.0,10,47,1.0,1.0,1.0,3.0,3,1.0,1.0,0.0,0
416.45,557.03,140.58,15.62,92108,32.774046,-117.142454,0.0,45.15,852.0,0,9,0.0,0.0,0.0,1.0,0,0.0,0.0,2.0,1
20.25,63.21,42.96,42.96,95641,38.154823,-121.601358,0.0,20.25,450.0,0,1,1.0,1.0,1.0,3.0,0,1.0,1.0,0.0,0
20.5,29.06,8.56,8.56,92122,32.85723,-117.209774,0.0,20.5,852.0,0,1,1.0,1.0,1.0,3.0,0,1.0,1.0,0.0,0
118.3,192.88,74.58,37.29,92121,32.898613,-117.202937,0.0,62.05,852.0,0,2,0.0,0.0,0.0,0.0,0,0.0,2.0,20.0,1
24.6,24.6,0.0,0.0,94060,37.22565,-122.297533,0.0,24.6,744.0,0,1,0.0,0.0,0.0,1.0,0,0.0,0.0,12.0,1
45.6,57.33,11.73,11.73,92109,32.787836,-117.232376,0.0,45.6,852.0,0,1,0.0,0.0,0.0,1.0,0,0.0,0.0,24.0,1
292.8,440.52,147.72,36.93,93675,36.719141,-119.202677,0.0,78.85,946.0,0,4,0.0,0.0,0.0,2.0,0,0.0,0.0,18.0,1
19.45,66.04,46.59,46.59,95423,39.07116,-122.598542,0.0,19.45,195.0,0,1,1.0,1.0,1.0,3.0,0,1.0,1.0,0.0,0
273.4,419.0,145.6,36.4,91710,33.990646,-117.663025,1.0,75.35,185.0,0,4,0.0,2.0,0.0,2.0,0,0.0,0.0,29.0,0
1748.55,3960.5,2211.95,34.03,92618,33.667145,-117.732135,2.0,25.3,449.0,9,65,1.0,1.0,1.0,3.0,3,1.0,1.0,0.0,0
238.5,309.3,70.8,17.7,90704,33.391181,-118.421305,0.0,55.9,49.0,0,4,0.0,0.0,0.0,1.0,0,0.0,2.0,22.0,0
49.25,57.63,8.38,8.38,95655,38.549822,-121.266725,0.0,49.25,587.0,3,1,2.0,0.0,0.0,1.0,1,0.0,0.0,19.0,1
2570.0,2639.44,69.44,2.17,92027,33.141265,-116.967221,2.0,79.3,305.0,2,32,0.0,0.0,0.0,2.0,0,2.0,0.0,11.0,0
641.35,1054.18,412.83,12.51,94590,38.104705,-122.247387,2.0,19.8,1025.0,0,33,1.0,1.0,1.0,3.0,1,1.0,1.0,0.0,0
4131.95,5555.15,1423.2,35.58,92563,33.581045,-117.14719,0.0,104.8,649.0,0,40,2.0,0.0,0.0,2.0,0,2.0,2.0,8.0,1
3038.55,3038.55,0.0,0.0,95692,39.043387,-121.409837,2.0,58.75,1066.0,0,52,0.0,2.0,2.0,1.0,0,2.0,2.0,19.0,0
4931.8,5935.12,1003.32,18.58,91208,34.195386,-118.238508,2.0,70.5,366.0,0,54,0.0,0.0,2.0,2.0,0,0.0,0.0,14.0,0
5036.9,6825.12,1788.22,33.74,90660,33.989524,-118.089299,1.0,95.95,750.0,0,53,0.0,2.0,2.0,2.0,3,2.0,2.0,56.0,0
4018.35,6935.5,2847.15,49.95,95639,38.375325,-121.507935,0.0,74.3,427.0,4,57,0.0,0.0,0.0,2.0,2,0.0,0.0,22.0,0
1387.35,1603.08,215.73,12.69,94702,37.866009,-122.286228,1.0,70.5,74.0,0,17,2.0,2.0,2.0,0.0,0,0.0,2.0,22.0,0
5435.6,5647.3,211.7,3.65,96016,40.936285,-121.572692,0.0,93.4,167.0,1,58,0.0,2.0,2.0,2.0,0,0.0,2.0,20.0,1
563.65,948.77,385.12,48.14,90731,33.736387,-118.284363,0.0,71.15,874.0,0,8,2.0,2.0,0.0,1.0,0,0.0,2.0,18.0,1
903.8,2056.64,1152.84,29.56,93627,36.520537,-120.118055,2.0,23.8,412.0,7,39,1.0,1.0,1.0,3.0,0,1.0,1.0,0.0,0
1125.2,1486.19,360.99,17.19,95528,40.497283,-123.93037,0.0,54.6,155.0,4,21,0.0,0.0,0.0,1.0,0,0.0,0.0,11.0,0
868.5,1065.13,146.63,13.33,92130,32.957195,-117.202542,0.0,79.5,852.0,1,11,0.0,0.0,0.0,2.0,0,0.0,0.0,19.0,1
6038.55,7230.22,1225.43,18.29,95050,37.351214,-121.952417,1.0,89.55,883.0,10,67,2.0,2.0,2.0,2.0,1,0.0,0.0,11.0,0
5564.85,7554.27,1989.42,28.02,94545,37.62984,-122.120843,2.0,79.1,408.0,6,71,2.0,0.0,2.0,1.0,0,2.0,2.0,27.0,0
2661.1,3129.75,468.65,13.39,93241,35.245035,-118.905553,1.0,73.45,510.0,10,35,2.0,0.0,0.0,1.0,0,0.0,2.0,20.0,0
1940.8,2413.29,382.49,16.63,91910,32.636792,-117.054989,1.0,86.8,189.0,2,23,2.0,0.0,2.0,2.0,0,2.0,0.0,22.0,0
8065.65,11032.77,2967.12,41.21,93560,34.903052,-118.411251,2.0,110.65,831.0,5,72,0.0,2.0,2.0,2.0,0,2.0,2.0,73.0,0
1623.15,2929.23,1306.08,18.14,91766,34.042286,-117.756106,1.0,23.3,776.0,6,72,1.0,1.0,1.0,3.0,2,1.0,1.0,0.0,0
6052.25,7215.05,1162.8,16.15,91963,32.619465,-116.593605,2.0,84.05,785.0,8,72,0.0,2.0,2.0,2.0,0,0.0,2.0,52.0,0
201.95,201.95,0.0,0.0,90036,34.070291,-118.349191,0.0,29.8,552.0,0,7,0.0,2.0,0.0,0.0,2,0.0,0.0,19.0,0
628.65,835.89,207.24,17.27,96047,40.524535,-122.647172,0.0,56.3,440.0,5,12,0.0,0.0,0.0,0.0,2,0.0,0.0,29.0,0
680.05,938.61,258.56,32.32,92401,34.105935,-117.2914,0.0,83.55,848.0,1,8,0.0,0.0,2.0,0.0,0,0.0,0.0,25.0,1
1027.25,1921.97,894.72,18.64,95568,41.444606,-123.471895,2.0,20.2,931.0,6,48,1.0,1.0,1.0,3.0,2,1.0,1.0,0.0,0
50.55,73.11,22.56,22.56,95388,37.421299,-120.599587,0.0,50.55,1083.0,0,1,0.0,0.0,0.0,0.0,0,0.0,0.0,2.0,1
242.95,347.78,94.83,31.61,94965,37.848641,-122.515692,0.0,91.5,896.0,1,3,0.0,0.0,2.0,2.0,0,0.0,2.0,20.0,1
19.55,37.49,17.94,17.94,95936,39.578792,-120.780786,0.0,19.55,267.0,0,1,1.0,1.0,1.0,3.0,0,1.0,1.0,0.0,0
6841.4,7513.61,672.21,10.67,90701,33.867593,-118.080637,2.0,109.25,42.0,8,63,2.0,0.0,2.0,2.0,0,2.0,2.0,23.0,0
169.8,197.94,28.14,14.07,95006,37.171727,-122.142961,0.0,85.7,104.0,0,2,0.0,0.0,0.0,2.0,0,0.0,2.0,6.0,1
1341.5,2041.5,700.0,10.0,93638,37.004068,-119.930027,1.0,19.7,570.0,0,70,1.0,1.0,1.0,3.0,0,1.0,1.0,0.0,0
1105.4,1408.67,303.27,27.57,90042,34.11572,-118.192754,0.0,97.85,552.0,0,11,0.0,0.0,0.0,0.0,2,2.0,2.0,18.0,1
92.65,179.97,87.32,43.66,94806,37.980269,-122.342635,0.0,44.15,873.0,0,2,0.0,0.0,0.0,1.0,0,0.0,0.0,25.0,1
143.65,240.97,97.32,48.66,90623,33.850504,-118.039892,0.0,79.0,490.0,0,2,0.0,0.0,0.0,2.0,0,0.0,0.0,21.0,1
897.75,1108.53,210.78,23.42,92105,32.741859,-117.090353,0.0,102.6,852.0,8,9,0.0,0.0,2.0,2.0,3,2.0,2.0,30.0,0
1607.2,2045.63,438.43,25.79,94703,37.863843,-122.275684,0.0,94.4,74.0,1,17,0.0,2.0,0.0,0.0,0,2.0,0.0,12.0,1
1311.3,1627.54,316.24,4.72,92592,33.507255,-117.029473,2.0,19.8,984.0,0,67,1.0,1.0,1.0,3.0,0,1.0,1.0,0.0,0
2181.75,3396.75,1215.0,40.5,92501,33.994676,-117.372498,2.0,74.85,827.0,7,30,0.0,0.0,0.0,1.0,0,2.0,0.0,8.0,0
19.25,32.06,12.81,12.81,93277,36.303793,-119.375646,0.0,19.25,1038.0,0,1,1.0,1.0,1.0,3.0,7,1.0,1.0,0.0,1
74.9,76.74,1.84,1.84,95338,37.526791,-119.99437,0.0,74.9,582.0,0,1,0.0,0.0,0.0,2.0,0,0.0,2.0,76.0,1
69.75,97.72,27.97,27.97,92305,34.1678,-116.86433,0.0,70.5,26.0,0,1,0.0,0.0,0.0,2.0,0,0.0,0.0,18.0,1
246.3,271.9,15.6,5.2,94040,37.380662,-122.086022,0.0,75.8,646.0,0,3,0.0,0.0,0.0,2.0,0,0.0,0.0,23.0,1
2274.9,3679.78,1404.88,41.32,90026,34.078991,-118.263804,0.0,62.65,552.0,1,34,2.0,2.0,2.0,0.0,0,0.0,0.0,71.0,1
1555.65,1859.49,303.84,18.99,96024,40.586588,-122.903677,0.0,95.6,265.0,0,16,0.0,0.0,2.0,2.0,0,2.0,2.0,30.0,1
24.45,24.45,0.0,0.0,92337,34.049671,-117.468896,0.0,24.45,329.0,0,1,0.0,0.0,0.0,0.0,0,0.0,0.0,2.0,1
4812.75,5887.83,1075.08,21.08,90013,34.044639,-118.240413,0.0,94.65,552.0,1,51,0.0,0.0,0.0,2.0,0,0.0,2.0,9.0,1
521.1,834.49,341.74,48.82,92028,33.362575,-117.299644,0.0,74.65,315.0,0,7,2.0,0.0,0.0,0.0,0,0.0,2.0,19.0,1
834.15,983.91,109.76,6.86,90056,33.987945,-118.370442,0.0,53.9,552.0,0,16,2.0,0.0,2.0,1.0,0,0.0,0.0,8.0,1
1378.25,1487.37,109.12,6.82,95633,38.852544,-120.837669,0.0,84.95,356.0,1,16,0.0,0.0,0.0,2.0,0,0.0,0.0,7.0,1
921.3,3157.66,2236.36,45.64,90620,33.845706,-118.012204,1.0,19.45,118.0,0,49,1.0,1.0,1.0,3.0,1,1.0,1.0,0.0,0
4947.55,7511.27,2433.72,47.72,92117,32.825086,-117.199424,1.0,98.85,852.0,1,51,0.0,0.0,0.0,2.0,0,2.0,2.0,23.0,0
355.1,496.97,181.02,30.17,96028,41.017282,-121.468945,0.0,54.85,314.0,3,6,0.0,0.0,0.0,1.0,2,0.0,0.0,48.0,0
87.3,127.04,39.74,19.87,92548,33.761894,-117.120868,0.0,54.45,424.0,0,2,2.0,2.0,0.0,1.0,0,0.0,0.0,19.0,0
5125.75,6324.69,1068.94,18.43,95932,39.273096,-122.050763,1.0,89.85,209.0,1,58,2.0,2.0,2.0,2.0,1,0.0,0.0,10.0,0
2215.0,2548.69,333.69,15.89,93706,36.654614,-119.903674,0.0,103.85,349.0,0,21,0.0,2.0,0.0,2.0,0,2.0,2.0,3.0,0
5481.25,7509.25,2028.0,39.0,93012,34.205504,-118.993111,1.0,104.45,138.0,5,52,2.0,2.0,0.0,2.0,0,2.0,0.0,11.0,0
580.1,617.86,85.12,12.16,95045,36.810568,-121.503022,0.0,81.25,862.0,4,7,2.0,2.0,0.0,1.0,0,2.0,2.0,9.0,0
6925.9,7169.5,243.6,4.06,92880,33.918043,-117.617809,2.0,116.05,217.0,1,60,2.0,2.0,2.0,2.0,0,2.0,0.0,11.0,0
289.3,786.4,497.1,33.14,95409,38.468893,-122.580539,0.0,19.4,891.0,0,15,1.0,1.0,1.0,3.0,0,1.0,1.0,0.0,1
84.85,120.92,36.07,36.07,94568,37.713926,-121.928425,0.0,84.85,270.0,0,1,0.0,0.0,0.0,2.0,0,2.0,2.0,41.0,1
2362.1,3234.1,872.0,34.88,95365,37.329725,-120.306399,0.0,94.7,766.0,0,25,0.0,0.0,0.0,2.0,0,0.0,2.0,8.0,1
45.05,93.08,48.03,48.03,95420,39.361283,-123.784599,0.0,45.05,166.0,0,1,0.0,0.0,0.0,0.0,0,0.0,2.0,73.0,1
529.8,1087.62,557.82,20.66,95131,37.387027,-121.897775,0.0,19.4,861.0,0,27,1.0,1.0,1.0,3.0,0,1.0,1.0,0.0,0
5986.45,6636.05,649.6,9.28,93651,37.007238,-119.505661,2.0,88.0,788.0,9,70,2.0,2.0,2.0,2.0,0,0.0,0.0,51.0,0
5238.9,7937.2,2698.3,49.06,90504,33.867257,-118.330794,0.0,96.75,999.0,0,55,0.0,2.0,2.0,2.0,1,0.0,0.0,27.0,1
8547.15,11174.43,2627.28,36.49,95237,38.166791,-121.14207,2.0,118.2,537.0,0,72,2.0,2.0,2.0,2.0,0,2.0,2.0,27.0,0
5398.6,8430.35,3031.75,45.25,94089,37.421633,-122.009613,2.0,81.35,967.0,1,67,0.0,2.0,2.0,1.0,0,2.0,2.0,18.0,0
157.75,171.23,13.48,6.74,90704,33.391181,-118.421305,0.0,71.3,49.0,0,2,0.0,0.0,0.0,2.0,0,0.0,0.0,3.0,0
3527.6,3894.75,367.15,10.49,92701,33.748478,-117.858918,0.0,100.25,881.0,0,35,0.0,0.0,0.0,2.0,0,2.0,2.0,17.0,1
4481.0,6344.68,1863.68,29.12,90605,33.960891,-118.032222,2.0,70.2,1069.0,0,64,2.0,2.0,2.0,1.0,0,0.0,0.0,24.0,1
25.2,25.2,0.0,0.0,92371,34.441123,-117.537886,0.0,25.2,747.0,0,1,0.0,0.0,0.0,1.0,0,0.0,2.0,73.0,1
5458.8,8090.26,2631.46,45.37,95747,38.784329,-121.373245,1.0,97.8,833.0,5,58,0.0,0.0,2.0,2.0,0,0.0,0.0,28.0,0
3959.35,4698.97,766.92,18.26,95420,39.361283,-123.784599,0.0,95.25,166.0,1,42,0.0,0.0,2.0,2.0,0,2.0,0.0,29.0,1
158.4,205.32,46.92,23.46,90230,33.993991,-118.39704,0.0,75.45,234.0,0,2,0.0,0.0,0.0,2.0,0,0.0,0.0,25.0,1
6396.45,7038.45,642.0,10.7,92325,34.248061,-117.29028,0.0,105.9,230.0,0,60,0.0,0.0,2.0,2.0,0,2.0,2.0,71.0,1
392.5,422.4,71.1,14.22,94619,37.787186,-122.14633,1.0,84.7,688.0,0,5,0.0,0.0,2.0,2.0,0,0.0,0.0,4.0,0
1181.75,1254.13,72.38,5.17,91101,34.146635,-118.139225,2.0,81.95,732.0,3,14,2.0,0.0,2.0,0.0,0,2.0,2.0,25.0,0
531.0,783.48,252.48,42.08,91304,34.224377,-118.632656,0.0,91.0,147.0,5,6,0.0,0.0,2.0,2.0,2,2.0,2.0,29.0,1
590.35,590.35,0.0,0.0,96022,40.336392,-122.448533,2.0,40.55,223.0,0,13,2.0,2.0,2.0,1.0,3,0.0,0.0,57.0,0
5913.95,7833.1,1830.84,32.12,90222,33.912246,-118.236773,2.0,104.9,211.0,0,57,2.0,0.0,2.0,2.0,0,0.0,0.0,15.0,0
7581.5,8024.3,442.8,6.15,91606,34.187599,-118.387125,2.0,105.6,674.0,5,72,2.0,2.0,2.0,2.0,0,2.0,2.0,5.0,0
19.65,33.5,13.85,13.85,92651,33.570023,-117.773669,0.0,19.65,496.0,0,1,1.0,1.0,1.0,3.0,0,1.0,1.0,0.0,0
4551.5,6394.03,1863.4,26.62,95450,38.505995,-123.187019,1.0,64.95,457.0,0,70,2.0,2.0,2.0,0.0,1,0.0,0.0,19.0,0
102.5,102.5,0.0,0.0,94602,37.803883,-122.208417,0.0,25.2,688.0,0,4,0.0,0.0,0.0,1.0,0,0.0,0.0,19.0,1
1078.9,1361.27,282.37,25.67,91030,34.110444,-118.156957,0.0,94.0,941.0,1,11,0.0,0.0,0.0,2.0,0,0.0,2.0,18.0,1
868.5,1065.13,146.63,13.33,92130,32.957195,-117.202542,0.0,79.5,852.0,1,11,0.0,0.0,0.0,2.0,0,0.0,0.0,19.0,1
6891.4,9537.56,2646.16,42.68,95124,37.257063,-121.923037,2.0,113.95,861.0,3,62,2.0,2.0,2.0,2.0,0,2.0,2.0,51.0,0
69.9,74.89,4.99,4.99,92121,32.898613,-117.202937,0.0,69.9,852.0,0,1,0.0,0.0,0.0,2.0,0,0.0,0.0,28.0,1
5224.35,8373.29,3008.94,45.59,91362,34.191842,-118.822796,0.0,80.45,992.0,0,66,0.0,0.0,2.0,2.0,0,0.0,0.0,24.0,1
5509.3,7665.2,2055.9,37.38,93706,36.654614,-119.903674,1.0,100.0,349.0,0,55,0.0,0.0,0.0,2.0,0,2.0,2.0,7.0,1
3186.7,4026.58,839.88,23.33,96093,40.759401,-122.939337,0.0,90.85,1050.0,0,36,0.0,2.0,0.0,2.0,0,0.0,0.0,23.0,1
1068.85,1389.55,320.7,32.07,90028,34.099869,-118.326843,0.0,102.1,552.0,1,10,0.0,0.0,2.0,2.0,0,2.0,2.0,22.0,1
2664.3,3849.58,1185.28,37.04,93429,34.866032,-120.536546,0.0,85.65,165.0,0,32,0.0,0.0,0.0,2.0,0,0.0,2.0,28.0,0
980.35,1676.33,695.98,20.47,92345,34.361387,-117.337509,2.0,26.1,418.0,0,34,1.0,1.0,1.0,3.0,0,1.0,1.0,0.0,0
1253.9,1556.18,302.28,25.19,93205,35.523991,-118.400432,0.0,106.7,97.0,0,12,0.0,0.0,2.0,2.0,0,2.0,2.0,12.0,1
754.5,1917.3,1162.8,32.3,92805,33.830209,-117.906099,2.0,19.45,23.0,2,36,1.0,1.0,1.0,3.0,2,1.0,1.0,0.0,0
95.0,107.04,12.04,12.04,92368,34.647959,-117.296957,0.0,95.0,709.0,1,1,0.0,2.0,0.0,0.0,0,0.0,2.0,5.0,1
1316.9,1416.9,0.0,0.0,95829,38.486502,-121.334051,2.0,35.8,838.0,0,37,0.0,0.0,0.0,1.0,0,0.0,0.0,25.0,0
1857.25,2325.55,468.3,22.3,92835,33.902211,-117.914922,0.0,86.55,351.0,0,21,0.0,0.0,0.0,2.0,0,2.0,0.0,9.0,0
3457.9,4335.3,882.36,24.51,95050,37.351214,-121.952417,0.0,97.35,883.0,3,36,0.0,0.0,2.0,2.0,0,2.0,0.0,27.0,1
49.9,56.25,6.35,6.35,95653,38.674276,-121.961866,0.0,49.9,571.0,0,1,0.0,0.0,2.0,1.0,1,0.0,0.0,76.0,0
959.9,1427.9,468.0,39.0,95714,39.197215,-120.83679,0.0,84.6,278.0,9,12,0.0,2.0,2.0,2.0,0,2.0,0.0,7.0,0
1148.1,1684.62,536.52,44.71,90260,33.88856,-118.351813,0.0,96.05,516.0,0,12,0.0,0.0,0.0,0.0,0,0.0,2.0,25.0,1
886.7,1217.86,339.69,26.13,91303,34.19829,-118.602203,0.0,70.15,147.0,0,13,0.0,0.0,0.0,2.0,0,0.0,0.0,28.0,0
563.65,948.77,385.12,48.14,90731,33.736387,-118.284363,0.0,71.15,874.0,0,8,2.0,2.0,0.0,1.0,0,0.0,2.0,18.0,1
835.5,2757.0,1921.5,45.75,95148,37.339533,-121.777179,2.0,20.25,861.0,10,42,1.0,1.0,1.0,3.0,0,1.0,1.0,0.0,0
20.35,50.44,30.09,30.09,94709,37.878554,-122.26609,2.0,20.35,74.0,9,1,1.0,1.0,1.0,3.0,3,1.0,1.0,0.0,0
2245.4,3754.16,1508.76,45.72,95122,37.32886,-121.834567,0.0,66.4,861.0,0,33,0.0,0.0,2.0,0.0,0,2.0,2.0,51.0,0
48.6,55.14,6.54,6.54,93212,36.04533,-119.532424,0.0,48.6,215.0,0,1,0.0,2.0,0.0,0.0,0,0.0,0.0,52.0,1
284.35,927.07,642.72,40.17,91606,34.187599,-118.387125,2.0,19.75,674.0,0,16,1.0,1.0,1.0,3.0,0,1.0,1.0,0.0,0
304.6,387.7,83.1,5.54,94704,37.871416,-122.246597,1.0,19.8,74.0,0,15,1.0,1.0,1.0,3.0,0,1.0,1.0,0.0,0
69.9,115.56,45.66,45.66,94555,37.555473,-122.080312,0.0,69.9,346.0,0,1,0.0,0.0,0.0,2.0,0,0.0,0.0,28.0,1
4718.25,6303.89,1585.64,32.36,93210,36.186867,-120.387793,0.0,96.2,202.0,0,49,0.0,0.0,0.0,2.0,0,0.0,0.0,2.0,1
7382.85,7815.95,433.1,6.1,92126,32.886925,-117.152162,1.0,105.75,852.0,0,71,2.0,0.0,2.0,2.0,0,0.0,0.0,9.0,0
5743.3,6328.5,585.2,8.36,95128,37.316146,-121.936285,2.0,79.7,861.0,3,70,2.0,2.0,2.0,1.0,1,2.0,0.0,19.0,0
3975.7,6934.98,2819.28,41.46,92285,34.341737,-116.539416,1.0,58.25,512.0,4,68,2.0,2.0,0.0,1.0,0,0.0,0.0,30.0,0
359.4,379.4,0.0,0.0,91905,32.677097,-116.304991,0.0,40.75,105.0,0,9,0.0,0.0,2.0,1.0,0,0.0,2.0,21.0,0
754.0,2224.7,1470.7,42.02,95762,38.684437,-121.055634,1.0,20.6,288.0,0,35,1.0,1.0,1.0,3.0,0,1.0,1.0,0.0,0
82.3,115.71,33.41,33.41,96006,41.171578,-120.913161,0.0,82.3,3.0,0,1,0.0,0.0,2.0,2.0,0,2.0,0.0,28.0,1
1021.55,1285.85,264.3,26.43,92036,32.980678,-116.262854,0.0,70.5,461.0,0,10,0.0,0.0,2.0,2.0,0,2.0,2.0,13.0,0
155.8,166.44,10.64,5.32,92122,32.85723,-117.209774,0.0,80.6,852.0,0,2,0.0,0.0,0.0,2.0,0,2.0,0.0,20.0,1
6152.4,8542.97,2390.57,33.67,90049,34.091829,-118.491244,2.0,84.8,552.0,9,71,2.0,0.0,2.0,2.0,3,0.0,0.0,75.0,0
44.4,76.84,32.44,32.44,93703,36.768774,-119.762633,0.0,44.4,349.0,0,1,0.0,0.0,0.0,1.0,0,0.0,0.0,12.0,1
5265.1,6697.3,1432.2,21.7,95661,38.736685,-121.251984,2.0,80.55,833.0,1,66,0.0,0.0,2.0,0.0,0,2.0,0.0,3.0,1
324.3,496.54,172.24,43.06,95237,38.166791,-121.14207,0.0,79.9,537.0,0,4,0.0,0.0,0.0,2.0,0,0.0,2.0,46.0,1
35.25,35.25,0.0,0.0,93644,37.648647,-119.231447,0.0,35.25,687.0,0,1,0.0,0.0,0.0,1.0,0,0.0,2.0,9.0,1
3019.5,3135.22,65.72,2.12,91607,34.165783,-118.399795,0.0,93.8,1029.0,1,31,0.0,0.0,2.0,2.0,0,2.0,0.0,17.0,1
50.75,93.78,43.03,43.03,91748,33.976753,-117.897367,0.0,50.75,836.0,0,1,0.0,0.0,2.0,1.0,0,0.0,0.0,3.0,1
1023.85,1102.65,78.8,3.94,91208,34.195386,-118.238508,0.0,51.8,366.0,0,20,0.0,0.0,2.0,1.0,0,0.0,0.0,18.0,0
1506.4,3213.4,1707.0,28.45,95717,39.170376,-120.838404,1.0,23.95,371.0,1,60,1.0,1.0,1.0,3.0,2,1.0,1.0,0.0,0
4458.15,5525.7,1067.55,19.41,92592,33.507255,-117.029473,0.0,77.75,984.0,5,55,0.0,0.0,0.0,2.0,0,2.0,0.0,4.0,1
19.2,45.57,26.37,26.37,90011,34.00709,-118.258681,0.0,19.2,552.0,0,1,1.0,1.0,1.0,3.0,0,1.0,1.0,0.0,0
2010.55,3723.1,1712.55,48.93,90807,33.830099,-118.182239,0.0,55.0,546.0,0,35,0.0,0.0,0.0,0.0,0,0.0,0.0,14.0,1
5552.5,8487.64,2935.14,41.34,93501,35.097323,-118.171288,1.0,79.05,621.0,0,71,0.0,0.0,2.0,2.0,0,0.0,0.0,10.0,0
2030.75,3044.92,1014.17,27.41,95667,38.733714,-120.795213,0.0,55.05,765.0,6,37,0.0,2.0,0.0,1.0,0,0.0,0.0,10.0,0
68.5,99.12,30.62,30.62,94127,37.736535,-122.45732,0.0,68.5,855.0,1,1,0.0,0.0,0.0,2.0,0,0.0,0.0,11.0,1
1521.2,3208.16,1686.96,23.43,95736,39.00978,-120.978273,2.0,20.8,1052.0,0,72,1.0,1.0,1.0,3.0,0,1.0,1.0,0.0,0
1108.2,2520.66,1412.46,33.63,93643,37.244307,-119.470256,2.0,25.25,671.0,9,42,1.0,1.0,1.0,3.0,0,1.0,1.0,0.0,0
195.3,435.9,160.6,40.15,95365,37.329725,-120.306399,0.0,54.3,766.0,0,4,0.0,0.0,0.0,1.0,0,0.0,2.0,19.0,1
593.2,2041.52,1448.32,45.26,93241,35.245035,-118.905553,1.0,19.3,510.0,1,32,1.0,1.0,1.0,3.0,0,1.0,1.0,0.0,0
2157.95,3053.6,895.65,42.65,93501,35.097323,-118.171288,0.0,104.4,621.0,1,21,0.0,0.0,2.0,2.0,0,2.0,2.0,3.0,1
2651.2,2610.25,0.0,0.0,91024,34.168686,-118.057505,0.0,45.3,918.0,6,58,0.0,0.0,2.0,1.0,0,2.0,0.0,24.0,1
1054.75,3174.27,2119.52,40.76,93927,36.248708,-121.386617,2.0,19.2,382.0,10,52,1.0,1.0,1.0,3.0,3,1.0,1.0,0.0,0
74.4,85.48,11.08,11.08,95919,39.440687,-121.263583,0.0,74.4,116.0,0,1,0.0,0.0,0.0,2.0,0,0.0,0.0,12.0,1
3103.25,4852.09,1768.0,34.0,94901,37.972662,-122.491452,2.0,59.85,876.0,0,52,0.0,2.0,0.0,1.0,0,2.0,0.0,3.0,0
8165.1,11347.5,3182.4,44.2,95242,38.128087,-121.4078,2.0,109.55,539.0,9,72,0.0,2.0,2.0,2.0,0,2.0,2.0,2.0,0
237.25,330.7,93.45,18.69,91401,34.178483,-118.431791,0.0,50.35,1031.0,0,5,0.0,0.0,0.0,1.0,0,2.0,0.0,28.0,1
74.3,113.85,39.55,39.55,95917,39.457388,-121.818201,0.0,74.3,86.0,0,1,2.0,0.0,0.0,2.0,0,0.0,0.0,21.0,0
413.65,589.75,176.1,35.22,92028,33.362575,-117.299644,0.0,75.55,315.0,0,5,0.0,0.0,0.0,2.0,0,0.0,2.0,58.0,1
1206.05,1351.77,115.72,5.26,95626,38.734997,-121.463719,0.0,55.15,299.0,1,22,2.0,0.0,2.0,1.0,1,0.0,0.0,19.0,1
69.15,71.35,2.2,2.2,90062,34.003553,-118.308933,0.0,69.15,552.0,1,1,0.0,0.0,0.0,2.0,0,0.0,0.0,30.0,1
1425.45,1650.45,225.0,12.5,94110,37.750021,-122.415201,1.0,82.0,855.0,0,18,2.0,0.0,0.0,1.0,0,2.0,2.0,5.0,1
4303.65,4832.85,529.2,12.6,94118,37.781304,-122.461522,2.0,100.4,855.0,1,42,2.0,0.0,0.0,2.0,3,2.0,2.0,26.0,0
1652.95,2333.62,680.67,25.21,93518,35.358953,-118.527064,0.0,56.7,130.0,0,27,0.0,2.0,2.0,1.0,0,0.0,0.0,9.0,0
5647.95,5861.67,213.72,4.11,92860,33.925833,-117.559639,2.0,109.1,670.0,1,52,0.0,2.0,2.0,2.0,0,2.0,0.0,17.0,0
927.65,927.65,0.0,0.0,90501,33.833699,-118.314387,1.0,30.15,999.0,0,32,0.0,2.0,0.0,1.0,0,0.0,0.0,18.0,0
947.4,947.4,0.0,0.0,92273,32.790282,-115.689559,1.0,40.65,903.0,0,23,2.0,2.0,2.0,1.0,1,0.0,0.0,19.0,0
1358.85,1412.9,88.14,6.78,95646,38.631489,-120.015167,0.0,100.35,475.0,0,13,0.0,2.0,0.0,2.0,0,0.0,2.0,26.0,1
2331.3,3204.15,872.85,37.95,93035,34.18454,-119.224666,0.0,99.85,712.0,1,23,2.0,2.0,0.0,2.0,0,0.0,2.0,27.0,1
86.6,86.6,0.0,0.0,92592,33.507255,-117.029473,0.0,24.45,984.0,0,4,0.0,0.0,0.0,1.0,0,0.0,0.0,9.0,1
19.85,67.31,47.46,47.46,95831,38.494832,-121.529447,1.0,19.85,838.0,5,1,1.0,1.0,1.0,3.0,1,1.0,1.0,0.0,0
7919.8,10939.48,3019.68,41.94,93240,35.607875,-118.466318,2.0,107.7,504.0,4,72,2.0,2.0,2.0,2.0,1,0.0,2.0,85.0,0
3303.05,3384.25,81.2,2.03,92592,33.507255,-117.029473,0.0,84.85,984.0,1,40,2.0,0.0,0.0,2.0,0,2.0,0.0,19.0,1
3928.3,6542.5,2614.2,43.57,95547,40.557314,-124.081662,1.0,65.85,438.0,4,60,2.0,2.0,2.0,1.0,0,2.0,0.0,30.0,0
1193.05,1930.71,737.66,33.53,92121,32.898613,-117.202937,1.0,55.15,852.0,0,22,2.0,0.0,2.0,1.0,0,0.0,0.0,59.0,1
606.25,716.65,110.4,13.8,94903,38.018065,-122.546024,0.0,75.75,876.0,0,8,0.0,0.0,0.0,2.0,0,0.0,0.0,6.0,1
5348.65,6301.5,952.85,16.15,95357,37.670526,-120.877572,0.0,88.75,620.0,3,59,0.0,0.0,0.0,2.0,1,2.0,0.0,26.0,0
1992.55,2514.61,522.06,24.86,93615,36.497895,-119.285484,0.0,99.85,236.0,0,21,0.0,0.0,2.0,2.0,0,0.0,2.0,48.0,0
8332.15,10318.63,1986.48,27.59,95540,40.584991,-124.121504,2.0,115.8,341.0,8,72,2.0,2.0,2.0,2.0,0,2.0,2.0,25.0,0
4108.15,5419.35,1311.2,32.78,95463,39.182916,-123.552571,0.0,102.65,653.0,0,40,0.0,0.0,2.0,2.0,0,2.0,2.0,29.0,0
2053.05,3555.7,1549.04,45.56,96058,41.769709,-121.92063,1.0,64.35,567.0,0,34,0.0,2.0,2.0,1.0,0,0.0,2.0,7.0,0
224.85,365.65,140.8,35.2,92321,34.255203,-117.175654,0.0,58.5,176.0,9,4,2.0,0.0,2.0,1.0,3,0.0,0.0,52.0,0
654.85,750.49,95.64,7.97,94569,38.035707,-122.196821,0.0,56.65,778.0,0,12,2.0,2.0,0.0,0.0,0,0.0,0.0,10.0,1
985.05,1396.02,410.97,19.57,94002,37.509366,-122.306132,0.0,45.65,69.0,0,21,0.0,0.0,0.0,1.0,2,0.0,0.0,29.0,0
280.85,415.45,134.6,33.65,92627,33.645672,-117.922613,0.0,73.9,221.0,0,4,0.0,0.0,0.0,2.0,0,2.0,0.0,30.0,1
153.05,228.57,75.52,37.76,94089,37.421633,-122.009613,0.0,70.0,967.0,0,2,0.0,0.0,0.0,2.0,0,0.0,0.0,10.0,1
3233.85,5028.25,1794.4,44.86,90706,33.887676,-118.127289,0.0,79.2,68.0,0,40,0.0,2.0,2.0,2.0,0,0.0,0.0,4.0,1
185.55,203.27,17.72,8.86,94947,38.112166,-122.634384,0.0,89.55,679.0,1,2,0.0,0.0,0.0,2.0,0,0.0,2.0,23.0,1
225.65,300.77,75.12,25.04,91722,34.097345,-117.906736,0.0,70.7,227.0,0,3,2.0,0.0,0.0,0.0,1,0.0,2.0,17.0,0
6017.65,8598.65,2581.0,44.5,92027,33.141265,-116.967221,1.0,103.25,305.0,0,58,0.0,0.0,2.0,2.0,0,2.0,2.0,47.0,1
90.6,103.62,13.02,13.02,95136,37.270938,-121.851046,0.0,90.6,861.0,1,1,0.0,0.0,2.0,2.0,0,0.0,0.0,30.0,1
7288.4,8292.34,1003.94,14.14,93226,35.735694,-118.738483,1.0,104.65,370.0,1,71,0.0,2.0,2.0,2.0,3,2.0,2.0,59.0,0
347.4,583.65,226.25,45.25,95635,38.921333,-120.897718,1.0,70.0,385.0,0,5,0.0,0.0,0.0,1.0,0,2.0,2.0,22.0,1
4295.35,5422.59,1087.24,24.71,94111,37.801776,-122.402293,1.0,94.4,855.0,4,44,0.0,0.0,2.0,2.0,2,2.0,2.0,27.0,0
1415.55,1933.13,517.58,36.97,93427,34.631362,-120.238218,0.0,100.55,117.0,0,14,0.0,0.0,2.0,2.0,0,0.0,2.0,27.0,1
1206.05,1351.77,115.72,5.26,95626,38.734997,-121.463719,0.0,55.15,299.0,1,22,2.0,0.0,2.0,1.0,1,0.0,0.0,19.0,1
1527.5,1667.0,139.5,4.65,91710,33.990646,-117.663025,0.0,50.4,185.0,1,30,0.0,0.0,2.0,1.0,0,0.0,0.0,29.0,1
531.15,563.6,32.45,2.95,91104,34.165383,-118.123752,0.0,51.1,732.0,0,11,0.0,0.0,2.0,1.0,0,0.0,0.0,21.0,0
6941.2,7689.6,608.4,9.36,93060,34.402343,-119.094824,0.0,109.15,890.0,0,65,2.0,0.0,2.0,2.0,0,2.0,2.0,4.0,1
3778.2,7208.92,3430.72,48.32,92131,32.89325,-117.087091,2.0,54.5,852.0,5,71,2.0,2.0,0.0,1.0,0,0.0,0.0,59.0,0
4438.2,4956.9,518.7,9.1,91020,34.2112,-118.230625,2.0,79.75,631.0,0,57,0.0,0.0,2.0,1.0,0,2.0,0.0,16.0,0
6218.45,7706.51,1488.06,23.62,95205,37.965695,-121.260051,2.0,98.0,954.0,0,63,0.0,2.0,2.0,2.0,0,2.0,0.0,21.0,0
79.95,83.08,3.13,3.13,92321,34.255203,-117.175654,0.0,79.95,176.0,0,1,0.0,0.0,0.0,2.0,0,0.0,0.0,5.0,1
3361.05,3977.83,516.78,15.66,91977,32.726627,-116.994608,1.0,103.75,944.0,1,33,2.0,2.0,0.0,2.0,0,2.0,2.0,24.0,1
6758.45,9346.4,2599.8,43.33,92886,33.897253,-117.792202,2.0,70.5,1095.0,1,60,2.0,2.0,2.0,2.0,1,2.0,2.0,28.0,0
3919.15,5817.79,1898.64,35.16,95461,38.787446,-122.58675,0.0,74.0,605.0,10,54,0.0,0.0,0.0,2.0,0,0.0,0.0,5.0,0
151.8,192.8,41.0,20.5,94940,38.129308,-122.834815,0.0,76.4,584.0,1,2,0.0,0.0,0.0,2.0,0,2.0,0.0,51.0,1
19.2,37.09,17.89,17.89,95565,40.440636,-124.098739,0.0,19.2,897.0,0,1,1.0,1.0,1.0,3.0,3,1.0,1.0,0.0,0
1380.1,1380.1,0.0,0.0,95655,38.549822,-121.266725,0.0,30.3,587.0,0,46,0.0,0.0,2.0,1.0,0,0.0,0.0,26.0,1
865.55,1034.05,168.5,16.85,93401,35.233745,-120.626442,0.0,84.6,867.0,0,10,0.0,0.0,0.0,2.0,0,2.0,2.0,30.0,1
3777.15,4965.41,1188.26,31.27,93561,35.073777,-118.652112,0.0,99.25,982.0,0,38,0.0,0.0,0.0,2.0,0,2.0,2.0,85.0,1
53.5,68.08,14.58,14.58,95736,39.00978,-120.978273,0.0,53.5,1052.0,0,1,0.0,0.0,0.0,1.0,0,0.0,0.0,73.0,1
2540.1,2536.02,0.0,0.0,95827,38.549185,-121.328386,1.0,45.35,838.0,7,58,0.0,2.0,2.0,1.0,0,0.0,0.0,29.0,0
7985.9,11501.82,3515.92,49.52,91731,34.079934,-118.046695,2.0,111.3,289.0,0,71,2.0,2.0,2.0,2.0,0,2.0,2.0,19.0,0
4045.65,6125.87,2080.22,44.26,94572,38.027218,-122.23463,0.0,85.3,829.0,1,47,0.0,0.0,0.0,0.0,0,2.0,2.0,23.0,1
1079.45,2496.95,1417.5,26.25,94566,37.633361,-121.862395,2.0,20.1,771.0,0,54,1.0,1.0,1.0,3.0,0,1.0,1.0,0.0,0
469.65,469.65,0.0,0.0,96069,40.689243,-122.037023,0.0,30.2,684.0,8,15,0.0,2.0,0.0,0.0,2,0.0,0.0,16.0,0
5597.65,8404.3,2806.65,44.55,93247,36.205465,-119.085807,2.0,89.4,529.0,6,63,2.0,2.0,2.0,1.0,0,2.0,2.0,29.0,0
202.25,334.73,132.48,11.04,90023,34.017697,-118.200577,1.0,19.8,552.0,10,12,1.0,1.0,1.0,3.0,0,1.0,1.0,0.0,0
46.3,57.81,11.51,11.51,91913,32.64164,-116.985026,2.0,46.3,189.0,0,1,0.0,0.0,0.0,1.0,0,0.0,0.0,21.0,0
800.3,856.73,56.43,1.71,94506,37.791481,-121.903253,1.0,24.15,241.0,3,33,1.0,1.0,1.0,3.0,1,1.0,1.0,0.0,0
152.3,236.87,84.57,28.19,94929,38.24458,-122.956268,0.0,50.25,258.0,0,3,2.0,0.0,0.0,0.0,0,0.0,0.0,21.0,0
61.7,107.81,46.11,15.37,92821,33.930199,-117.862898,0.0,20.0,109.0,0,3,1.0,1.0,1.0,3.0,0,1.0,1.0,0.0,0
3181.8,4186.2,1004.4,33.48,93634,37.290606,-119.216328,0.0,105.7,507.0,6,30,2.0,2.0,2.0,2.0,0,2.0,0.0,22.0,0
2291.2,3482.7,1191.5,47.66,95006,37.171727,-122.142961,0.0,88.95,104.0,0,25,0.0,0.0,2.0,2.0,0,0.0,0.0,23.0,1
24.0,56.95,32.95,32.95,92677,33.529047,-117.701175,0.0,24.0,498.0,0,1,1.0,1.0,1.0,3.0,1,1.0,1.0,0.0,0
471.85,1430.8,980.2,37.7,95442,38.368744,-122.522642,1.0,19.6,364.0,0,26,1.0,1.0,1.0,3.0,0,1.0,1.0,0.0,0
1191.4,2654.36,1499.88,25.86,95912,38.982373,-122.047751,2.0,20.5,35.0,10,58,1.0,1.0,1.0,3.0,2,1.0,1.0,0.0,0
1716.45,1716.45,0.0,0.0,92382,34.186211,-117.07683,1.0,42.35,837.0,1,40,0.0,2.0,2.0,1.0,0,2.0,0.0,21.0,1
3420.5,5283.86,1863.36,38.82,96022,40.336392,-122.448533,1.0,70.55,223.0,7,48,0.0,0.0,2.0,0.0,0,2.0,2.0,8.0,0
3983.6,5728.88,1745.28,24.24,93608,36.488056,-120.407691,2.0,55.3,148.0,5,72,0.0,2.0,0.0,1.0,0,0.0,0.0,27.0,0
4222.95,5301.93,1078.98,25.69,92505,33.920907,-117.489426,0.0,100.3,827.0,0,42,2.0,0.0,0.0,2.0,0,0.0,2.0,13.0,0
1253.9,1556.18,302.28,25.19,93205,35.523991,-118.400432,0.0,106.7,97.0,0,12,0.0,0.0,2.0,2.0,0,2.0,2.0,12.0,1
4749.15,6222.6,1473.45,31.35,90028,34.099869,-118.326843,0.0,99.35,552.0,1,47,0.0,0.0,2.0,2.0,1,0.0,2.0,16.0,1
3351.55,4710.14,1392.32,43.51,95222,38.071327,-120.632221,0.0,104.9,25.0,1,32,2.0,0.0,0.0,2.0,0,2.0,0.0,22.0,1
224.05,233.92,9.87,3.29,95232,38.358464,-120.579304,0.0,80.4,365.0,1,3,0.0,0.0,0.0,2.0,0,0.0,0.0,9.0,1
1090.6,2154.4,1063.8,19.7,95358,37.612612,-121.108568,2.0,20.4,620.0,3,54,1.0,1.0,1.0,3.0,3,1.0,1.0,0.0,0
301.55,415.79,114.24,7.14,90046,34.108455,-118.362081,2.0,19.7,552.0,10,16,1.0,1.0,1.0,3.0,2,1.0,1.0,0.0,0
7156.2,9310.25,2154.05,32.15,92227,33.03933,-115.191857,2.0,108.75,108.0,1,67,2.0,2.0,0.0,2.0,0,2.0,2.0,28.0,1
560.6,844.7,284.1,47.35,90712,33.840524,-118.148403,0.0,98.25,509.0,0,6,0.0,0.0,2.0,2.0,0,0.0,2.0,29.0,1
8127.6,8842.3,714.7,10.21,95519,40.965011,-124.015255,1.0,115.55,594.0,0,70,2.0,2.0,2.0,2.0,0,2.0,2.0,52.0,1
1147.45,1267.3,119.85,7.99,91020,34.2112,-118.230625,0.0,75.3,631.0,0,15,0.0,0.0,2.0,2.0,0,0.0,0.0,27.0,1
660.9,965.13,338.52,48.36,94587,37.59485,-122.051521,0.0,95.35,1019.0,0,7,0.0,0.0,0.0,2.0,0,2.0,2.0,15.0,1
3795.45,5504.71,1709.26,29.47,95257,38.392686,-120.415951,2.0,64.9,1076.0,0,58,2.0,2.0,2.0,1.0,0,2.0,0.0,16.0,0
1597.25,2111.87,514.62,28.59,92126,32.886925,-117.152162,0.0,90.7,852.0,0,18,0.0,0.0,0.0,2.0,0,2.0,2.0,26.0,1
2513.5,2637.0,123.5,4.94,95111,37.284265,-121.827673,2.0,99.3,861.0,0,25,2.0,0.0,0.0,2.0,0,2.0,2.0,51.0,0
7752.3,10022.26,2269.96,33.88,95560,40.142256,-123.852927,2.0,116.2,808.0,0,67,2.0,2.0,2.0,2.0,0,2.0,2.0,71.0,1
155.35,155.35,0.0,0.0,93523,34.966777,-117.961179,0.0,50.6,283.0,0,3,0.0,0.0,2.0,0.0,0,0.0,2.0,25.0,1
442.2,452.2,0.0,0.0,94567,38.672708,-122.403219,0.0,48.75,777.0,1,9,0.0,0.0,0.0,1.0,0,2.0,2.0,10.0,1
868.1,1459.9,591.8,13.45,92368,34.647959,-117.296957,2.0,19.9,709.0,0,44,1.0,1.0,1.0,3.0,0,1.0,1.0,0.0,0
4532.3,5100.47,438.17,10.19,95824,38.517295,-121.439819,1.0,106.0,838.0,0,43,2.0,2.0,2.0,2.0,2,0.0,2.0,10.0,0
1688.9,2663.08,974.18,14.54,95632,38.274451,-121.259201,2.0,26.3,353.0,2,67,1.0,1.0,1.0,3.0,2,1.0,1.0,0.0,0
349.65,561.3,211.65,42.33,95742,38.591134,-121.161585,0.0,75.55,794.0,0,5,0.0,0.0,0.0,2.0,0,2.0,0.0,9.0,1
1058.25,1313.55,145.3,14.53,93626,37.027663,-119.69056,0.0,98.5,350.0,0,10,2.0,0.0,0.0,2.0,0,0.0,2.0,30.0,1
198.7,242.9,44.2,4.42,94133,37.802071,-122.411004,0.0,20.0,855.0,0,10,1.0,1.0,1.0,3.0,0,1.0,1.0,0.0,0
292.8,440.52,147.72,36.93,93675,36.719141,-119.202677,0.0,78.85,946.0,0,4,0.0,0.0,0.0,2.0,0,0.0,0.0,18.0,1
260.8,556.0,295.2,49.2,94538,37.505768,-121.962472,0.0,44.6,346.0,5,6,0.0,0.0,0.0,1.0,1,0.0,0.0,21.0,1
4995.35,6969.77,1974.42,31.34,94950,38.052209,-122.775567,2.0,80.3,697.0,0,63,2.0,2.0,2.0,1.0,0,2.0,2.0,26.0,0
25.8,45.8,0.0,0.0,95959,39.333737,-120.858667,0.0,25.8,655.0,0,1,0.0,0.0,0.0,1.0,0,0.0,0.0,26.0,1
6936.85,9724.03,2787.18,42.23,92392,34.486835,-117.362274,0.0,105.2,1035.0,6,66,0.0,0.0,2.0,2.0,0,2.0,2.0,30.0,0
1454.15,1659.17,205.02,12.06,94539,37.516791,-121.899117,0.0,90.2,346.0,1,17,0.0,2.0,2.0,2.0,0,2.0,0.0,9.0,1
365.65,512.69,147.04,36.76,94590,38.104705,-122.247387,0.0,89.6,1025.0,0,4,0.0,0.0,2.0,2.0,0,0.0,0.0,20.0,1
53.5,68.08,14.58,14.58,95736,39.00978,-120.978273,0.0,53.5,1052.0,0,1,0.0,0.0,0.0,1.0,0,0.0,0.0,73.0,1
35.25,35.25,0.0,0.0,93644,37.648647,-119.231447,0.0,35.25,687.0,0,1,0.0,0.0,0.0,1.0,0,0.0,2.0,9.0,1
78.65,124.74,46.09,46.09,93110,34.437945,-119.77191,0.0,78.65,882.0,0,1,0.0,0.0,0.0,2.0,0,0.0,2.0,10.0,1
75.35,118.17,32.82,32.82,92117,32.825086,-117.199424,0.0,75.35,852.0,0,1,0.0,0.0,2.0,2.0,0,0.0,0.0,21.0,1
159.4,248.66,79.26,39.63,96074,39.884395,-122.587513,0.0,79.75,733.0,0,2,0.0,0.0,0.0,2.0,0,0.0,0.0,23.0,1
159.2,174.8,15.6,1.95,91344,34.291273,-118.505104,0.0,19.45,375.0,0,8,1.0,1.0,1.0,3.0,3,1.0,1.0,0.0,0
7758.9,9411.3,1652.4,22.95,90250,33.914775,-118.348083,2.0,109.75,407.0,6,72,2.0,0.0,2.0,2.0,0,2.0,2.0,17.0,0
1046.1,1311.71,153.0,12.75,96050,41.816595,-122.948287,0.0,94.2,477.0,0,12,0.0,0.0,0.0,2.0,0,0.0,2.0,24.0,1
994.8,1064.85,70.05,4.67,92392,34.486835,-117.362274,0.0,69.0,1035.0,0,15,0.0,0.0,0.0,2.0,0,0.0,0.0,28.0,1
1505.05,3869.65,2364.6,39.41,95336,37.830267,-121.201018,2.0,25.0,577.0,0,60,1.0,1.0,1.0,3.0,0,1.0,1.0,0.0,0
3857.1,6087.25,2230.15,34.31,91343,34.238802,-118.482296,2.0,58.9,673.0,5,65,2.0,2.0,0.0,1.0,0,2.0,0.0,71.0,0
69.55,99.33,29.78,29.78,92327,34.875144,-116.821698,0.0,69.55,238.0,0,1,0.0,0.0,0.0,2.0,0,0.0,0.0,13.0,1
5445.95,7958.95,2513.0,35.9,93023,34.581308,-118.931948,1.0,78.35,694.0,2,70,2.0,2.0,2.0,0.0,1,2.0,2.0,59.0,0
70.25,93.25,23.0,23.0,93312,35.392599,-119.245341,0.0,70.25,56.0,0,1,0.0,0.0,0.0,2.0,0,0.0,0.0,59.0,1
1144.5,1354.72,130.22,7.66,95922,39.432127,-121.099287,0.0,70.0,145.0,0,17,0.0,0.0,0.0,2.0,0,0.0,0.0,17.0,1
78.95,102.91,23.96,23.96,95823,38.475465,-121.443625,0.0,78.95,838.0,0,1,0.0,0.0,0.0,2.0,0,0.0,0.0,22.0,1
470.6,470.6,0.0,0.0,94306,37.416159,-122.131337,1.0,41.6,723.0,0,11,0.0,0.0,0.0,1.0,0,2.0,0.0,5.0,1
1182.55,4005.02,2822.47,46.27,92301,34.667815,-117.536183,0.0,19.4,2.0,3,61,1.0,1.0,1.0,3.0,0,1.0,1.0,0.0,1
1855.65,2495.19,639.54,29.07,95409,38.468893,-122.580539,0.0,84.3,891.0,0,22,0.0,0.0,2.0,2.0,0,0.0,2.0,52.0,1
1725.4,3480.52,1755.12,24.72,90069,34.093781,-118.381061,2.0,24.4,1058.0,1,71,1.0,1.0,1.0,3.0,0,1.0,1.0,0.0,0
3465.05,3885.8,420.75,12.75,95458,39.141934,-122.770679,2.0,105.35,562.0,0,33,0.0,0.0,2.0,2.0,2,2.0,0.0,19.0,0
4746.05,4886.05,0.0,0.0,96024,40.586588,-122.903677,2.0,64.7,265.0,8,72,2.0,2.0,2.0,1.0,0,2.0,2.0,12.0,0
6876.05,7353.07,477.02,7.82,91107,34.159007,-118.087353,2.0,111.6,732.0,0,61,2.0,2.0,0.0,2.0,0,2.0,2.0,11.0,1
1623.4,1611.68,0.0,0.0,93274,36.185471,-119.375243,1.0,30.1,1008.0,0,52,0.0,0.0,2.0,0.0,0,0.0,0.0,14.0,0
4847.35,7043.04,2195.69,44.81,95374,37.316807,-120.855753,0.0,100.85,951.0,3,49,0.0,2.0,0.0,2.0,0,0.0,2.0,10.0,0
3462.1,5513.47,1945.9,35.38,92123,32.808814,-117.134694,1.0,66.05,852.0,0,55,2.0,2.0,2.0,0.0,0,0.0,0.0,13.0,0
2275.1,2736.14,461.04,13.56,95826,38.542532,-121.378826,2.0,69.15,838.0,0,34,0.0,0.0,0.0,2.0,0,0.0,0.0,30.0,0
25.15,25.15,0.0,0.0,95558,40.274302,-124.210902,0.0,25.15,746.0,0,1,0.0,0.0,0.0,0.0,0,0.0,0.0,52.0,0
3765.05,3805.05,0.0,0.0,90068,34.137411,-118.328915,0.0,52.3,552.0,10,71,0.0,0.0,2.0,0.0,0,2.0,2.0,28.0,0
398.55,460.3,61.75,12.35,90003,33.964131,-118.272783,0.0,80.1,552.0,0,5,0.0,0.0,0.0,2.0,0,0.0,0.0,13.0,0
2088.05,2327.3,239.25,9.57,93646,36.633498,-119.298895,0.0,84.6,702.0,0,25,0.0,0.0,0.0,2.0,0,0.0,0.0,59.0,0
835.5,1633.66,798.16,18.14,95834,38.646209,-121.52446,1.0,19.5,838.0,0,44,1.0,1.0,1.0,3.0,0,1.0,1.0,0.0,0
74.9,76.74,1.84,1.84,95338,37.526791,-119.99437,0.0,74.9,582.0,0,1,0.0,0.0,0.0,2.0,0,0.0,2.0,76.0,1
4003.85,4891.07,887.22,16.74,95070,37.257772,-122.051824,0.0,73.8,895.0,0,53,0.0,0.0,2.0,2.0,0,0.0,0.0,15.0,0
5919.35,7163.51,1244.16,17.28,92345,34.361387,-117.337509,2.0,82.65,418.0,7,72,0.0,2.0,2.0,1.0,0,2.0,2.0,11.0,0
318.1,387.9,69.8,13.96,93656,36.452211,-119.94575,0.0,63.95,826.0,0,5,2.0,0.0,0.0,1.0,0,2.0,0.0,5.0,0
50.45,78.7,28.25,28.25,95713,39.084645,-120.894014,0.0,50.45,206.0,0,1,0.0,0.0,0.0,0.0,0,0.0,0.0,9.0,1
3954.1,5095.75,1141.65,26.55,90601,34.007353,-118.033683,0.0,91.65,1069.0,0,43,0.0,0.0,2.0,2.0,0,2.0,0.0,12.0,0
346.4,417.7,71.3,14.26,94304,37.386978,-122.177746,0.0,70.05,723.0,0,5,0.0,0.0,0.0,1.0,0,2.0,2.0,26.0,1
6110.2,8383.06,2272.86,42.09,92401,34.105935,-117.2914,2.0,109.75,848.0,1,54,2.0,2.0,2.0,2.0,0,2.0,2.0,9.0,1
6066.55,6200.14,133.59,2.19,95386,37.669516,-120.626964,1.0,98.3,1048.0,2,61,2.0,0.0,2.0,2.0,0,2.0,0.0,8.0,0
646.85,796.86,150.01,21.43,93234,36.217864,-120.080117,0.0,84.55,436.0,1,7,0.0,0.0,0.0,2.0,0,0.0,0.0,12.0,1
3425.35,5457.89,2041.04,32.92,96062,40.531257,-122.148139,1.0,54.75,612.0,5,62,0.0,2.0,0.0,1.0,3,2.0,0.0,71.0,0
4812.75,5887.83,1075.08,21.08,90013,34.044639,-118.240413,0.0,94.65,552.0,1,51,0.0,0.0,0.0,2.0,0,0.0,2.0,9.0,1
4391.25,5196.71,805.46,17.51,95954,39.933852,-121.584371,0.0,99.8,572.0,0,46,0.0,0.0,2.0,2.0,2,2.0,2.0,85.0,0
6529.25,7140.21,500.96,8.08,94535,38.265899,-121.939461,1.0,102.0,1004.0,0,62,2.0,2.0,2.0,2.0,0,0.0,2.0,21.0,1
2452.7,2452.7,0.0,0.0,95624,38.434138,-121.30587,0.0,41.05,297.0,1,59,0.0,0.0,2.0,1.0,0,0.0,2.0,69.0,1
1755.35,1755.35,0.0,0.0,95695,38.71967,-121.862416,2.0,38.25,1090.0,0,46,2.0,2.0,0.0,1.0,0,2.0,0.0,2.0,0
2309.55,3215.94,906.39,33.57,92230,33.929812,-116.76058,1.0,84.8,127.0,5,27,2.0,0.0,2.0,1.0,0,2.0,0.0,21.0,0
7806.5,8041.79,235.29,3.41,93430,35.511833,-120.918713,2.0,112.55,174.0,9,69,2.0,2.0,2.0,2.0,0,2.0,2.0,41.0,0
49.55,73.79,24.24,24.24,92029,33.079834,-117.134275,0.0,49.55,305.0,1,1,0.0,2.0,0.0,0.0,0,0.0,0.0,9.0,1
846.0,1117.0,271.0,27.1,92122,32.85723,-117.209774,0.0,80.25,852.0,0,10,0.0,0.0,0.0,2.0,0,0.0,2.0,11.0,1
4459.8,4770.3,310.5,6.9,91762,34.057256,-117.667677,1.0,100.15,700.0,0,45,0.0,0.0,0.0,2.0,0,2.0,0.0,20.0,0
50.6,62.46,11.86,11.86,90621,33.874224,-117.993368,0.0,50.6,118.0,0,1,0.0,2.0,0.0,0.0,2,0.0,0.0,13.0,1
494.9,825.36,330.46,12.71,96061,40.331975,-121.460674,2.0,19.65,609.0,4,26,1.0,1.0,1.0,3.0,2,1.0,1.0,0.0,0
2157.95,3053.6,895.65,42.65,93501,35.097323,-118.171288,0.0,104.4,621.0,1,21,0.0,0.0,2.0,2.0,0,2.0,2.0,3.0,1
2010.95,2507.59,496.64,15.52,95437,39.455555,-123.683979,1.0,64.85,339.0,0,32,0.0,0.0,0.0,1.0,0,0.0,2.0,12.0,0
19.45,68.41,48.96,48.96,95545,40.342928,-124.063329,0.0,19.45,426.0,0,1,1.0,1.0,1.0,3.0,0,1.0,1.0,0.0,1
6979.8,8194.65,1214.85,18.69,95928,39.681488,-121.83721,1.0,106.25,183.0,1,65,0.0,0.0,2.0,2.0,0,2.0,0.0,30.0,1
2362.1,3234.1,872.0,34.88,95365,37.329725,-120.306399,0.0,94.7,766.0,0,25,0.0,0.0,0.0,2.0,0,0.0,2.0,8.0,1
4084.35,4556.43,332.08,5.93,94964,37.942551,-122.491642,2.0,72.6,875.0,8,56,2.0,2.0,0.0,1.0,1,0.0,0.0,19.0,0
6079.0,6561.4,482.4,7.2,93022,34.404544,-119.302118,2.0,94.65,685.0,4,67,0.0,0.0,0.0,2.0,0,0.0,0.0,23.0,0
902.0,2293.5,1391.5,30.25,90604,33.929704,-118.01208,2.0,20.05,1069.0,0,46,1.0,1.0,1.0,3.0,0,1.0,1.0,0.0,0
368.1,447.06,48.96,12.24,94108,37.791998,-122.408653,0.0,90.05,855.0,0,4,0.0,0.0,2.0,2.0,0,0.0,2.0,11.0,1
7031.45,8676.38,1644.93,26.11,95012,36.784481,-121.759054,0.0,109.4,171.0,0,63,0.0,2.0,2.0,2.0,0,2.0,2.0,20.0,0
778.1,1015.38,237.28,29.66,92201,33.713891,-116.237257,0.0,95.65,445.0,0,8,0.0,0.0,0.0,2.0,0,0.0,2.0,12.0,1
267.4,289.54,22.14,7.38,93010,34.227846,-119.079903,0.0,83.9,138.0,3,3,2.0,0.0,0.0,2.0,0,0.0,0.0,11.0,1
226.55,256.65,30.1,3.01,90713,33.847755,-118.112532,0.0,24.0,509.0,0,10,1.0,1.0,1.0,3.0,0,1.0,1.0,0.0,0
50.45,78.7,28.25,28.25,95713,39.084645,-120.894014,0.0,50.45,206.0,0,1,0.0,0.0,0.0,0.0,0,0.0,0.0,9.0,1
438.0,565.38,127.38,21.23,90254,33.86532,-118.396336,0.0,75.5,417.0,4,6,0.0,0.0,0.0,2.0,0,0.0,0.0,13.0,1
834.2,934.74,100.54,9.14,90056,33.987945,-118.370442,0.0,74.35,552.0,1,11,0.0,0.0,0.0,2.0,0,0.0,0.0,19.0,1
162.15,267.83,105.68,13.21,96103,39.783747,-120.661032,2.0,19.5,90.0,10,8,1.0,1.0,1.0,3.0,2,1.0,1.0,0.0,0
3549.25,4286.71,737.46,21.69,90041,34.137412,-118.207607,0.0,106.35,552.0,0,34,0.0,0.0,2.0,2.0,1,2.0,2.0,28.0,1
31.35,111.35,0.0,0.0,95236,38.047746,-121.030499,0.0,31.35,528.0,0,1,0.0,0.0,2.0,1.0,0,0.0,0.0,6.0,1
75.75,84.1,8.35,8.35,92027,33.141265,-116.967221,0.0,75.75,305.0,0,1,0.0,0.0,0.0,2.0,0,0.0,0.0,23.0,1
70.65,108.33,37.68,37.68,92259,32.698964,-115.886656,0.0,70.65,693.0,1,1,0.0,0.0,0.0,2.0,2,0.0,0.0,26.0,1
5084.65,5492.34,407.69,6.91,93953,36.587497,-121.944815,1.0,85.55,739.0,0,59,0.0,0.0,0.0,2.0,0,0.0,2.0,52.0,1
5817.45,8185.45,2368.0,37.0,95330,37.80821,-121.308401,2.0,90.6,514.0,3,64,2.0,2.0,2.0,1.0,1,2.0,2.0,19.0,0
400.0,477.4,77.4,3.87,96136,40.345949,-120.081187,2.0,20.05,1054.0,4,20,1.0,1.0,1.0,3.0,1,1.0,1.0,0.0,0
1566.75,1718.55,151.8,10.12,96097,41.764869,-122.671316,0.0,99.7,1098.0,0,15,0.0,2.0,0.0,2.0,0,0.0,2.0,15.0,0
3251.85,6427.11,3175.26,48.11,93434,34.936,-120.594655,1.0,49.4,392.0,1,66,2.0,0.0,0.0,0.0,2,0.0,0.0,27.0,0
1348.95,1708.5,359.55,21.15,95330,37.80821,-121.308401,0.0,78.9,514.0,1,17,0.0,2.0,0.0,2.0,0,0.0,0.0,4.0,0
7782.85,9874.22,2021.37,28.47,90220,33.88151,-118.234451,2.0,109.3,211.0,4,71,2.0,2.0,2.0,2.0,3,2.0,2.0,57.0,0
1496.9,2013.19,516.29,30.37,95110,37.34667,-121.910019,0.0,89.15,861.0,0,17,0.0,0.0,2.0,2.0,0,2.0,0.0,28.0,1
1980.3,1980.3,0.0,0.0,93455,34.818227,-120.418784,1.0,34.8,888.0,0,59,0.0,2.0,0.0,1.0,2,2.0,0.0,19.0,0
196.15,274.03,77.88,25.96,95623,38.63153,-120.842609,0.0,55.3,287.0,0,3,0.0,0.0,0.0,1.0,0,0.0,2.0,7.0,1
5811.8,8694.2,2882.4,48.04,95962,39.342587,-121.249833,1.0,94.15,704.0,1,60,0.0,2.0,2.0,2.0,3,0.0,0.0,76.0,0
3549.25,4286.71,737.46,21.69,90041,34.137412,-118.207607,0.0,106.35,552.0,0,34,0.0,0.0,2.0,2.0,1,2.0,2.0,28.0,1
7031.3,9635.0,2603.7,39.45,90021,34.029043,-118.239504,1.0,103.15,552.0,7,66,0.0,2.0,2.0,2.0,2,2.0,2.0,19.0,0
6572.85,6848.25,275.4,4.59,92328,36.27688,-117.033326,0.0,109.45,246.0,6,60,2.0,2.0,0.0,2.0,0,2.0,2.0,9.0,0
467.5,1154.54,687.04,36.16,90232,34.019323,-118.391902,2.0,20.85,234.0,0,19,1.0,1.0,1.0,3.0,2,1.0,1.0,0.0,0
349.8,413.5,63.7,9.1,96028,41.017282,-121.468945,0.0,48.8,314.0,1,7,0.0,0.0,0.0,1.0,2,0.0,0.0,28.0,0
3413.25,4195.59,782.34,20.06,95956,39.937017,-121.058043,2.0,90.7,595.0,0,39,0.0,0.0,2.0,2.0,0,0.0,2.0,3.0,0
3242.5,3979.3,736.8,24.56,95466,39.094102,-123.500853,0.0,107.5,749.0,9,30,2.0,0.0,2.0,2.0,2,2.0,2.0,18.0,0
5588.8,8597.1,3008.3,44.9,95311,37.722127,-120.110174,0.0,83.85,224.0,10,67,0.0,2.0,2.0,2.0,0,0.0,0.0,20.0,0
1601.2,2620.72,1019.52,15.93,94609,37.834341,-122.26437,1.0,24.4,688.0,0,64,1.0,1.0,1.0,3.0,0,1.0,1.0,0.0,0
981.45,1134.72,153.27,11.79,90047,33.958149,-118.308441,0.0,76.2,552.0,1,13,2.0,2.0,2.0,1.0,0,0.0,0.0,29.0,0
6841.05,9444.0,2602.95,38.85,95346,38.121601,-120.133915,2.0,101.4,604.0,0,67,0.0,0.0,0.0,2.0,0,2.0,0.0,19.0,0
195.05,258.87,63.82,31.91,90263,34.037037,-118.705803,0.0,79.6,573.0,0,2,0.0,0.0,0.0,0.0,0,0.0,0.0,30.0,1
8016.6,11340.82,3324.22,46.82,92806,33.83796,-117.870494,2.0,115.05,23.0,1,71,2.0,2.0,2.0,2.0,0,2.0,0.0,18.0,0
2642.05,2784.16,191.68,5.99,90813,33.781086,-118.199049,0.0,85.0,546.0,1,32,0.0,0.0,0.0,2.0,0,0.0,2.0,23.0,1
24.25,24.25,0.0,0.0,93262,36.527243,-118.594938,0.0,24.25,906.0,0,1,0.0,0.0,0.0,1.0,0,0.0,0.0,7.0,1
989.45,1525.31,535.86,41.22,94515,38.629618,-122.593216,1.0,75.3,135.0,1,13,0.0,0.0,0.0,0.0,0,2.0,2.0,82.0,1
2347.9,2519.91,191.68,5.99,94923,38.377165,-123.037957,0.0,69.75,96.0,1,32,0.0,0.0,0.0,2.0,0,0.0,0.0,5.0,1
5969.95,6139.75,169.8,2.83,93445,35.059695,-120.604741,0.0,103.75,691.0,1,60,2.0,0.0,2.0,2.0,1,0.0,2.0,19.0,0
6350.5,6947.38,596.88,8.29,91607,34.165783,-118.399795,2.0,86.6,1029.0,0,72,2.0,0.0,2.0,0.0,0,2.0,2.0,13.0,0
6252.9,9202.19,2909.29,49.31,92833,33.877639,-117.961212,0.0,106.75,351.0,7,59,2.0,2.0,2.0,2.0,0,2.0,0.0,21.0,1
689.35,1500.31,810.96,26.16,92782,33.738543,-117.785046,2.0,20.9,1013.0,0,31,1.0,1.0,1.0,3.0,0,1.0,1.0,0.0,0
503.25,836.25,303.0,30.3,92026,33.21846,-117.116916,0.0,56.75,305.0,0,10,0.0,0.0,0.0,1.0,0,0.0,2.0,73.0,0
818.45,1020.08,201.63,18.33,92504,33.9108,-117.398153,0.0,72.9,827.0,0,11,0.0,0.0,0.0,2.0,0,2.0,0.0,76.0,0
174.65,301.53,126.88,15.86,90016,34.028331,-118.354338,2.0,20.25,552.0,0,8,1.0,1.0,1.0,3.0,0,1.0,1.0,0.0,0
264.8,307.64,42.84,14.28,90047,33.958149,-118.308441,0.0,85.3,552.0,0,3,0.0,0.0,0.0,2.0,0,0.0,2.0,21.0,1
6137.0,6664.94,527.94,8.38,93702,36.739385,-119.753649,1.0,99.9,349.0,0,63,0.0,0.0,2.0,2.0,0,0.0,2.0,59.0,1
3096.9,4211.6,1034.7,34.49,92371,34.441123,-117.537886,0.0,100.45,747.0,0,30,0.0,0.0,0.0,2.0,0,2.0,2.0,59.0,0
240.45,288.9,48.45,16.15,92841,33.786738,-117.982564,0.0,89.45,355.0,0,3,0.0,0.0,0.0,2.0,0,0.0,2.0,13.0,1
4816.7,5762.7,946.0,18.92,90005,34.059281,-118.30742,0.0,95.7,552.0,0,50,0.0,0.0,0.0,2.0,0,0.0,2.0,11.0,1
4375.8,6858.48,2482.68,36.51,92364,35.478736,-115.516984,2.0,62.65,669.0,4,68,2.0,2.0,2.0,1.0,1,2.0,0.0,24.0,0
311.6,363.95,52.35,3.49,92653,33.606899,-117.717854,0.0,19.75,497.0,0,15,1.0,1.0,1.0,3.0,0,1.0,1.0,0.0,0
2203.7,2524.7,321.0,16.05,95421,38.578807,-123.19338,0.0,108.2,175.0,0,20,2.0,2.0,2.0,2.0,0,2.0,2.0,18.0,0
25.2,25.2,0.0,0.0,95562,40.485849,-124.163234,0.0,25.2,818.0,0,1,0.0,0.0,0.0,0.0,0,0.0,0.0,5.0,1
856.65,1321.65,465.0,46.5,96074,39.884395,-122.587513,0.0,86.65,733.0,2,10,0.0,0.0,0.0,0.0,0,0.0,0.0,4.0,1
20.9,36.63,15.73,15.73,95254,38.192608,-120.957842,0.0,20.9,1041.0,0,1,1.0,1.0,1.0,3.0,0,1.0,1.0,0.0,1
151.8,192.8,41.0,20.5,94940,38.129308,-122.834815,0.0,76.4,584.0,1,2,0.0,0.0,0.0,2.0,0,2.0,0.0,51.0,1
3019.1,3374.67,355.57,9.61,90012,34.065875,-118.238728,1.0,80.05,552.0,0,37,0.0,0.0,2.0,2.0,0,2.0,0.0,11.0,0
80.05,119.84,39.79,39.79,92109,32.787836,-117.232376,0.0,80.05,852.0,1,1,0.0,0.0,0.0,2.0,0,0.0,0.0,7.0,1
1752.55,1910.88,203.94,11.33,90065,34.108833,-118.229715,0.0,95.45,552.0,0,18,0.0,0.0,0.0,2.0,3,0.0,2.0,52.0,1
1970.5,2000.08,29.58,1.02,95970,39.424957,-122.039307,0.0,68.85,789.0,0,29,0.0,2.0,2.0,1.0,0,2.0,2.0,19.0,1
1893.95,2180.15,286.2,10.6,94588,37.685052,-121.912061,0.0,75.5,771.0,1,27,0.0,0.0,0.0,2.0,0,0.0,0.0,23.0,1
3161.2,4050.25,869.05,24.83,92313,34.029175,-117.307211,0.0,89.85,376.0,0,35,2.0,0.0,0.0,2.0,0,0.0,2.0,51.0,0
1160.75,2133.36,998.18,17.21,95986,39.34128,-120.786867,2.0,20.3,1047.0,6,58,1.0,1.0,1.0,3.0,1,1.0,1.0,0.0,0
4600.95,5692.15,1105.5,20.1,91214,34.239636,-118.245259,0.0,85.1,483.0,5,55,0.0,2.0,2.0,2.0,2,0.0,0.0,19.0,0
6744.25,8488.2,1743.95,26.83,92649,33.721917,-118.043237,1.0,105.05,434.0,0,65,2.0,0.0,2.0,2.0,0,0.0,2.0,59.0,0
7283.25,7491.28,208.03,2.93,96117,40.507272,-120.338228,2.0,106.75,530.0,0,71,0.0,2.0,2.0,2.0,0,2.0,2.0,10.0,0
153.95,541.07,387.12,48.39,95746,38.749466,-121.184196,1.0,19.9,377.0,5,8,1.0,1.0,1.0,3.0,0,1.0,1.0,0.0,0
6144.55,7767.97,1623.42,27.99,92647,33.723579,-118.005441,2.0,109.45,434.0,1,58,0.0,2.0,2.0,2.0,0,2.0,2.0,24.0,1
7674.55,10756.15,2931.6,41.88,93465,35.536115,-120.739231,1.0,109.5,986.0,1,70,2.0,0.0,2.0,2.0,0,2.0,2.0,59.0,1
181.5,262.36,80.86,40.43,92122,32.85723,-117.209774,0.0,85.65,852.0,0,2,0.0,0.0,0.0,0.0,0,0.0,2.0,27.0,1
1346.9,2163.14,816.24,34.01,95528,40.497283,-123.93037,1.0,58.35,155.0,5,24,2.0,2.0,0.0,0.0,0,0.0,0.0,4.0,0
1563.95,2074.21,510.26,8.23,93657,36.819628,-119.440414,2.0,70.5,880.0,0,62,1.0,1.0,1.0,3.0,0,1.0,1.0,0.0,0
908.55,1227.43,318.88,39.86,93066,34.297628,-119.014627,2.0,70.5,932.0,0,8,2.0,0.0,0.0,2.0,0,0.0,2.0,23.0,0
6496.15,7681.1,1184.95,18.23,95494,38.888351,-123.239647,2.0,99.1,1096.0,0,65,0.0,0.0,2.0,2.0,0,2.0,2.0,3.0,0
69.8,102.66,22.86,22.86,90631,33.940619,-117.9513,0.0,69.8,485.0,0,1,0.0,0.0,0.0,2.0,0,0.0,0.0,25.0,1
7746.7,8718.53,1016.64,14.12,94710,37.872902,-122.303708,2.0,110.1,74.0,0,72,2.0,2.0,2.0,2.0,0,0.0,0.0,23.0,0
477.7,706.3,228.6,45.72,95032,37.233034,-121.947427,0.0,89.5,554.0,0,5,0.0,0.0,0.0,2.0,0,0.0,0.0,6.0,1
1443.65,1971.49,462.6,25.7,94709,37.878554,-122.26609,2.0,84.95,74.0,0,18,0.0,0.0,0.0,2.0,0,2.0,0.0,23.0,0
24.8,24.8,0.0,0.0,92126,32.886925,-117.152162,0.0,24.8,852.0,1,1,0.0,0.0,0.0,1.0,0,0.0,0.0,19.0,1
1114.55,1565.9,451.35,30.09,95564,40.809636,-124.189977,0.0,75.35,844.0,6,15,0.0,0.0,2.0,2.0,0,0.0,0.0,71.0,0
385.9,424.14,38.24,9.56,92356,34.508417,-116.856103,0.0,101.15,563.0,3,4,0.0,0.0,0.0,2.0,0,2.0,2.0,48.0,1
49.9,58.9,9.0,9.0,93608,36.488056,-120.407691,0.0,49.9,148.0,0,1,0.0,2.0,0.0,0.0,3,0.0,0.0,53.0,0
2869.85,3469.49,599.64,15.78,95651,38.815515,-120.916997,0.0,74.95,559.0,5,38,0.0,0.0,0.0,2.0,0,0.0,0.0,30.0,1
1071.4,1198.0,126.6,8.44,90802,33.752524,-118.210737,0.0,69.5,546.0,1,15,2.0,0.0,2.0,0.0,1,2.0,2.0,21.0,0
69.25,106.55,37.3,37.3,95417,39.710591,-123.682799,0.0,69.25,107.0,1,1,0.0,0.0,0.0,2.0,0,0.0,0.0,8.0,1
1058.1,1917.06,858.96,47.72,93634,37.290606,-119.216328,0.0,70.5,507.0,0,18,2.0,0.0,0.0,1.0,0,2.0,0.0,28.0,0
3444.85,3674.85,230.0,4.6,95638,38.313447,-121.123886,0.0,71.05,414.0,1,50,0.0,0.0,0.0,0.0,0,0.0,0.0,24.0,1
3027.4,3027.4,0.0,0.0,94002,37.509366,-122.306132,0.0,50.8,69.0,0,60,0.0,0.0,2.0,0.0,0,0.0,2.0,5.0,1
5510.65,7447.13,1936.48,34.58,93270,35.939068,-119.043666,1.0,104.75,988.0,0,56,0.0,0.0,2.0,2.0,0,2.0,0.0,4.0,1
5023.0,5109.36,86.36,1.27,93614,37.212191,-119.749323,1.0,76.9,203.0,0,68,0.0,2.0,2.0,0.0,0,2.0,2.0,13.0,0
593.05,1101.09,537.36,44.78,95127,37.375156,-121.795867,0.0,49.05,861.0,0,12,0.0,0.0,2.0,1.0,0,0.0,0.0,12.0,0
4916.4,6730.06,1813.66,31.27,95962,39.342587,-121.249833,2.0,84.3,704.0,1,58,2.0,2.0,0.0,1.0,0,2.0,2.0,59.0,0
2257.75,2873.75,616.0,24.64,92117,32.825086,-117.199424,0.0,89.15,852.0,1,25,0.0,0.0,2.0,2.0,0,2.0,0.0,5.0,1
3726.15,4101.7,375.55,10.73,92131,32.89325,-117.087091,1.0,108.35,852.0,0,35,0.0,2.0,2.0,2.0,0,2.0,2.0,3.0,0
3836.3,5098.5,1152.2,32.92,94062,37.410567,-122.297152,1.0,110.8,809.0,0,35,2.0,2.0,2.0,2.0,0,2.0,2.0,22.0,0
867.3,2693.85,1826.55,40.59,94546,37.708327,-122.083473,1.0,18.85,170.0,0,45,1.0,1.0,1.0,3.0,0,1.0,1.0,0.0,0
775.3,1090.34,315.04,28.64,95206,37.902422,-121.440029,1.0,75.2,954.0,8,11,0.0,0.0,0.0,2.0,1,0.0,0.0,22.0,0
5610.7,7082.2,1471.5,29.43,93667,36.993666,-119.348267,1.0,108.55,995.0,1,50,2.0,2.0,2.0,2.0,0,0.0,2.0,14.0,1
853.1,1091.69,238.59,26.51,92126,32.886925,-117.152162,0.0,89.45,852.0,3,9,0.0,0.0,0.0,2.0,0,0.0,2.0,18.0,1
1327.15,2066.35,739.2,13.2,94544,37.639215,-122.037554,2.0,25.15,408.0,1,56,1.0,1.0,1.0,3.0,0,1.0,1.0,0.0,1
4016.85,4607.62,635.4,14.12,95685,38.432145,-120.77069,0.0,89.3,973.0,0,45,0.0,0.0,2.0,2.0,0,0.0,0.0,24.0,1
101.9,116.66,14.76,3.69,95449,38.93706,-123.118111,0.0,25.25,429.0,0,4,1.0,1.0,1.0,3.0,0,1.0,1.0,0.0,0
5779.6,7882.33,2102.73,36.89,95465,38.415003,-122.998726,2.0,101.3,690.0,0,57,2.0,2.0,0.0,2.0,0,2.0,2.0,17.0,0
333.55,500.43,166.88,41.72,96073,40.582399,-122.195512,0.0,84.05,724.0,0,4,0.0,0.0,2.0,2.0,0,2.0,2.0,69.0,1
676.7,772.11,95.41,13.63,95464,39.12334,-122.838198,0.0,89.5,665.0,1,7,0.0,0.0,0.0,2.0,0,0.0,0.0,27.0,1
1445.95,2276.59,780.64,45.92,95345,37.581496,-119.972762,1.0,80.85,606.0,0,17,2.0,0.0,2.0,1.0,1,2.0,2.0,73.0,0
333.6,429.96,96.36,24.09,95936,39.578792,-120.780786,0.0,76.65,267.0,0,4,0.0,0.0,2.0,2.0,0,0.0,0.0,17.0,1
114.1,202.72,88.62,44.31,91601,34.1692,-118.372498,0.0,54.4,674.0,0,2,0.0,0.0,2.0,1.0,0,0.0,2.0,73.0,1
3902.45,4715.85,813.4,16.6,90602,33.972119,-118.020188,2.0,70.5,1069.0,9,49,2.0,0.0,2.0,1.0,1,0.0,2.0,14.0,0
1165.55,1165.55,0.0,0.0,94585,38.197907,-122.017258,0.0,55.0,961.0,0,20,2.0,2.0,2.0,1.0,0,2.0,0.0,20.0,0
443.9,617.7,173.8,43.45,92610,33.698728,-117.67768,1.0,105.65,330.0,0,4,2.0,0.0,2.0,2.0,0,2.0,2.0,52.0,1
2217.15,2695.48,478.33,15.43,94569,38.035707,-122.196821,0.0,73.9,778.0,0,31,0.0,0.0,0.0,2.0,0,0.0,0.0,2.0,1
1430.25,1937.93,507.68,31.73,93660,36.600193,-120.153393,0.0,89.45,860.0,1,16,0.0,0.0,2.0,2.0,0,2.0,0.0,25.0,1
886.4,1864.25,977.85,21.73,92029,33.079834,-117.134275,2.0,20.0,305.0,9,45,1.0,1.0,1.0,3.0,2,1.0,1.0,0.0,0
7176.55,8645.19,1478.32,21.74,94950,38.052209,-122.775567,1.0,108.45,697.0,0,68,2.0,0.0,2.0,2.0,0,2.0,2.0,73.0,1
665.45,965.89,300.44,42.92,94559,38.232389,-122.324944,0.0,99.25,651.0,1,7,0.0,0.0,0.0,2.0,0,2.0,2.0,2.0,1
118.3,192.88,74.58,37.29,92121,32.898613,-117.202937,0.0,62.05,852.0,0,2,0.0,0.0,0.0,0.0,0,0.0,2.0,20.0,1
5883.85,6098.25,214.4,3.2,92831,33.879983,-117.895482,2.0,86.15,351.0,1,67,2.0,0.0,2.0,1.0,0,2.0,2.0,23.0,0
350.35,529.83,179.48,25.64,90638,33.902045,-118.008961,0.0,50.7,489.0,1,7,0.0,2.0,0.0,1.0,2,0.0,0.0,71.0,0
431.0,466.92,25.92,2.88,95949,39.099204,-121.137962,0.0,44.95,378.0,0,9,0.0,0.0,0.0,1.0,0,0.0,0.0,26.0,1
3617.1,5102.1,1485.0,27.0,94560,37.504133,-122.032347,2.0,64.75,657.0,0,55,0.0,0.0,2.0,0.0,0,2.0,2.0,20.0,0
1436.95,2015.86,578.91,8.39,95986,39.34128,-120.786867,2.0,19.8,1047.0,7,69,1.0,1.0,1.0,3.0,2,1.0,1.0,0.0,0
5522.7,5860.66,337.96,4.76,92223,33.946982,-116.977672,2.0,76.9,65.0,0,71,2.0,2.0,2.0,1.0,3,2.0,0.0,52.0,0
5236.4,7046.9,1810.5,36.21,90034,34.030578,-118.399613,1.0,103.4,552.0,2,50,2.0,0.0,2.0,2.0,1,2.0,2.0,22.0,0
459.6,505.1,45.5,1.75,90035,34.051809,-118.383843,1.0,70.5,552.0,10,26,1.0,1.0,1.0,3.0,0,1.0,1.0,0.0,0
6460.55,6673.07,212.52,3.08,90245,33.917145,-118.401554,2.0,92.45,292.0,9,69,2.0,0.0,2.0,2.0,0,0.0,0.0,20.0,0
1855.65,2495.19,639.54,29.07,95409,38.468893,-122.580539,0.0,84.3,891.0,0,22,0.0,0.0,2.0,2.0,0,0.0,2.0,52.0,1
727.8,843.0,115.2,9.6,92264,33.745746,-116.514215,1.0,59.8,721.0,0,12,2.0,0.0,0.0,0.0,0,0.0,0.0,23.0,1
73.65,113.53,39.88,39.88,92590,33.475493,-117.219551,0.0,73.65,984.0,0,1,0.0,0.0,0.0,2.0,0,0.0,0.0,19.0,1
3306.85,4308.9,1002.05,20.45,93304,35.339796,-119.023552,2.0,67.4,56.0,0,49,2.0,2.0,2.0,0.0,0,2.0,0.0,23.0,0
607.3,657.3,0.0,0.0,90403,34.031529,-118.491156,0.0,35.2,889.0,0,18,2.0,0.0,0.0,1.0,0,2.0,0.0,11.0,0
712.85,712.85,0.0,0.0,96025,41.212695,-122.392067,0.0,25.1,276.0,0,29,0.0,0.0,0.0,0.0,0,0.0,0.0,22.0,1
3303.05,3384.25,81.2,2.03,92592,33.507255,-117.029473,0.0,84.85,984.0,1,40,2.0,0.0,0.0,2.0,0,2.0,0.0,19.0,1
154.85,174.57,19.72,9.86,90620,33.845706,-118.012204,0.0,70.75,118.0,0,2,0.0,0.0,0.0,2.0,0,0.0,0.0,21.0,1
201.0,201.0,0.0,0.0,93647,36.600185,-119.175655,0.0,48.55,710.0,4,4,0.0,0.0,2.0,1.0,0,0.0,2.0,76.0,1
1857.3,2367.15,509.85,15.45,91789,34.018354,-117.85492,1.0,53.75,1042.0,1,33,2.0,0.0,2.0,0.0,0,0.0,0.0,59.0,0
443.9,617.7,173.8,43.45,92610,33.698728,-117.67768,1.0,105.65,330.0,0,4,2.0,0.0,2.0,2.0,0,2.0,2.0,52.0,1
221.35,585.01,363.66,33.06,90740,33.75462,-118.071128,0.0,20.1,900.0,0,11,1.0,1.0,1.0,3.0,3,1.0,1.0,0.0,1
507.4,1244.4,737.0,36.85,93622,36.785618,-120.625382,0.0,25.55,324.0,6,20,1.0,1.0,1.0,3.0,7,1.0,1.0,0.0,0
69.95,82.99,13.04,13.04,94132,37.722302,-122.491129,0.0,69.95,855.0,0,1,0.0,0.0,0.0,2.0,0,0.0,0.0,46.0,1
1633.0,2259.04,626.04,34.78,95472,38.398815,-122.861923,1.0,89.6,902.0,0,18,0.0,0.0,0.0,2.0,0,2.0,0.0,2.0,0
2698.35,2814.35,116.0,4.0,92109,32.787836,-117.232376,0.0,89.2,852.0,1,29,0.0,0.0,0.0,2.0,0,2.0,2.0,48.0,1
1369.8,2027.94,658.14,47.01,96091,41.081847,-122.700545,0.0,100.2,1006.0,1,14,0.0,0.0,2.0,2.0,0,0.0,0.0,19.0,1
77.75,77.75,0.0,0.0,91740,34.119363,-117.855059,0.0,25.3,367.0,0,3,0.0,0.0,0.0,1.0,0,0.0,0.0,30.0,1
1588.25,2078.36,490.11,28.83,90822,33.778436,-118.118648,1.0,96.65,546.0,1,17,0.0,0.0,0.0,2.0,0,2.0,2.0,5.0,0
930.05,1109.06,179.01,13.77,95934,40.080342,-120.957805,0.0,72.8,228.0,4,13,2.0,0.0,2.0,1.0,2,2.0,0.0,23.0,0
113.55,124.89,11.34,5.67,91301,34.129058,-118.759788,0.0,56.7,4.0,1,2,0.0,2.0,0.0,1.0,3,0.0,0.0,53.0,1
302.75,519.87,177.12,44.28,95817,38.550722,-121.457314,0.0,80.85,838.0,1,4,0.0,0.0,0.0,2.0,0,0.0,2.0,59.0,1
178.7,226.8,48.1,24.05,93647,36.600185,-119.175655,0.0,70.5,710.0,0,2,0.0,0.0,0.0,2.0,0,2.0,2.0,27.0,1
3972.25,5537.67,1565.42,26.99,90262,33.923573,-118.200669,1.0,68.4,565.0,8,58,2.0,2.0,0.0,0.0,0,0.0,2.0,53.0,0
1730.35,2152.53,422.18,19.19,92220,33.936298,-116.849577,0.0,79.35,60.0,0,22,0.0,0.0,2.0,2.0,0,0.0,0.0,17.0,1
1573.7,2190.16,652.16,40.76,95327,37.84771,-120.486589,0.0,93.2,454.0,0,16,0.0,0.0,2.0,2.0,0,2.0,2.0,7.0,1
2070.05,3186.75,1116.7,42.95,95138,37.246064,-121.749494,0.0,81.95,861.0,10,26,0.0,2.0,2.0,2.0,3,0.0,0.0,27.0,0
55.7,241.82,186.12,46.53,95492,38.527297,-122.810044,0.0,20.2,1079.0,0,4,1.0,1.0,1.0,3.0,0,1.0,1.0,0.0,0
154.55,167.12,12.57,4.19,95762,38.684437,-121.055634,0.0,55.8,288.0,2,3,2.0,0.0,0.0,0.0,0,2.0,0.0,6.0,0
2443.3,2925.78,482.48,13.04,95969,39.69676,-121.644379,1.0,67.45,728.0,0,37,2.0,2.0,2.0,1.0,0,2.0,0.0,14.0,0
5461.45,6728.23,1260.04,18.53,96034,41.411315,-122.697236,1.0,79.6,359.0,0,68,0.0,0.0,2.0,2.0,0,2.0,0.0,21.0,0
6547.7,9411.65,2863.95,46.95,95912,38.982373,-122.047751,1.0,106.0,35.0,1,61,0.0,2.0,2.0,0.0,0,0.0,2.0,21.0,1
20.2,68.45,48.25,48.25,91203,34.153338,-118.262974,0.0,20.2,366.0,0,1,1.0,1.0,1.0,3.0,0,1.0,1.0,0.0,1
80.85,95.76,14.91,14.91,93023,34.581308,-118.931948,0.0,80.85,694.0,0,1,0.0,0.0,0.0,2.0,0,0.0,2.0,21.0,1
1698.55,3889.7,2191.15,33.71,93203,35.116307,-118.817644,2.0,26.5,43.0,0,65,1.0,1.0,1.0,3.0,0,1.0,1.0,0.0,0
324.25,335.41,11.16,1.86,96040,40.789799,-121.474529,0.0,55.3,404.0,1,6,0.0,0.0,2.0,1.0,1,2.0,0.0,19.0,1
1111.85,1754.3,642.45,42.83,95374,37.316807,-120.855753,0.0,79.75,951.0,0,15,0.0,0.0,2.0,2.0,0,0.0,0.0,21.0,1
316.9,379.9,63.0,12.6,90039,34.110845,-118.259595,0.0,69.7,552.0,0,5,0.0,0.0,0.0,2.0,3,0.0,0.0,58.0,1
973.45,1374.89,401.44,30.88,92868,33.787796,-117.875928,0.0,79.8,701.0,0,13,0.0,0.0,2.0,2.0,0,2.0,0.0,3.0,1
842.9,977.94,135.04,16.88,92109,32.787836,-117.232376,0.0,101.15,852.0,1,8,0.0,0.0,2.0,2.0,0,2.0,2.0,6.0,1
45.95,51.07,5.12,5.12,91351,34.422519,-118.420717,0.0,45.95,149.0,0,1,0.0,0.0,0.0,1.0,0,0.0,2.0,30.0,1
2316.85,2936.51,632.32,19.76,92113,32.697098,-117.116587,2.0,73.6,852.0,1,32,2.0,2.0,2.0,1.0,1,2.0,2.0,59.0,0
674.55,1796.15,1121.6,35.05,93610,37.100948,-120.270136,0.0,19.45,187.0,5,32,1.0,1.0,1.0,3.0,3,1.0,1.0,0.0,0
668.85,725.55,56.7,4.05,91931,32.857946,-116.561917,0.0,50.2,394.0,6,14,0.0,0.0,0.0,1.0,0,2.0,0.0,59.0,0
2375.2,2327.75,0.0,0.0,92127,33.017518,-117.118456,2.0,54.05,852.0,1,44,2.0,2.0,2.0,0.0,2,2.0,2.0,59.0,0
168.9,346.1,177.2,22.15,93305,35.391733,-118.984109,0.0,19.7,56.0,0,8,1.0,1.0,1.0,3.0,0,1.0,1.0,0.0,0
8164.1,8348.42,184.32,2.56,94028,37.369709,-122.215844,2.0,113.4,783.0,0,72,2.0,2.0,2.0,2.0,0,2.0,2.0,25.0,0
756.4,2652.6,1896.2,49.9,94560,37.504133,-122.032347,2.0,19.95,657.0,7,38,1.0,1.0,1.0,3.0,3,1.0,1.0,0.0,0
69.5,77.81,8.31,8.31,95983,40.053684,-120.743116,0.0,69.5,980.0,0,1,0.0,0.0,0.0,2.0,0,0.0,0.0,27.0,1
4158.25,6739.16,2580.91,42.31,91710,33.990646,-117.663025,2.0,70.5,185.0,2,61,2.0,2.0,2.0,1.0,2,2.0,0.0,59.0,0
4915.15,6870.95,1955.8,44.45,92116,32.765299,-117.122565,0.0,111.5,852.0,0,44,0.0,2.0,2.0,2.0,0,2.0,2.0,19.0,0
51.25,57.69,6.44,6.44,92109,32.787836,-117.232376,0.0,51.25,852.0,0,1,2.0,0.0,0.0,1.0,0,0.0,0.0,4.0,1
531.0,783.48,252.48,42.08,91304,34.224377,-118.632656,0.0,91.0,147.0,5,6,0.0,0.0,2.0,2.0,2,2.0,2.0,29.0,1
3930.6,4891.98,961.38,22.89,92102,32.716007,-117.117462,0.0,95.55,852.0,3,42,0.0,0.0,2.0,2.0,0,2.0,0.0,12.0,0
7611.55,9573.55,1962.0,27.25,92333,34.274846,-116.937581,2.0,105.5,318.0,8,72,2.0,2.0,2.0,2.0,0,0.0,2.0,19.0,0
3847.6,5938.02,1990.42,43.27,94619,37.787186,-122.14633,0.0,84.25,688.0,0,46,0.0,2.0,2.0,2.0,0,0.0,0.0,21.0,0
3141.7,3189.96,48.26,1.27,91942,32.782501,-117.01611,0.0,81.85,488.0,0,38,0.0,0.0,2.0,2.0,2,0.0,0.0,13.0,0
4054.2,6125.84,2088.8,37.3,94536,37.572273,-121.964583,2.0,73.25,346.0,0,56,2.0,2.0,0.0,1.0,0,2.0,0.0,8.0,0
251.65,861.61,609.96,46.92,90002,33.949255,-118.246978,0.0,20.4,552.0,0,13,1.0,1.0,1.0,3.0,0,1.0,1.0,0.0,0
2841.55,3838.7,997.15,26.95,96007,40.448632,-122.306657,0.0,76.25,24.0,0,37,0.0,0.0,0.0,2.0,0,0.0,0.0,17.0,1
1022.5,1022.5,0.0,0.0,92236,33.680031,-116.171678,0.0,35.75,201.0,0,26,2.0,0.0,0.0,0.0,0,2.0,0.0,47.0,0
4259.3,5175.38,924.96,22.56,95488,39.724433,-123.767578,0.0,99.8,1064.0,0,41,0.0,0.0,0.0,2.0,0,2.0,0.0,15.0,1
355.2,588.48,193.28,48.32,90302,33.975332,-118.355252,0.0,88.95,446.0,0,4,0.0,0.0,2.0,2.0,0,0.0,2.0,51.0,1
214.4,369.31,134.91,44.97,93614,37.212191,-119.749323,0.0,82.3,203.0,0,3,2.0,2.0,0.0,2.0,0,0.0,0.0,16.0,0
191.05,372.65,181.6,45.4,93247,36.205465,-119.085807,0.0,45.65,529.0,0,4,0.0,0.0,0.0,1.0,0,0.0,0.0,27.0,1
4017.45,5427.87,1410.42,21.37,95310,38.085839,-120.37855,2.0,61.15,208.0,0,66,0.0,2.0,2.0,1.0,0,2.0,0.0,30.0,0
3237.05,3237.05,0.0,0.0,92009,33.098018,-117.258203,2.0,53.6,156.0,0,60,0.0,2.0,0.0,0.0,0,2.0,2.0,4.0,0
145.0,514.04,369.04,46.13,95937,38.931425,-121.946081,1.0,19.75,275.0,1,8,1.0,1.0,1.0,3.0,0,1.0,1.0,0.0,1
1252.0,2427.47,1175.47,19.27,91201,34.17051,-118.289463,1.0,20.55,366.0,3,61,1.0,1.0,1.0,3.0,0,1.0,1.0,0.0,0
659.65,845.26,220.3,22.03,95358,37.612612,-121.108568,0.0,70.1,620.0,1,10,0.0,0.0,0.0,2.0,0,0.0,0.0,19.0,1
504.05,874.37,360.32,45.04,95941,39.531028,-121.24807,0.0,64.1,331.0,0,8,2.0,0.0,0.0,1.0,0,2.0,2.0,73.0,0
2841.55,3838.7,997.15,26.95,96007,40.448632,-122.306657,0.0,76.25,24.0,0,37,0.0,0.0,0.0,2.0,0,0.0,0.0,17.0,1
19.4,68.19,48.79,48.79,90241,33.940884,-118.128628,0.0,19.4,266.0,6,1,1.0,1.0,1.0,3.0,2,1.0,1.0,0.0,0
113.5,122.92,9.42,1.57,91732,34.074492,-118.01462,1.0,19.45,289.0,10,6,1.0,1.0,1.0,3.0,3,1.0,1.0,0.0,0
324.25,335.41,11.16,1.86,96040,40.789799,-121.474529,0.0,55.3,404.0,1,6,0.0,0.0,2.0,1.0,1,2.0,0.0,19.0,1
155.8,166.44,10.64,5.32,92122,32.85723,-117.209774,0.0,80.6,852.0,0,2,0.0,0.0,0.0,2.0,0,2.0,0.0,20.0,1
679.0,829.28,150.28,4.42,92543,33.739415,-116.968339,2.0,20.05,413.0,6,34,1.0,1.0,1.0,3.0,0,1.0,1.0,0.0,0
370.25,594.15,223.9,44.78,96136,40.345949,-120.081187,0.0,64.0,1054.0,0,5,0.0,0.0,2.0,0.0,0,0.0,2.0,29.0,0
70.1,116.27,46.17,46.17,95322,37.147198,-121.120161,0.0,70.1,397.0,0,1,0.0,0.0,0.0,2.0,0,0.0,0.0,30.0,1
576.65,657.71,81.06,11.58,92117,32.825086,-117.199424,0.0,81.1,852.0,1,7,0.0,0.0,0.0,2.0,0,0.0,0.0,27.0,1
69.35,115.21,45.86,45.86,95382,37.529656,-120.854357,0.0,69.35,1012.0,0,1,0.0,0.0,0.0,2.0,0,0.0,0.0,27.0,1
95.65,127.98,32.33,32.33,95060,36.993451,-122.098858,0.0,95.65,885.0,0,1,0.0,0.0,0.0,2.0,0,0.0,2.0,9.0,1
266.6,545.0,278.4,23.2,93646,36.633498,-119.298895,0.0,20.4,702.0,0,12,1.0,1.0,1.0,3.0,0,1.0,1.0,0.0,0
1254.7,2342.16,1087.46,49.43,95404,38.526941,-122.709096,0.0,59.0,891.0,0,22,0.0,2.0,2.0,0.0,0,0.0,0.0,17.0,1
883.35,1519.83,636.48,13.26,93637,36.902954,-120.194274,2.0,19.55,570.0,3,48,1.0,1.0,1.0,3.0,2,1.0,1.0,0.0,0
168.2,189.26,21.06,10.53,92122,32.85723,-117.209774,0.0,90.4,852.0,0,2,0.0,0.0,0.0,2.0,0,0.0,2.0,8.0,1
605.9,722.06,116.16,5.28,93442,35.369553,-120.763864,2.0,26.25,637.0,0,22,1.0,1.0,1.0,3.0,0,1.0,1.0,0.0,0
2239.65,2815.45,575.8,28.79,95497,38.696659,-123.436861,0.0,105.85,989.0,3,20,0.0,0.0,2.0,2.0,0,2.0,2.0,16.0,1
726.1,1029.87,303.77,8.21,91765,33.992416,-117.807874,2.0,19.8,256.0,0,37,1.0,1.0,1.0,3.0,3,1.0,1.0,0.0,0
6979.8,8194.65,1214.85,18.69,95928,39.681488,-121.83721,1.0,106.25,183.0,1,65,0.0,0.0,2.0,2.0,0,2.0,0.0,30.0,1
119.75,181.21,61.46,30.73,94596,37.900662,-122.052782,0.0,68.95,1043.0,0,2,0.0,0.0,0.0,2.0,0,0.0,2.0,39.0,1
321.65,504.93,173.28,43.32,93202,36.315979,-119.710852,0.0,85.65,38.0,0,4,0.0,0.0,0.0,2.0,0,0.0,0.0,20.0,1
357.75,592.15,234.4,46.88,92117,32.825086,-117.199424,0.0,75.9,852.0,0,5,0.0,0.0,0.0,2.0,0,0.0,0.0,59.0,1
554.25,990.99,436.74,15.06,96148,39.24124,-120.054765,2.0,19.4,977.0,0,29,1.0,1.0,1.0,3.0,0,1.0,1.0,0.0,0
20.2,65.69,45.49,45.49,93618,36.523619,-119.386868,0.0,20.2,259.0,0,1,1.0,1.0,1.0,3.0,0,1.0,1.0,0.0,1
303.15,413.43,110.28,27.57,95625,38.349195,-121.902943,0.0,79.0,298.0,0,4,0.0,0.0,0.0,2.0,0,0.0,0.0,27.0,1
665.45,965.89,300.44,42.92,94559,38.232389,-122.324944,0.0,99.25,651.0,1,7,0.0,0.0,0.0,2.0,0,2.0,2.0,2.0,1
5029.2,6684.92,1655.72,31.24,93108,34.457541,-119.631072,0.0,93.9,882.0,1,53,0.0,2.0,0.0,2.0,0,2.0,2.0,73.0,1
79.8,79.8,0.0,0.0,95320,37.818543,-121.006907,0.0,25.1,304.0,0,3,0.0,0.0,0.0,1.0,0,0.0,0.0,69.0,0
3801.3,4656.21,854.91,14.49,96143,39.246654,-120.029273,1.0,65.5,473.0,6,59,2.0,2.0,2.0,0.0,0,0.0,0.0,25.0,0
486.85,719.1,232.25,46.45,96008,40.722733,-122.109666,0.0,93.9,67.0,0,5,0.0,0.0,0.0,2.0,0,0.0,2.0,10.0,1
516.3,605.8,89.5,3.58,90706,33.887676,-118.127289,1.0,19.5,68.0,0,25,1.0,1.0,1.0,3.0,0,1.0,1.0,0.0,0
180.3,499.41,319.11,29.01,90221,33.885811,-118.206459,0.0,19.25,211.0,1,11,1.0,1.0,1.0,3.0,3,1.0,1.0,0.0,1
6018.65,7222.51,1113.86,18.26,90291,33.991782,-118.479229,1.0,100.7,1032.0,5,61,0.0,2.0,2.0,2.0,1,2.0,2.0,19.0,0
90.05,151.79,61.74,30.87,96146,39.191797,-120.212401,0.0,44.5,699.0,2,2,0.0,0.0,0.0,1.0,1,0.0,0.0,19.0,0
672.7,672.7,0.0,0.0,95536,40.4785,-124.301372,2.0,46.35,321.0,0,14,0.0,0.0,0.0,0.0,0,0.0,2.0,5.0,0
1149.65,1914.14,764.49,44.97,95350,37.671806,-121.007575,0.0,69.0,620.0,1,17,0.0,0.0,0.0,2.0,0,0.0,0.0,11.0,1
4300.8,6351.1,2050.3,35.35,96035,40.03194,-122.176023,1.0,75.2,361.0,9,58,2.0,0.0,2.0,1.0,2,0.0,2.0,29.0,0
559.2,692.05,80.34,6.18,91101,34.146635,-118.139225,0.0,44.8,732.0,0,13,0.0,0.0,0.0,0.0,3,0.0,0.0,59.0,0
2196.3,2196.3,0.0,0.0,93274,36.185471,-119.375243,1.0,45.0,1008.0,3,48,0.0,2.0,0.0,1.0,3,2.0,2.0,22.0,0
4176.7,4135.49,0.0,0.0,92026,33.21846,-117.116916,2.0,60.05,305.0,0,69,2.0,2.0,2.0,0.0,0,0.0,2.0,18.0,0
2264.05,2585.17,321.12,13.38,93627,36.520537,-120.118055,0.0,93.55,412.0,1,24,0.0,0.0,0.0,2.0,0,0.0,2.0,12.0,1
19.75,49.08,29.33,29.33,93535,34.712708,-117.889656,0.0,19.75,511.0,0,1,1.0,1.0,1.0,3.0,0,1.0,1.0,0.0,1
4920.55,7148.09,2227.54,45.46,95313,37.435664,-121.049056,0.0,98.7,233.0,0,49,0.0,0.0,2.0,2.0,0,0.0,2.0,27.0,0
6548.65,7777.45,1228.8,19.2,96122,39.786755,-120.445626,0.0,103.5,782.0,0,64,0.0,2.0,2.0,2.0,0,0.0,2.0,18.0,0
20.6,67.86,47.26,47.26,93603,36.64545,-118.924982,0.0,20.6,54.0,0,1,1.0,1.0,1.0,3.0,0,1.0,1.0,0.0,1
1178.4,1579.5,401.1,28.65,90303,33.936291,-118.332639,0.0,89.95,446.0,0,14,2.0,0.0,0.0,0.0,0,0.0,0.0,27.0,1
415.55,448.01,28.9,5.78,92122,32.85723,-117.209774,0.0,80.6,852.0,0,5,0.0,0.0,0.0,2.0,0,0.0,0.0,52.0,1
147.5,244.52,97.02,13.86,95540,40.584991,-124.121504,0.0,19.95,341.0,0,7,1.0,1.0,1.0,3.0,0,1.0,1.0,0.0,0
71.2,75.61,4.41,1.47,96008,40.722733,-122.109666,1.0,20.25,67.0,0,3,1.0,1.0,1.0,3.0,0,1.0,1.0,0.0,0
131.05,136.97,5.92,2.96,91203,34.153338,-118.262974,0.0,73.25,366.0,0,2,0.0,0.0,0.0,2.0,0,0.0,0.0,15.0,1
2274.35,3314.69,990.34,38.09,90807,33.830099,-118.182239,0.0,88.8,546.0,0,26,0.0,0.0,0.0,2.0,0,0.0,2.0,22.0,1
3625.2,4054.36,399.16,11.74,94563,37.873916,-122.20522,0.0,70.5,706.0,7,34,2.0,0.0,2.0,2.0,1,2.0,2.0,12.0,0
2001.5,2872.26,870.76,39.58,91605,34.207295,-118.400022,0.0,89.4,674.0,0,22,0.0,0.0,2.0,2.0,0,2.0,0.0,12.0,1
964.35,1393.65,429.3,42.93,96101,41.468877,-120.54229,0.0,91.1,19.0,0,10,2.0,0.0,0.0,2.0,3,2.0,0.0,52.0,0
649.4,649.4,0.0,0.0,94806,37.980269,-122.342635,0.0,49.15,873.0,0,13,0.0,0.0,0.0,1.0,0,2.0,2.0,27.0,0
695.75,1052.79,357.04,44.63,93260,35.861928,-118.636698,2.0,85.2,784.0,0,8,0.0,0.0,0.0,2.0,0,0.0,0.0,29.0,0
3204.65,4353.07,1074.24,33.57,94598,37.916648,-122.008483,0.0,70.5,1043.0,1,32,0.0,2.0,0.0,2.0,0,0.0,2.0,26.0,1
89.3,137.12,47.82,23.91,92231,32.690654,-115.431225,1.0,44.3,129.0,0,2,0.0,0.0,0.0,0.0,0,0.0,0.0,22.0,0
1544.05,1979.65,435.6,19.8,92592,33.507255,-117.029473,1.0,67.5,984.0,1,22,2.0,2.0,0.0,0.0,0,2.0,0.0,17.0,1
1072.0,1088.66,16.66,1.19,93673,36.456091,-119.486225,0.0,80.45,1003.0,0,14,0.0,0.0,0.0,2.0,0,2.0,0.0,23.0,1
4747.5,6789.0,2041.5,40.83,91502,34.177267,-118.31003,0.0,93.5,119.0,0,50,2.0,2.0,2.0,2.0,0,0.0,2.0,21.0,0
7113.75,9108.9,2012.14,28.34,92203,33.752938,-116.230055,1.0,100.55,445.0,1,71,0.0,0.0,2.0,2.0,1,0.0,2.0,59.0,0
830.7,1327.7,497.0,49.7,95431,38.348884,-122.51699,0.0,80.05,294.0,0,10,0.0,0.0,2.0,2.0,0,0.0,0.0,10.0,1
18.9,68.41,49.51,49.51,96126,39.559709,-120.345639,0.0,18.9,919.0,0,1,1.0,1.0,1.0,3.0,0,1.0,1.0,0.0,0
53.55,69.61,16.06,16.06,91934,32.649787,-116.2237,0.0,53.55,453.0,6,1,0.0,2.0,2.0,1.0,0,0.0,2.0,59.0,0
3243.45,3342.07,115.63,3.73,95350,37.671806,-121.007575,0.0,104.2,620.0,4,31,2.0,0.0,0.0,2.0,0,2.0,2.0,13.0,1
4162.05,4565.9,403.85,9.85,90280,33.944624,-118.192615,1.0,104.45,939.0,2,41,0.0,2.0,2.0,2.0,0,2.0,2.0,14.0,0
6045.9,6437.11,391.21,5.51,95462,38.471049,-123.015549,2.0,86.1,626.0,7,71,2.0,2.0,2.0,0.0,0,2.0,2.0,6.0,0
19.45,48.18,28.73,28.73,95554,40.267158,-123.805913,0.0,19.45,650.0,1,1,1.0,1.0,1.0,3.0,2,1.0,1.0,0.0,1
4807.35,7398.21,2590.86,44.67,93546,37.550074,-118.837167,0.0,80.65,574.0,0,58,2.0,0.0,0.0,2.0,0,0.0,0.0,8.0,0
2603.95,3378.79,774.84,17.61,92706,33.765893,-117.881533,1.0,70.5,881.0,1,44,2.0,2.0,2.0,1.0,0,0.0,0.0,24.0,0
1008.55,1284.25,275.7,27.57,92129,32.961064,-117.134917,0.0,98.55,852.0,0,10,0.0,2.0,0.0,2.0,0,0.0,2.0,13.0,1
696.8,1238.88,542.08,16.94,91108,34.122671,-118.112911,2.0,20.5,869.0,0,32,1.0,1.0,1.0,3.0,2,1.0,1.0,0.0,0
1743.5,1826.97,83.47,4.91,91324,34.238208,-118.55029,0.0,104.2,677.0,1,17,0.0,2.0,0.0,2.0,0,2.0,2.0,15.0,1
19.55,27.78,8.23,8.23,95519,40.965011,-124.015255,0.0,19.55,594.0,0,1,1.0,1.0,1.0,3.0,0,1.0,1.0,0.0,0
438.25,528.25,0.0,0.0,91335,34.200175,-118.540958,0.0,29.7,813.0,0,15,2.0,0.0,0.0,1.0,0,0.0,0.0,29.0,1
1899.65,2005.85,106.2,5.31,93208,36.057458,-118.591951,0.0,94.55,141.0,7,20,0.0,0.0,0.0,2.0,0,0.0,2.0,10.0,1
364.55,467.71,104.64,26.16,95714,39.197215,-120.83679,0.0,101.7,278.0,0,4,0.0,0.0,2.0,2.0,0,0.0,2.0,85.0,1
5742.9,7856.1,2113.2,35.22,94114,37.758085,-122.434801,0.0,95.75,855.0,1,60,0.0,0.0,2.0,2.0,0,2.0,0.0,16.0,1
1938.05,2557.49,619.44,25.81,95665,38.400264,-120.641274,0.0,84.35,753.0,0,24,2.0,2.0,0.0,2.0,0,0.0,0.0,3.0,0
3110.1,3418.1,308.0,8.8,92626,33.678591,-117.905471,1.0,85.95,221.0,0,35,2.0,2.0,0.0,0.0,0,2.0,2.0,46.0,1
1135.7,1286.29,70.59,5.43,91746,34.038983,-117.991372,0.0,91.1,491.0,0,13,0.0,0.0,0.0,2.0,0,0.0,2.0,26.0,1
516.15,552.34,36.19,5.17,92679,33.631119,-117.567346,0.0,69.7,1000.0,6,7,0.0,2.0,0.0,0.0,3,0.0,2.0,51.0,0
1110.5,1785.02,674.52,15.33,92278,34.457829,-116.139589,1.0,25.7,1016.0,10,44,1.0,1.0,1.0,3.0,0,1.0,1.0,0.0,0
5835.5,6189.54,354.04,6.68,95010,36.977025,-121.952864,1.0,110.5,153.0,1,53,2.0,2.0,2.0,2.0,0,2.0,2.0,25.0,0
484.05,732.81,248.76,27.64,90008,34.008293,-118.346766,0.0,50.1,552.0,0,9,0.0,0.0,2.0,0.0,2,0.0,0.0,29.0,0
1654.45,2579.85,925.4,33.05,93424,35.186644,-120.728305,1.0,59.0,52.0,0,28,0.0,2.0,0.0,0.0,0,2.0,0.0,7.0,0
241.3,298.84,57.54,19.18,90003,33.964131,-118.272783,0.0,80.0,552.0,2,3,2.0,0.0,2.0,2.0,3,0.0,0.0,22.0,0
118.4,118.4,0.0,0.0,92304,34.559882,-115.637164,0.0,30.5,22.0,0,4,2.0,0.0,0.0,0.0,0,0.0,0.0,22.0,0
4749.15,6222.6,1473.45,31.35,90028,34.099869,-118.326843,0.0,99.35,552.0,1,47,0.0,0.0,2.0,2.0,1,0.0,2.0,16.0,1
625.05,1362.15,737.1,24.57,94704,37.871416,-122.246597,1.0,19.7,74.0,0,30,1.0,1.0,1.0,3.0,0,1.0,1.0,0.0,0
535.05,593.05,58.0,2.0,95947,40.160386,-120.835428,1.0,19.85,384.0,0,29,1.0,1.0,1.0,3.0,3,1.0,1.0,0.0,0
107.1,183.04,75.94,37.97,93923,36.460611,-121.852507,2.0,49.95,157.0,0,2,0.0,0.0,0.0,1.0,0,2.0,0.0,9.0,0
54.65,90.98,36.33,36.33,90065,34.108833,-118.229715,0.0,54.65,552.0,0,1,0.0,0.0,0.0,1.0,0,0.0,0.0,4.0,0
45.3,79.67,34.37,34.37,95407,38.394091,-122.739814,0.0,45.3,891.0,0,1,0.0,0.0,0.0,1.0,0,0.0,0.0,28.0,1
2560.1,4328.8,1768.7,38.45,92020,32.79697,-116.969082,1.0,56.9,284.0,9,46,2.0,2.0,0.0,1.0,2,2.0,0.0,15.0,0
746.5,886.12,109.62,12.18,93925,36.596271,-121.442274,0.0,85.05,188.0,0,9,0.0,0.0,0.0,2.0,0,0.0,0.0,6.0,1
215.25,741.93,526.68,47.88,93240,35.607875,-118.466318,0.0,20.35,504.0,0,11,1.0,1.0,1.0,3.0,0,1.0,1.0,0.0,0
2962.0,2962.0,0.0,0.0,90201,33.970343,-118.171368,2.0,42.1,66.0,7,72,0.0,2.0,2.0,0.0,0,2.0,0.0,17.0,0
369.6,1045.14,675.54,37.53,96048,40.913192,-123.06597,1.0,20.35,462.0,0,18,1.0,1.0,1.0,3.0,0,1.0,1.0,0.0,0
1956.4,2084.92,128.52,6.12,91754,34.050322,-118.147037,0.0,99.15,629.0,0,21,2.0,0.0,2.0,2.0,0,0.0,2.0,51.0,0
7968.85,9180.75,1201.9,17.17,96055,40.059385,-122.091481,1.0,115.65,555.0,1,70,2.0,2.0,2.0,2.0,0,2.0,2.0,20.0,1
486.85,719.1,232.25,46.45,96008,40.722733,-122.109666,0.0,93.9,67.0,0,5,0.0,0.0,0.0,2.0,0,0.0,2.0,10.0,1
4024.2,6446.7,2422.5,48.45,96014,41.388397,-122.794636,2.0,79.6,136.0,0,50,2.0,0.0,2.0,1.0,0,0.0,2.0,14.0,0
576.65,657.71,81.06,11.58,92117,32.825086,-117.199424,0.0,81.1,852.0,1,7,0.0,0.0,0.0,2.0,0,0.0,0.0,27.0,1
2745.2,3821.22,1026.02,35.38,92061,33.313828,-116.940501,0.0,95.9,736.0,1,29,0.0,0.0,2.0,2.0,0,2.0,2.0,21.0,1
6921.7,8558.98,1637.28,22.74,93628,36.807595,-118.901544,2.0,94.45,433.0,5,72,0.0,2.0,2.0,2.0,0,0.0,2.0,48.0,0
1284.2,1571.56,287.36,17.96,93224,35.215731,-119.57013,0.0,73.85,319.0,1,16,0.0,0.0,0.0,2.0,0,0.0,0.0,30.0,1
151.8,192.8,41.0,20.5,94940,38.129308,-122.834815,0.0,76.4,584.0,1,2,0.0,0.0,0.0,2.0,0,2.0,0.0,51.0,1
1252.85,1993.28,740.43,12.99,95202,37.959706,-121.287669,2.0,20.55,954.0,0,57,1.0,1.0,1.0,3.0,0,1.0,1.0,0.0,0
973.45,1374.89,401.44,30.88,92868,33.787796,-117.875928,0.0,79.8,701.0,0,13,0.0,0.0,2.0,2.0,0,2.0,0.0,3.0,1
2033.05,3027.85,994.8,41.45,95415,39.025867,-123.381544,1.0,83.15,101.0,6,24,0.0,0.0,2.0,2.0,3,2.0,0.0,53.0,0
447.9,511.89,63.99,7.11,95369,37.521708,-120.426843,2.0,49.2,925.0,0,9,2.0,0.0,0.0,1.0,0,0.0,0.0,12.0,0
1134.25,2461.21,1326.96,23.28,90715,33.841027,-118.078097,2.0,19.6,509.0,10,57,1.0,1.0,1.0,3.0,0,1.0,1.0,0.0,0
597.0,597.0,0.0,0.0,92646,33.666301,-117.969501,0.0,45.55,434.0,0,13,2.0,2.0,0.0,1.0,0,0.0,0.0,17.0,1
1266.4,2970.85,1752.36,34.36,93271,36.413433,-118.854708,1.0,24.6,994.0,0,51,1.0,1.0,1.0,3.0,0,1.0,1.0,0.0,0
1390.6,1574.65,184.05,12.27,92139,32.677716,-117.047666,0.0,88.15,852.0,1,15,0.0,0.0,0.0,2.0,0,0.0,2.0,76.0,1
6093.3,7710.42,1527.12,21.21,95715,39.23754,-120.720196,2.0,83.55,301.0,4,72,2.0,2.0,0.0,1.0,2,2.0,2.0,27.0,0
35.9,35.9,0.0,0.0,94592,38.093701,-122.276589,0.0,35.9,1025.0,0,1,2.0,0.0,0.0,1.0,0,2.0,0.0,7.0,0
2781.85,4070.17,1288.32,40.26,94611,37.828416,-122.216005,1.0,84.05,688.0,0,32,0.0,0.0,0.0,2.0,0,0.0,0.0,14.0,1
1907.85,2304.07,396.22,18.01,93535,34.712708,-117.889656,0.0,89.25,511.0,0,22,0.0,0.0,0.0,2.0,0,0.0,2.0,2.0,1
1240.15,3733.59,2493.44,38.96,95468,38.911299,-123.609588,2.0,19.55,773.0,0,64,1.0,1.0,1.0,3.0,0,1.0,1.0,0.0,0
878.35,1221.25,342.9,19.05,95950,39.033058,-121.895718,0.0,49.55,388.0,1,18,0.0,0.0,0.0,1.0,0,2.0,0.0,26.0,1
6435.25,7589.71,1154.46,16.26,92562,33.548869,-117.334165,2.0,89.45,649.0,10,71,0.0,0.0,2.0,2.0,0,2.0,0.0,27.0,0
602.55,734.36,131.81,18.83,90814,33.771612,-118.143866,0.0,85.2,546.0,0,7,0.0,0.0,0.0,2.0,0,0.0,2.0,26.0,1
4042.3,5811.56,1719.26,36.58,90808,33.823943,-118.111335,0.0,85.5,546.0,0,47,0.0,2.0,0.0,2.0,0,0.0,2.0,20.0,1
6017.65,8598.65,2581.0,44.5,92027,33.141265,-116.967221,1.0,103.25,305.0,0,58,0.0,0.0,2.0,2.0,0,2.0,2.0,47.0,1
547.65,578.61,30.96,5.16,95476,38.25485,-122.461799,0.0,99.95,933.0,0,6,2.0,0.0,0.0,2.0,0,2.0,2.0,59.0,1
1125.6,1221.93,96.33,1.69,94618,37.84551,-122.235181,2.0,20.65,688.0,0,57,1.0,1.0,1.0,3.0,0,1.0,1.0,0.0,0
1068.85,1389.55,320.7,32.07,90028,34.099869,-118.326843,0.0,102.1,552.0,1,10,0.0,0.0,2.0,2.0,0,2.0,2.0,22.0,1
4014.2,4178.54,74.34,1.18,92336,34.136367,-117.460803,2.0,63.55,329.0,6,63,2.0,2.0,2.0,1.0,2,2.0,0.0,27.0,0
3019.25,3833.65,814.4,25.45,92399,34.04597,-117.011825,0.0,96.15,1100.0,0,32,0.0,0.0,0.0,2.0,0,0.0,0.0,18.0,1
313.0,842.44,529.44,44.12,92404,34.183286,-117.221722,2.0,25.4,848.0,8,12,1.0,1.0,1.0,3.0,3,1.0,1.0,0.0,0
3789.2,3789.2,0.0,0.0,91364,34.153733,-118.593408,2.0,56.6,1091.0,1,66,2.0,2.0,2.0,1.0,0,2.0,0.0,29.0,0
5595.3,6097.56,502.26,7.61,95333,37.249377,-120.249581,2.0,85.9,518.0,2,66,2.0,2.0,2.0,1.0,0,2.0,2.0,10.0,0
2917.65,4358.25,1440.6,48.02,91504,34.213049,-118.317651,0.0,101.5,119.0,1,30,2.0,0.0,0.0,2.0,0,0.0,0.0,24.0,0
625.65,789.18,163.53,7.11,96123,40.845738,-120.322219,2.0,23.85,801.0,0,23,1.0,1.0,1.0,3.0,3,1.0,1.0,0.0,0
19.0,47.28,28.28,28.28,92808,33.850452,-117.726668,0.0,19.0,23.0,1,1,1.0,1.0,1.0,3.0,1,1.0,1.0,0.0,0
477.55,766.09,288.54,41.22,92694,33.569186,-117.640055,0.0,69.2,494.0,8,7,0.0,0.0,0.0,2.0,0,0.0,0.0,73.0,0
5685.8,8694.12,3008.32,44.24,90505,33.807882,-118.347957,1.0,83.0,999.0,1,68,0.0,0.0,0.0,2.0,0,0.0,0.0,5.0,1
2854.55,2834.39,0.0,0.0,95468,38.911299,-123.609588,0.0,54.45,773.0,0,53,0.0,0.0,2.0,1.0,0,2.0,0.0,25.0,1
1067.15,1200.55,133.4,5.8,95636,38.636102,-120.522149,1.0,48.35,389.0,1,23,0.0,0.0,0.0,1.0,0,0.0,0.0,12.0,1
2192.9,3301.73,1108.83,48.21,95631,39.031876,-120.811141,0.0,70.5,335.0,0,23,0.0,0.0,2.0,2.0,0,0.0,2.0,23.0,0
151.3,218.98,67.68,22.56,95132,37.424655,-121.74841,0.0,50.65,861.0,0,3,0.0,0.0,0.0,0.0,0,0.0,0.0,3.0,1
316.9,379.9,63.0,12.6,90039,34.110845,-118.259595,0.0,69.7,552.0,0,5,0.0,0.0,0.0,2.0,3,0.0,0.0,58.0,1
335.65,354.61,18.96,3.16,92612,33.643095,-117.810896,0.0,55.7,449.0,0,6,0.0,2.0,2.0,1.0,0,0.0,0.0,41.0,0
3229.4,3351.2,121.8,2.9,95313,37.435664,-121.049056,0.0,74.15,233.0,1,42,0.0,2.0,0.0,2.0,0,0.0,0.0,21.0,1
2351.8,3253.74,901.94,34.69,92408,34.084909,-117.258107,0.0,91.25,848.0,0,26,0.0,0.0,0.0,2.0,0,0.0,0.0,27.0,1
24.05,44.31,20.26,20.26,93306,35.449881,-118.841442,0.0,24.05,56.0,0,1,1.0,1.0,1.0,3.0,0,1.0,1.0,0.0,1
251.75,381.56,129.81,43.27,95537,40.726949,-124.217378,0.0,79.65,323.0,1,3,2.0,0.0,0.0,2.0,0,0.0,0.0,17.0,1
1299.1,1452.21,155.87,11.99,95388,37.421299,-120.599587,1.0,104.15,1083.0,0,13,0.0,0.0,2.0,2.0,2,2.0,2.0,27.0,0
70.15,118.12,47.97,47.97,93426,35.842889,-121.004862,0.0,70.15,106.0,0,1,0.0,0.0,0.0,2.0,0,0.0,0.0,8.0,1
1023.95,1654.95,631.0,12.62,95822,38.512569,-121.495184,2.0,19.4,838.0,0,50,1.0,1.0,1.0,3.0,0,1.0,1.0,0.0,0
2303.35,3818.23,1514.88,47.34,92122,32.85723,-117.209774,0.0,74.9,852.0,2,32,0.0,0.0,0.0,2.0,0,0.0,0.0,10.0,1
727.85,1064.41,336.56,24.04,95240,38.123544,-121.159078,1.0,51.45,539.0,0,14,0.0,0.0,2.0,0.0,0,0.0,0.0,12.0,0
908.75,1556.03,647.28,35.96,90027,34.127194,-118.295647,0.0,50.3,552.0,4,18,2.0,0.0,0.0,1.0,0,0.0,0.0,17.0,0
44.4,70.93,26.53,26.53,95030,37.222842,-121.988727,0.0,44.4,554.0,0,1,0.0,0.0,0.0,1.0,0,0.0,0.0,30.0,1
69.4,112.86,33.46,33.46,95301,37.321233,-120.656354,0.0,69.4,46.0,1,1,0.0,0.0,0.0,2.0,0,0.0,0.0,12.0,1
4400.75,5765.92,1405.32,33.46,94901,37.972662,-122.491452,0.0,105.2,876.0,0,42,0.0,2.0,0.0,2.0,0,2.0,2.0,52.0,1
265.35,456.63,191.28,47.82,92113,32.697098,-117.116587,0.0,74.35,852.0,0,4,0.0,0.0,0.0,2.0,0,0.0,0.0,13.0,1
374.5,830.1,455.6,22.78,92239,33.889605,-115.257009,0.0,19.4,254.0,0,20,1.0,1.0,1.0,3.0,3,1.0,1.0,0.0,1
3297.0,4992.47,1695.47,31.99,94938,38.021772,-122.691744,1.0,60.6,499.0,3,53,0.0,0.0,0.0,1.0,5,2.0,2.0,59.0,0
168.2,189.26,21.06,10.53,92122,32.85723,-117.209774,0.0,90.4,852.0,0,2,0.0,0.0,0.0,2.0,0,0.0,2.0,8.0,1
576.65,657.71,81.06,11.58,92117,32.825086,-117.199424,0.0,81.1,852.0,1,7,0.0,0.0,0.0,2.0,0,0.0,0.0,27.0,1
5401.9,7035.42,1613.52,22.41,93603,36.64545,-118.924982,2.0,70.5,54.0,9,72,2.0,2.0,2.0,1.0,0,2.0,0.0,59.0,0
145.15,160.43,15.28,7.64,93244,36.462671,-118.997291,0.0,69.65,522.0,0,2,0.0,0.0,0.0,2.0,0,0.0,0.0,27.0,1
888.75,1225.02,336.27,30.57,95762,38.684437,-121.055634,0.0,84.8,288.0,0,11,0.0,0.0,0.0,2.0,0,2.0,2.0,15.0,0
609.9,993.18,383.28,47.91,92109,32.787836,-117.232376,0.0,74.5,852.0,1,8,0.0,2.0,0.0,2.0,0,0.0,0.0,23.0,1
4613.95,5014.77,400.82,8.18,91941,32.759327,-116.99726,0.0,95.4,488.0,6,49,0.0,0.0,0.0,2.0,6,0.0,2.0,53.0,0
1258.3,2030.25,661.95,44.13,92592,33.507255,-117.029473,0.0,83.05,984.0,2,15,2.0,0.0,0.0,2.0,0,2.0,0.0,3.0,1
1149.65,1914.14,764.49,44.97,95350,37.671806,-121.007575,0.0,69.0,620.0,1,17,0.0,0.0,0.0,2.0,0,0.0,0.0,11.0,1
3870.0,6281.33,2411.33,35.99,93704,36.799648,-119.801247,1.0,60.5,349.0,0,67,2.0,2.0,2.0,1.0,0,0.0,0.0,73.0,0
261.25,303.81,42.56,10.64,95709,38.748316,-120.675512,0.0,68.65,140.0,0,4,0.0,0.0,2.0,1.0,0,0.0,2.0,23.0,1
6129.65,9542.45,3412.8,47.4,90023,34.017697,-118.200577,2.0,84.1,552.0,5,72,0.0,2.0,2.0,1.0,0,2.0,2.0,28.0,0
2421.6,3658.08,1236.48,29.44,91963,32.619465,-116.593605,1.0,60.15,785.0,0,42,0.0,2.0,2.0,0.0,0,0.0,2.0,41.0,0
4364.1,4858.66,494.56,11.24,91105,34.13946,-118.166649,0.0,96.1,732.0,4,44,0.0,0.0,0.0,2.0,0,0.0,2.0,59.0,1
113.35,124.01,10.66,5.33,95222,38.071327,-120.632221,0.0,55.1,25.0,0,2,0.0,2.0,0.0,0.0,0,2.0,0.0,52.0,1
928.4,2106.2,1177.8,22.65,94924,37.943087,-122.72379,1.0,19.65,98.0,0,52,1.0,1.0,1.0,3.0,2,1.0,1.0,0.0,0
1730.35,2152.53,422.18,19.19,92220,33.936298,-116.849577,0.0,79.35,60.0,0,22,0.0,0.0,2.0,2.0,0,0.0,0.0,17.0,1
3264.45,3264.45,0.0,0.0,94028,37.369709,-122.215844,1.0,45.25,783.0,0,70,0.0,0.0,0.0,1.0,0,0.0,0.0,20.0,1
1595.5,2826.22,1230.72,19.23,95120,37.186141,-121.843554,1.0,24.9,861.0,6,64,1.0,1.0,1.0,3.0,1,1.0,1.0,0.0,0
44.1,48.51,4.41,4.41,90024,34.066303,-118.435479,0.0,44.1,552.0,0,1,0.0,0.0,0.0,1.0,0,0.0,0.0,30.0,1
80.55,124.22,43.67,43.67,95403,38.488431,-122.752839,0.0,80.55,891.0,1,1,0.0,0.0,0.0,2.0,0,0.0,2.0,73.0,1
3882.3,5463.84,1581.54,36.78,93450,35.996008,-120.85305,1.0,90.65,847.0,0,43,2.0,2.0,2.0,2.0,0,2.0,0.0,59.0,0
2719.2,2719.2,0.0,0.0,94924,37.943087,-122.72379,2.0,38.9,98.0,0,68,2.0,2.0,0.0,1.0,0,2.0,0.0,58.0,0
3862.55,5630.03,1767.48,40.17,91754,34.050322,-118.147037,0.0,84.8,629.0,0,44,0.0,0.0,2.0,2.0,0,2.0,0.0,6.0,1
617.65,1941.0,1323.35,37.81,94124,37.731505,-122.384532,0.0,19.25,855.0,0,35,1.0,1.0,1.0,3.0,0,1.0,1.0,0.0,0
7578.05,9578.93,2000.88,27.79,92705,33.766004,-117.786763,1.0,105.0,881.0,1,72,0.0,0.0,2.0,2.0,0,2.0,0.0,10.0,0
1776.95,2433.77,656.82,36.49,91356,34.157137,-118.548511,0.0,99.85,979.0,0,18,2.0,0.0,0.0,2.0,0,0.0,2.0,3.0,1
4398.15,6286.63,1888.48,42.92,95948,39.346898,-121.759537,0.0,100.55,387.0,0,44,2.0,0.0,2.0,2.0,0,0.0,2.0,23.0,1
5755.8,7222.15,1480.56,23.88,93033,34.156629,-119.117218,1.0,92.05,712.0,0,62,0.0,2.0,2.0,2.0,0,2.0,0.0,47.0,0
541.15,868.68,327.53,46.79,95305,37.818589,-120.256995,0.0,74.9,84.0,0,7,0.0,0.0,0.0,2.0,0,0.0,0.0,25.0,1
4367.35,6323.35,1856.0,37.12,92210,33.537646,-116.291089,0.0,88.05,444.0,1,50,0.0,0.0,2.0,2.0,0,0.0,0.0,4.0,1
4964.7,5233.35,268.65,5.97,92251,32.858595,-115.662709,0.0,108.45,441.0,0,45,2.0,2.0,0.0,2.0,0,2.0,2.0,73.0,0
74.9,110.15,35.25,35.25,94931,38.326215,-122.718742,0.0,74.9,222.0,0,1,0.0,0.0,0.0,2.0,0,2.0,0.0,30.0,1
2460.35,3265.55,805.2,20.13,94404,37.556094,-122.272437,0.0,64.1,871.0,0,40,2.0,2.0,0.0,1.0,1,0.0,0.0,10.0,0
876.75,1177.83,301.08,25.09,94044,37.573633,-122.455167,1.0,78.85,715.0,3,12,0.0,2.0,0.0,0.0,0,2.0,2.0,17.0,0
973.65,1013.65,0.0,0.0,92036,32.980678,-116.262854,1.0,35.9,461.0,3,28,0.0,0.0,0.0,1.0,3,0.0,0.0,58.0,0
92.65,179.97,87.32,43.66,94806,37.980269,-122.342635,0.0,44.15,873.0,0,2,0.0,0.0,0.0,1.0,0,0.0,0.0,25.0,1
2265.0,2265.0,0.0,0.0,95916,39.657228,-121.37778,1.0,49.05,75.0,0,44,0.0,0.0,0.0,0.0,0,2.0,2.0,3.0,0
2264.05,2585.17,321.12,13.38,93627,36.520537,-120.118055,0.0,93.55,412.0,1,24,0.0,0.0,0.0,2.0,0,0.0,2.0,12.0,1
95.65,127.98,32.33,32.33,95060,36.993451,-122.098858,0.0,95.65,885.0,0,1,0.0,0.0,0.0,2.0,0,0.0,2.0,9.0,1
2564.3,3021.6,457.3,13.45,95382,37.529656,-120.854357,0.0,78.3,1012.0,1,34,0.0,0.0,0.0,2.0,0,0.0,0.0,12.0,1
19.95,47.03,27.08,27.08,95223,38.32153,-120.236358,0.0,19.95,39.0,0,1,1.0,1.0,1.0,3.0,0,1.0,1.0,0.0,0
1929.35,2118.89,189.54,7.02,92571,33.828289,-117.201666,0.0,75.2,743.0,2,27,0.0,2.0,0.0,0.0,0,0.0,0.0,25.0,1
45.3,103.67,28.37,28.37,96029,39.84784,-122.544556,0.0,45.3,327.0,0,1,0.0,0.0,0.0,1.0,0,0.0,0.0,7.0,1
2345.2,2466.19,120.99,3.27,92126,32.886925,-117.152162,0.0,64.75,852.0,0,37,0.0,0.0,0.0,0.0,0,0.0,2.0,71.0,1
4822.85,6802.69,1979.84,43.04,91501,34.188339,-118.300942,1.0,105.2,119.0,0,46,2.0,2.0,2.0,2.0,0,0.0,2.0,71.0,1
3769.7,4023.62,253.92,5.52,95571,40.310119,-123.909449,0.0,80.0,1055.0,1,46,0.0,0.0,2.0,2.0,1,0.0,0.0,16.0,0
39.65,59.65,0.0,0.0,90022,34.02381,-118.156582,0.0,39.65,552.0,0,1,0.0,0.0,0.0,1.0,0,2.0,0.0,8.0,1
1137.05,1273.83,136.78,9.77,94530,37.924838,-122.289145,0.0,80.45,286.0,8,14,2.0,0.0,2.0,1.0,3,0.0,2.0,21.0,0
2625.55,3473.39,847.84,30.28,92705,33.766004,-117.786763,0.0,89.95,881.0,0,28,0.0,0.0,2.0,2.0,0,0.0,2.0,30.0,1
3969.4,5661.28,1691.88,36.78,95422,38.965804,-122.631779,0.0,85.0,194.0,0,46,0.0,2.0,0.0,2.0,0,0.0,2.0,29.0,1
412.6,1181.68,769.08,45.24,92027,33.141265,-116.967221,2.0,25.15,305.0,8,17,1.0,1.0,1.0,3.0,3,1.0,1.0,0.0,0
75.35,103.84,28.49,28.49,91304,34.224377,-118.632656,0.0,75.35,147.0,0,1,0.0,0.0,0.0,2.0,0,0.0,0.0,18.0,1
4614.55,5084.26,469.71,9.21,92866,33.784597,-117.844535,1.0,90.35,701.0,0,51,0.0,0.0,2.0,2.0,0,0.0,2.0,30.0,0
1269.55,1639.0,369.45,24.63,93531,35.214982,-118.59049,0.0,85.9,465.0,0,15,0.0,0.0,2.0,2.0,0,0.0,2.0,13.0,1
1863.8,1898.05,34.25,1.37,95131,37.387027,-121.897775,1.0,74.3,861.0,0,25,2.0,2.0,2.0,1.0,0,2.0,0.0,21.0,1
4919.7,4919.7,0.0,0.0,94507,37.855717,-121.994813,2.0,65.5,8.0,6,72,2.0,2.0,2.0,1.0,0,2.0,2.0,4.0,0
5070.4,6287.56,1217.16,24.84,92316,34.059722,-117.39104,1.0,101.55,92.0,0,49,0.0,2.0,0.0,2.0,0,0.0,2.0,14.0,0
6470.1,9165.1,2695.0,38.5,95645,38.875508,-121.765866,2.0,90.85,479.0,10,70,0.0,2.0,0.0,2.0,0,0.0,2.0,25.0,0
1194.3,1946.14,751.84,46.99,91601,34.1692,-118.372498,0.0,72.65,674.0,0,16,0.0,0.0,0.0,2.0,0,0.0,0.0,17.0,1
3233.85,5028.25,1794.4,44.86,90706,33.887676,-118.127289,0.0,79.2,68.0,0,40,0.0,2.0,2.0,2.0,0,0.0,0.0,4.0,1
1439.35,1474.72,35.37,1.31,96148,39.24124,-120.054765,0.0,56.15,977.0,0,27,2.0,0.0,2.0,0.0,0,0.0,0.0,53.0,0
4718.25,6303.89,1585.64,32.36,93210,36.186867,-120.387793,0.0,96.2,202.0,0,49,0.0,0.0,0.0,2.0,0,0.0,0.0,2.0,1
573.05,738.06,165.01,5.69,96137,40.271535,-121.018087,0.0,19.85,1065.0,0,29,1.0,1.0,1.0,3.0,0,1.0,1.0,0.0,0
1313.55,1833.92,520.37,30.61,95954,39.933852,-121.584371,0.0,76.65,572.0,0,17,0.0,0.0,0.0,2.0,0,2.0,0.0,7.0,1
69.9,115.4,45.5,45.5,90272,34.079449,-118.548306,0.0,69.9,714.0,0,1,0.0,0.0,0.0,2.0,0,0.0,0.0,12.0,1
746.5,886.12,109.62,12.18,93925,36.596271,-121.442274,0.0,85.05,188.0,0,9,0.0,0.0,0.0,2.0,0,0.0,0.0,6.0,1
2431.35,3510.39,1079.04,44.96,95842,38.687367,-121.34848,0.0,99.3,838.0,0,24,0.0,0.0,2.0,2.0,0,2.0,2.0,28.0,1
1198.8,3076.2,1877.4,31.29,95694,38.578604,-122.024579,2.0,20.5,1082.0,9,60,1.0,1.0,1.0,3.0,0,1.0,1.0,0.0,0
2628.6,4195.0,1566.4,48.95,95835,38.685069,-121.543709,0.0,85.95,838.0,0,32,0.0,0.0,0.0,2.0,0,0.0,0.0,9.0,1
7624.2,10641.72,3017.52,41.91,90241,33.940884,-118.128628,2.0,109.9,266.0,0,72,2.0,2.0,2.0,2.0,0,2.0,2.0,73.0,0
7804.15,9322.37,1518.22,22.66,91042,34.296574,-118.244839,1.0,118.35,1007.0,0,67,2.0,2.0,2.0,2.0,0,2.0,2.0,27.0,1
678.75,678.75,0.0,0.0,94933,38.010092,-122.689442,0.0,30.35,333.0,2,23,2.0,0.0,0.0,1.0,1,0.0,0.0,19.0,0
330.05,498.29,168.24,42.06,95619,38.683605,-120.811852,0.0,78.45,257.0,0,4,0.0,0.0,2.0,2.0,0,0.0,2.0,58.0,1
69.9,74.89,4.99,4.99,92121,32.898613,-117.202937,0.0,69.9,852.0,0,1,0.0,0.0,0.0,2.0,0,0.0,0.0,28.0,1
19.9,69.41,49.51,49.51,93553,34.445239,-117.894868,0.0,19.9,738.0,0,1,1.0,1.0,1.0,3.0,0,1.0,1.0,0.0,1
55.05,69.7,14.65,14.65,92314,34.278967,-116.773825,0.0,55.05,80.0,0,1,2.0,0.0,0.0,0.0,0,2.0,0.0,15.0,0
581.7,1134.94,493.24,44.84,92532,33.705836,-117.318204,0.0,51.0,501.0,8,11,0.0,2.0,0.0,1.0,3,0.0,0.0,57.0,0
1060.2,1512.3,452.1,45.21,94117,37.770533,-122.445121,0.0,100.6,855.0,0,10,0.0,0.0,0.0,2.0,0,2.0,2.0,3.0,1
151.8,192.8,41.0,20.5,94940,38.129308,-122.834815,0.0,76.4,584.0,1,2,0.0,0.0,0.0,2.0,0,2.0,0.0,51.0,1
69.95,82.99,13.04,13.04,94132,37.722302,-122.491129,0.0,69.95,855.0,0,1,0.0,0.0,0.0,2.0,0,0.0,0.0,46.0,1
2602.9,3657.38,1054.48,37.66,95448,38.618347,-122.908422,0.0,92.35,409.0,1,28,0.0,2.0,0.0,2.0,0,0.0,2.0,20.0,1
2745.2,3821.22,1026.02,35.38,92061,33.313828,-116.940501,0.0,95.9,736.0,1,29,0.0,0.0,2.0,2.0,0,2.0,2.0,21.0,1
4822.85,6802.69,1979.84,43.04,91501,34.188339,-118.300942,1.0,105.2,119.0,0,46,2.0,2.0,2.0,2.0,0,0.0,2.0,71.0,1
8127.6,8842.3,714.7,10.21,95519,40.965011,-124.015255,1.0,115.55,594.0,0,70,2.0,2.0,2.0,2.0,0,2.0,2.0,52.0,1
6397.6,7882.96,1485.36,20.63,91405,34.202494,-118.448048,2.0,90.8,1031.0,1,72,2.0,2.0,2.0,1.0,2,2.0,2.0,26.0,0
2911.8,3254.42,342.62,9.26,93250,35.666886,-119.186717,1.0,79.25,590.0,6,37,0.0,2.0,0.0,1.0,0,2.0,2.0,28.0,0
169.8,197.94,28.14,14.07,95006,37.171727,-122.142961,0.0,85.7,104.0,0,2,0.0,0.0,0.0,2.0,0,0.0,2.0,6.0,1
95.45,101.04,5.59,5.59,91744,34.031441,-117.936436,0.0,95.45,491.0,0,1,0.0,0.0,0.0,2.0,0,0.0,2.0,2.0,1
265.35,456.63,191.28,47.82,92113,32.697098,-117.116587,0.0,74.35,852.0,0,4,0.0,0.0,0.0,2.0,0,0.0,0.0,13.0,1
7719.5,8488.46,768.96,10.68,93906,36.722898,-121.633648,2.0,108.4,841.0,8,72,2.0,0.0,2.0,2.0,0,2.0,2.0,59.0,0
3473.4,5300.09,1826.69,49.37,91011,34.234912,-118.153729,0.0,92.5,482.0,3,37,0.0,0.0,0.0,2.0,0,0.0,2.0,4.0,1
249.4,410.2,150.8,37.7,92276,33.849263,-116.382778,0.0,61.3,993.0,0,4,2.0,0.0,0.0,1.0,0,0.0,0.0,2.0,0
19.45,48.18,28.73,28.73,95554,40.267158,-123.805913,0.0,19.45,650.0,1,1,1.0,1.0,1.0,3.0,2,1.0,1.0,0.0,1
203.95,389.39,185.44,23.18,93287,35.710244,-118.881679,1.0,24.4,1092.0,6,8,1.0,1.0,1.0,3.0,0,1.0,1.0,0.0,0
7806.6,8530.2,723.6,10.05,93215,35.772244,-119.209689,2.0,108.05,250.0,0,72,2.0,0.0,2.0,2.0,0,2.0,2.0,82.0,0
834.15,983.91,109.76,6.86,90056,33.987945,-118.370442,0.0,53.9,552.0,0,16,2.0,0.0,2.0,1.0,0,0.0,0.0,8.0,1
415.9,1018.5,602.6,30.13,91786,34.105493,-117.660934,1.0,70.5,1020.0,0,20,1.0,1.0,1.0,3.0,0,1.0,1.0,0.0,0
215.2,215.2,0.0,0.0,92117,32.825086,-117.199424,0.0,25.5,852.0,0,8,0.0,0.0,0.0,1.0,0,0.0,0.0,16.0,1
4504.55,5172.89,668.34,14.22,95258,38.169605,-121.310964,0.0,95.05,1088.0,0,47,2.0,0.0,2.0,2.0,0,0.0,0.0,11.0,1
59.2,72.78,13.58,13.58,90063,34.044271,-118.185237,0.0,59.2,552.0,0,1,0.0,0.0,0.0,1.0,3,2.0,2.0,24.0,1
288.05,755.15,467.1,31.14,92121,32.898613,-117.202937,0.0,20.0,852.0,1,15,1.0,1.0,1.0,3.0,3,1.0,1.0,0.0,1
2838.7,3784.2,865.5,28.85,92679,33.631119,-117.567346,0.0,94.4,1000.0,1,30,0.0,2.0,2.0,2.0,0,0.0,0.0,6.0,1
7475.1,7732.0,256.9,3.67,95722,39.003358,-121.022539,1.0,106.15,596.0,7,70,2.0,0.0,2.0,2.0,3,2.0,2.0,28.0,0
150.35,544.82,394.47,43.83,95926,39.745712,-121.84333,0.0,19.5,183.0,0,9,1.0,1.0,1.0,3.0,0,1.0,1.0,0.0,0
137.6,349.36,211.76,26.47,95634,38.9386,-120.785514,0.0,20.7,360.0,0,8,1.0,1.0,1.0,3.0,0,1.0,1.0,0.0,0
4888.7,6516.7,1578.0,31.56,91384,34.506627,-118.699048,0.0,95.05,168.0,1,50,0.0,0.0,2.0,2.0,0,2.0,0.0,4.0,1
1177.95,3423.82,2251.7,40.94,96038,41.599978,-122.539381,2.0,20.5,386.0,1,55,1.0,1.0,1.0,3.0,3,1.0,1.0,0.0,0
1194.3,1946.14,751.84,46.99,91601,34.1692,-118.372498,0.0,72.65,674.0,0,16,0.0,0.0,0.0,2.0,0,0.0,0.0,17.0,1
95.65,127.98,32.33,32.33,95060,36.993451,-122.098858,0.0,95.65,885.0,0,1,0.0,0.0,0.0,2.0,0,0.0,2.0,9.0,1
79.9,103.1,23.2,23.2,91345,34.266389,-118.459744,0.0,79.9,618.0,0,1,0.0,0.0,0.0,2.0,3,0.0,2.0,21.0,1
74.7,86.04,11.34,11.34,95949,39.099204,-121.137962,0.0,74.7,378.0,0,1,0.0,0.0,0.0,2.0,0,0.0,0.0,20.0,1
305.95,305.95,0.0,0.0,96142,39.061227,-120.179546,0.0,51.0,978.0,0,5,0.0,0.0,2.0,1.0,0,0.0,2.0,59.0,1
3804.4,4782.82,978.42,14.18,90032,34.078821,-118.177576,1.0,53.65,552.0,7,69,0.0,2.0,2.0,1.0,0,0.0,0.0,16.0,0
19.9,22.28,2.38,2.38,90302,33.975332,-118.355252,0.0,19.9,446.0,0,1,1.0,1.0,1.0,3.0,0,1.0,1.0,0.0,0
20.35,52.32,31.97,31.97,90703,33.8681,-118.067402,0.0,20.35,179.0,0,1,1.0,1.0,1.0,3.0,0,1.0,1.0,0.0,0
1908.35,3198.21,1289.86,49.61,93921,36.554618,-121.922239,1.0,75.0,158.0,0,26,2.0,2.0,0.0,1.0,0,0.0,2.0,76.0,0
4939.25,6995.81,2056.56,36.08,95543,41.867908,-123.794144,1.0,86.9,358.0,0,57,0.0,0.0,0.0,2.0,0,0.0,0.0,26.0,0
3894.4,5954.38,2059.98,36.14,92028,33.362575,-117.299644,2.0,69.75,315.0,0,57,2.0,0.0,2.0,0.0,0,2.0,2.0,48.0,0
4448.8,7409.17,2960.37,46.99,90015,34.039224,-118.266293,1.0,70.8,552.0,6,63,2.0,2.0,2.0,0.0,0,0.0,0.0,13.0,0
3848.0,5618.79,1770.79,43.19,96054,41.280478,-121.160249,0.0,94.9,547.0,2,41,0.0,0.0,0.0,2.0,3,2.0,2.0,59.0,0
1229.1,3326.26,2097.16,40.33,91945,32.733564,-117.033713,2.0,24.8,523.0,1,52,1.0,1.0,1.0,3.0,3,1.0,1.0,0.0,0
78.05,117.46,29.41,29.41,93601,37.375816,-119.739935,0.0,78.05,6.0,0,1,0.0,0.0,0.0,2.0,0,0.0,2.0,59.0,1
7482.1,9441.18,1959.08,29.24,92657,33.603282,-117.821841,1.0,111.3,663.0,0,67,0.0,2.0,2.0,2.0,0,2.0,2.0,21.0,1
2248.05,3413.89,1125.84,46.91,93307,35.280113,-118.962329,0.0,93.0,56.0,7,24,0.0,0.0,0.0,2.0,0,0.0,2.0,20.0,0
5042.75,6838.39,1795.64,33.88,96014,41.388397,-122.794636,1.0,94.45,136.0,0,53,2.0,0.0,2.0,2.0,0,2.0,2.0,6.0,0
5727.45,6397.05,669.6,9.3,93301,35.383937,-119.020428,2.0,80.85,56.0,6,72,2.0,2.0,2.0,1.0,2,2.0,0.0,12.0,0
5953.0,6733.64,780.64,13.94,92024,33.054579,-117.25665,0.0,109.6,302.0,5,56,2.0,2.0,0.0,2.0,2,2.0,2.0,11.0,0
19.9,27.39,7.49,7.49,93261,35.809921,-119.127437,0.0,19.9,815.0,1,1,1.0,1.0,1.0,3.0,1,1.0,1.0,0.0,1
911.6,2089.31,1177.71,31.83,92028,33.362575,-117.299644,0.0,26.45,315.0,1,37,1.0,1.0,1.0,3.0,2,1.0,1.0,0.0,0
127.1,227.52,90.42,30.14,92028,33.362575,-117.299644,0.0,45.0,315.0,0,3,0.0,0.0,0.0,1.0,0,0.0,0.0,6.0,1
811.65,951.42,139.77,15.53,92325,34.248061,-117.29028,0.0,94.05,230.0,0,9,0.0,0.0,0.0,2.0,0,2.0,2.0,14.0,0
70.45,123.32,42.87,42.87,95116,37.350284,-121.852855,0.0,70.45,861.0,0,1,0.0,0.0,0.0,2.0,0,0.0,0.0,8.0,1
1857.85,4422.49,2564.64,35.62,93263,35.490705,-119.286833,2.0,25.1,907.0,4,72,1.0,1.0,1.0,3.0,2,1.0,1.0,0.0,0
1117.55,1375.99,258.44,18.46,95928,39.681488,-121.83721,0.0,76.45,183.0,0,14,0.0,0.0,0.0,2.0,0,2.0,0.0,26.0,0
7968.85,9180.75,1201.9,17.17,96055,40.059385,-122.091481,1.0,115.65,555.0,1,70,2.0,2.0,2.0,2.0,0,2.0,2.0,20.0,1
527.9,557.88,62.44,8.92,92567,33.82769,-117.102244,0.0,74.4,681.0,1,7,0.0,0.0,0.0,2.0,0,0.0,0.0,17.0,1
131.05,136.97,5.92,2.96,91203,34.153338,-118.262974,0.0,73.25,366.0,0,2,0.0,0.0,0.0,2.0,0,0.0,0.0,15.0,1
747.2,1400.46,613.26,34.07,90293,33.947305,-118.439841,0.0,45.65,768.0,0,18,0.0,0.0,0.0,1.0,2,0.0,0.0,28.0,0
132.25,165.75,33.5,6.7,92275,33.28156,-115.955541,0.0,24.3,842.0,6,5,1.0,1.0,1.0,3.0,3,1.0,1.0,0.0,0
1345.85,3920.37,2574.52,49.51,92649,33.721917,-118.043237,2.0,25.75,434.0,6,52,1.0,1.0,1.0,3.0,2,1.0,1.0,0.0,0
6876.05,7353.07,477.02,7.82,91107,34.159007,-118.087353,2.0,111.6,732.0,0,61,2.0,2.0,0.0,2.0,0,2.0,2.0,11.0,1
3340.55,3380.51,39.96,1.08,93673,36.456091,-119.486225,0.0,88.8,1003.0,3,37,0.0,0.0,2.0,2.0,2,0.0,0.0,16.0,0
3105.55,4022.29,916.74,27.78,92129,32.961064,-117.134917,0.0,94.5,852.0,1,33,0.0,0.0,0.0,2.0,0,0.0,0.0,8.0,1
73.6,79.79,6.19,6.19,92122,32.85723,-117.209774,0.0,73.6,852.0,0,1,0.0,2.0,0.0,2.0,0,0.0,2.0,52.0,1
5629.55,7333.93,1704.38,27.49,93247,36.205465,-119.085807,0.0,89.8,529.0,7,62,0.0,0.0,2.0,2.0,0,0.0,2.0,3.0,0
163.7,601.19,437.49,48.61,95720,38.766036,-120.209673,1.0,20.15,481.0,0,9,1.0,1.0,1.0,3.0,0,1.0,1.0,0.0,0
5555.3,7315.29,1775.37,25.73,92102,32.716007,-117.117462,2.0,82.45,852.0,0,69,2.0,2.0,0.0,1.0,0,2.0,2.0,22.0,0
5931.75,8035.95,2104.2,30.06,91763,34.072121,-117.698319,2.0,85.95,625.0,10,70,2.0,0.0,2.0,0.0,0,2.0,2.0,24.0,0
3470.8,3616.32,145.52,4.28,92333,34.274846,-116.937581,1.0,103.8,318.0,0,34,0.0,2.0,2.0,2.0,1,0.0,2.0,16.0,0
78.3,246.06,167.76,41.94,91340,34.286131,-118.435969,0.0,70.5,854.0,0,4,1.0,1.0,1.0,3.0,0,1.0,1.0,0.0,0
308.05,325.48,57.36,14.34,94306,37.416159,-122.131337,1.0,83.25,723.0,10,4,0.0,0.0,0.0,2.0,0,0.0,0.0,14.0,0
606.55,620.79,14.24,1.78,91901,32.827184,-116.703729,0.0,74.5,16.0,0,8,0.0,0.0,2.0,2.0,0,0.0,0.0,7.0,1
4557.5,7143.58,2586.08,46.18,94901,37.972662,-122.491452,1.0,80.9,876.0,3,56,0.0,0.0,0.0,2.0,0,0.0,2.0,24.0,0
6767.1,6869.8,102.7,1.58,95231,37.873283,-121.292034,1.0,103.9,347.0,8,65,2.0,0.0,0.0,2.0,3,2.0,0.0,27.0,0
4264.6,4770.82,506.22,7.67,92647,33.723579,-118.005441,0.0,63.85,434.0,4,66,2.0,0.0,0.0,1.0,0,0.0,2.0,69.0,0
548.8,884.74,335.94,15.27,90026,34.078991,-118.263804,1.0,25.6,552.0,5,22,1.0,1.0,1.0,3.0,0,1.0,1.0,0.0,0
2407.3,3311.86,904.56,37.69,95864,38.585826,-121.376263,0.0,98.75,838.0,0,24,0.0,0.0,0.0,2.0,0,2.0,2.0,18.0,1
480.75,607.45,126.7,18.1,95501,40.796621,-124.15428,0.0,75.45,309.0,0,7,0.0,0.0,0.0,2.0,0,0.0,0.0,15.0,1
7534.65,10308.75,2774.1,39.63,91356,34.157137,-118.548511,1.0,109.5,979.0,1,70,2.0,2.0,2.0,2.0,0,2.0,2.0,26.0,1
450.8,614.25,163.45,23.35,96136,40.345949,-120.081187,0.0,70.75,1054.0,0,7,2.0,0.0,0.0,1.0,0,0.0,2.0,6.0,1
4600.7,5969.39,1368.69,31.83,92027,33.141265,-116.967221,0.0,108.15,305.0,0,43,2.0,2.0,2.0,2.0,0,0.0,0.0,10.0,1
1183.8,1183.8,0.0,0.0,92309,35.28952,-116.092214,0.0,44.45,55.0,0,26,2.0,0.0,0.0,0.0,0,2.0,0.0,29.0,0
85.5,93.54,8.04,2.01,92028,33.362575,-117.299644,0.0,20.95,315.0,0,4,1.0,1.0,1.0,3.0,0,1.0,1.0,0.0,1
25.05,25.05,0.0,0.0,95984,40.022184,-121.062384,0.0,25.05,1014.0,0,1,0.0,0.0,0.0,1.0,0,0.0,0.0,21.0,1
80.2,81.43,1.23,1.23,94533,38.287136,-122.02711,0.0,80.2,313.0,0,1,0.0,0.0,2.0,2.0,0,0.0,0.0,69.0,1
1058.6,1343.04,284.44,21.88,95831,38.494832,-121.529447,0.0,84.45,838.0,0,13,0.0,0.0,2.0,2.0,0,2.0,0.0,4.0,1
5129.45,6833.15,1703.7,31.55,96114,40.294034,-120.512622,2.0,97.2,456.0,0,54,0.0,0.0,2.0,2.0,0,0.0,2.0,8.0,0
1993.8,2261.98,268.18,12.19,95955,39.281194,-122.226568,0.0,70.5,588.0,0,22,2.0,0.0,0.0,2.0,0,0.0,0.0,23.0,1
812.4,812.4,0.0,0.0,96015,41.486953,-120.913975,1.0,46.4,146.0,2,18,0.0,0.0,2.0,1.0,2,2.0,0.0,59.0,0
66.95,66.95,0.0,0.0,94960,37.99272,-122.575026,0.0,24.75,846.0,0,3,0.0,0.0,0.0,1.0,0,0.0,0.0,18.0,1
2239.4,3001.91,762.51,36.31,94118,37.781304,-122.461522,1.0,104.55,855.0,0,21,2.0,0.0,2.0,2.0,0,2.0,2.0,27.0,0
181.7,223.68,41.98,20.99,95683,38.470423,-121.114897,0.0,94.0,922.0,0,2,0.0,0.0,0.0,2.0,0,0.0,2.0,22.0,1
221.9,221.9,0.0,0.0,96052,40.704293,-122.803899,0.0,29.4,525.0,0,8,0.0,0.0,0.0,1.0,0,2.0,0.0,4.0,1
55.0,87.74,32.74,32.74,95971,39.971228,-121.041166,0.0,55.0,790.0,0,1,0.0,0.0,0.0,1.0,0,0.0,0.0,26.0,1
1790.65,2526.77,736.12,33.46,92364,35.478736,-115.516984,0.0,80.15,669.0,5,22,0.0,0.0,0.0,2.0,3,0.0,2.0,29.0,0
1875.55,1988.22,112.67,5.93,96126,39.559709,-120.345639,1.0,100.95,919.0,1,19,2.0,0.0,0.0,2.0,0,0.0,2.0,51.0,1
2496.7,2574.22,77.52,3.23,94104,37.791222,-122.402241,0.0,102.95,855.0,0,24,0.0,0.0,2.0,2.0,0,2.0,0.0,26.0,1
319.85,345.85,26.0,6.5,90026,34.078991,-118.263804,0.0,80.15,552.0,0,4,0.0,2.0,0.0,2.0,0,0.0,0.0,73.0,0
2471.6,3355.72,884.12,28.52,96017,41.121108,-122.336613,2.0,80.55,169.0,9,31,2.0,0.0,2.0,1.0,0,0.0,2.0,2.0,0
102.5,102.5,0.0,0.0,94602,37.803883,-122.208417,0.0,25.2,688.0,0,4,0.0,0.0,0.0,1.0,0,0.0,0.0,19.0,1
2683.2,3606.07,922.87,29.77,95842,38.687367,-121.34848,0.0,88.65,838.0,9,31,0.0,0.0,0.0,2.0,0,2.0,0.0,12.0,0
470.6,470.6,0.0,0.0,94306,37.416159,-122.131337,1.0,41.6,723.0,0,11,0.0,0.0,0.0,1.0,0,2.0,0.0,5.0,1
471.7,793.45,321.75,12.87,92021,32.832706,-116.873258,0.0,20.05,284.0,0,25,1.0,1.0,1.0,3.0,3,1.0,1.0,0.0,0
550.1,614.9,64.8,2.4,95937,38.931425,-121.946081,2.0,19.9,275.0,1,27,1.0,1.0,1.0,3.0,3,1.0,1.0,0.0,0
208.0,522.82,314.82,28.62,95014,37.306612,-122.080621,0.0,20.25,235.0,0,11,1.0,1.0,1.0,3.0,0,1.0,1.0,0.0,0
1238.45,1431.29,192.84,16.07,92518,33.888323,-117.277533,0.0,99.7,579.0,0,12,0.0,2.0,2.0,2.0,0,2.0,2.0,14.0,1
75.45,87.03,11.58,11.58,92117,32.825086,-117.199424,0.0,75.45,852.0,0,1,0.0,0.0,0.0,2.0,0,0.0,0.0,15.0,1
6049.5,6665.1,615.6,11.4,92320,33.982787,-117.057627,1.0,114.65,133.0,7,54,2.0,2.0,2.0,2.0,0,2.0,2.0,26.0,0
1600.25,2317.95,667.7,30.35,92028,33.362575,-117.299644,0.0,78.85,315.0,0,22,0.0,0.0,2.0,2.0,0,0.0,0.0,10.0,0
2602.9,3657.38,1054.48,37.66,95448,38.618347,-122.908422,0.0,92.35,409.0,1,28,0.0,2.0,0.0,2.0,0,0.0,2.0,20.0,1
2548.55,3479.07,930.52,21.64,95140,37.382909,-121.634151,2.0,60.0,640.0,0,43,0.0,0.0,2.0,1.0,0,0.0,2.0,13.0,0
86.6,86.6,0.0,0.0,92592,33.507255,-117.029473,0.0,24.45,984.0,0,4,0.0,0.0,0.0,1.0,0,0.0,0.0,9.0,1
1096.6,1096.6,0.0,0.0,93283,35.55647,-118.244914,1.0,39.1,1053.0,2,28,0.0,0.0,2.0,1.0,3,0.0,2.0,21.0,0
795.65,888.93,93.28,8.48,95936,39.578792,-120.780786,0.0,79.5,267.0,0,11,0.0,2.0,0.0,2.0,0,2.0,0.0,52.0,0
1003.05,1996.44,996.2,49.81,92154,32.578103,-117.012975,0.0,50.0,852.0,0,20,2.0,0.0,0.0,1.0,0,0.0,0.0,4.0,0
50.65,65.43,14.78,14.78,92122,32.85723,-117.209774,0.0,50.65,852.0,0,1,0.0,0.0,2.0,1.0,0,0.0,2.0,59.0,1
573.75,861.15,287.4,47.9,92121,32.898613,-117.202937,0.0,95.75,852.0,0,6,0.0,0.0,0.0,2.0,0,2.0,0.0,6.0,1
43.3,43.3,0.0,0.0,91335,34.200175,-118.540958,0.0,43.3,813.0,0,1,0.0,0.0,2.0,1.0,0,2.0,0.0,26.0,1
814.75,1215.27,400.52,10.54,93720,36.878709,-119.7645,1.0,20.25,349.0,1,38,1.0,1.0,1.0,3.0,0,1.0,1.0,0.0,0
3233.6,4608.44,1374.84,36.18,96039,41.831901,-123.487478,0.0,83.9,402.0,0,38,0.0,2.0,2.0,2.0,0,2.0,2.0,48.0,1
134.7,210.14,75.44,37.72,96126,39.559709,-120.345639,0.0,69.8,919.0,0,2,0.0,0.0,0.0,2.0,0,0.0,0.0,27.0,1
19.25,32.06,12.81,12.81,93277,36.303793,-119.375646,0.0,19.25,1038.0,0,1,1.0,1.0,1.0,3.0,7,1.0,1.0,0.0,1
390.85,551.95,161.1,8.95,90680,33.801869,-117.995068,1.0,20.15,949.0,0,18,1.0,1.0,1.0,3.0,0,1.0,1.0,0.0,1
4968.0,5694.32,726.32,12.97,93207,35.865795,-118.69759,1.0,88.9,132.0,4,56,0.0,0.0,0.0,2.0,1,0.0,2.0,28.0,0
5610.7,7082.2,1471.5,29.43,93667,36.993666,-119.348267,1.0,108.55,995.0,1,50,2.0,2.0,2.0,2.0,0,0.0,2.0,14.0,1
415.1,824.96,409.86,17.82,92242,34.137742,-114.36514,1.0,20.05,281.0,10,23,1.0,1.0,1.0,3.0,0,1.0,1.0,0.0,0
1327.85,1535.77,207.92,9.04,91602,34.15136,-118.364786,1.0,55.8,674.0,0,23,0.0,0.0,2.0,1.0,0,2.0,0.0,8.0,0
47.7,110.6,62.9,31.45,92869,33.792791,-117.789749,1.0,19.95,701.0,0,2,1.0,1.0,1.0,3.0,0,1.0,1.0,0.0,0
7209.0,9600.99,2391.99,33.69,91506,34.169706,-118.323548,2.0,100.2,119.0,1,71,2.0,2.0,2.0,2.0,1,2.0,0.0,27.0,0
1911.5,3075.66,1164.16,17.12,96124,39.672813,-120.456699,2.0,25.8,137.0,8,68,1.0,1.0,1.0,3.0,0,1.0,1.0,0.0,0
6770.85,9222.48,2451.63,34.53,90814,33.771612,-118.143866,1.0,95.15,546.0,3,71,2.0,2.0,2.0,2.0,1,2.0,0.0,19.0,0
852.7,852.7,0.0,0.0,93402,35.279984,-120.824288,0.0,25.05,557.0,0,34,0.0,0.0,0.0,0.0,0,0.0,0.0,28.0,0
7318.2,10690.92,3372.72,48.88,93110,34.437945,-119.77191,2.0,108.4,882.0,1,69,2.0,0.0,2.0,2.0,0,2.0,0.0,4.0,1
4824.45,6598.53,1774.08,31.68,92626,33.678591,-117.905471,2.0,85.65,221.0,8,56,2.0,2.0,2.0,1.0,0,2.0,0.0,30.0,0
4818.8,5240.56,421.76,6.59,95444,38.434362,-122.86891,2.0,76.1,379.0,4,64,2.0,0.0,2.0,0.0,0,2.0,0.0,20.0,0
67.55,140.67,73.12,18.28,95203,37.954089,-121.329761,0.0,19.65,954.0,0,4,1.0,1.0,1.0,3.0,0,1.0,1.0,0.0,0
536.4,799.2,262.8,43.8,93013,34.441398,-119.513163,0.0,93.55,162.0,0,6,0.0,0.0,0.0,2.0,0,0.0,2.0,5.0,1
4959.6,5239.0,279.4,5.08,95209,38.044523,-121.348048,0.0,89.8,954.0,2,55,0.0,2.0,0.0,2.0,0,0.0,0.0,9.0,0
4138.9,5867.56,1728.66,36.78,92661,33.601309,-117.902304,1.0,70.5,662.0,0,47,2.0,2.0,2.0,1.0,0,2.0,2.0,25.0,0
44.6,89.88,45.28,45.28,95351,37.621458,-121.012295,0.0,44.6,620.0,0,1,0.0,0.0,0.0,1.0,0,0.0,0.0,2.0,0
609.9,993.18,383.28,47.91,92109,32.787836,-117.232376,0.0,74.5,852.0,1,8,0.0,2.0,0.0,2.0,0,0.0,0.0,23.0,1
762.25,990.41,228.16,14.26,90036,34.070291,-118.349191,0.0,50.15,552.0,0,16,0.0,2.0,0.0,1.0,0,0.0,0.0,53.0,1
46.35,135.03,88.68,44.34,95932,39.273096,-122.050763,0.0,19.35,209.0,0,2,1.0,1.0,1.0,3.0,0,1.0,1.0,0.0,0
5315.1,6388.38,1073.28,22.36,95614,38.880622,-120.973865,0.0,111.45,213.0,9,48,0.0,2.0,2.0,2.0,0,2.0,2.0,59.0,0
2283.3,3475.7,1142.4,28.56,93610,37.100948,-120.270136,1.0,55.8,187.0,8,40,0.0,0.0,0.0,1.0,0,0.0,2.0,18.0,0
50.75,75.41,24.66,24.66,92253,33.695532,-116.310571,0.0,50.75,492.0,0,1,0.0,0.0,0.0,1.0,0,0.0,0.0,26.0,0
80.95,102.57,21.62,10.81,90505,33.807882,-118.347957,0.0,45.4,999.0,0,2,0.0,0.0,0.0,0.0,0,0.0,0.0,13.0,0
195.05,258.87,63.82,31.91,90263,34.037037,-118.705803,0.0,79.6,573.0,0,2,0.0,0.0,0.0,0.0,0,0.0,0.0,30.0,1
1679.25,3201.33,1522.08,21.14,94565,38.006047,-121.916834,2.0,23.75,762.0,7,72,1.0,1.0,1.0,3.0,1,1.0,1.0,0.0,0
780.25,963.73,183.48,4.17,94305,37.424342,-122.165641,0.0,19.6,948.0,1,44,1.0,1.0,1.0,3.0,2,1.0,1.0,0.0,0
306.6,369.04,42.44,10.61,92028,33.362575,-117.299644,0.0,74.4,315.0,0,4,0.0,0.0,0.0,2.0,0,0.0,0.0,8.0,1
1067.15,1200.55,133.4,5.8,95636,38.636102,-120.522149,1.0,48.35,389.0,1,23,0.0,0.0,0.0,1.0,0,0.0,0.0,12.0,1
71.15,115.9,24.75,24.75,92210,33.537646,-116.291089,0.0,71.15,444.0,0,1,0.0,0.0,0.0,2.0,0,0.0,0.0,22.0,1
4738.3,6366.42,1628.12,31.31,92590,33.475493,-117.219551,1.0,91.25,984.0,0,52,0.0,2.0,0.0,2.0,0,2.0,0.0,12.0,0
1218.25,1850.57,632.32,39.52,90024,34.066303,-118.435479,0.0,78.75,552.0,0,16,0.0,0.0,0.0,2.0,0,0.0,2.0,17.0,0
5714.2,6296.46,583.57,8.71,90805,33.864622,-118.179626,2.0,85.25,546.0,0,67,2.0,2.0,0.0,1.0,0,2.0,2.0,41.0,0
167.3,195.58,28.28,14.14,92027,33.141265,-116.967221,0.0,85.85,305.0,0,2,0.0,0.0,0.0,2.0,0,2.0,2.0,28.0,1
168.65,232.98,64.33,9.19,95043,36.525703,-120.952122,0.0,19.4,717.0,0,7,1.0,1.0,1.0,3.0,0,1.0,1.0,0.0,0
73.55,110.47,36.92,36.92,94114,37.758085,-122.434801,0.0,73.55,855.0,0,1,0.0,0.0,0.0,2.0,0,0.0,0.0,6.0,1
6444.05,7562.3,1118.25,17.75,93701,36.749403,-119.787574,0.0,102.4,349.0,1,63,0.0,0.0,2.0,2.0,0,2.0,2.0,15.0,0
762.45,1924.26,1161.81,29.79,95328,37.555631,-120.911653,2.0,70.5,471.0,0,39,1.0,1.0,1.0,3.0,0,1.0,1.0,0.0,0
324.3,496.54,172.24,43.06,95237,38.166791,-121.14207,0.0,79.9,537.0,0,4,0.0,0.0,0.0,2.0,0,0.0,2.0,46.0,1
2136.9,3505.75,1368.85,39.11,95693,38.392559,-121.225093,0.0,59.45,1077.0,0,35,0.0,2.0,2.0,1.0,3,0.0,0.0,23.0,0
309.35,680.72,377.86,26.99,90814,33.771612,-118.143866,1.0,19.75,546.0,6,14,1.0,1.0,1.0,3.0,2,1.0,1.0,0.0,0
142.35,167.39,25.04,12.52,95542,40.057784,-123.679461,0.0,70.65,354.0,0,2,0.0,0.0,0.0,2.0,0,0.0,0.0,25.0,1
7173.15,9308.35,2135.2,31.4,95635,38.921333,-120.897718,2.0,105.25,385.0,3,68,0.0,2.0,2.0,2.0,2,2.0,2.0,19.0,0
385.0,442.7,57.7,11.54,92036,32.980678,-116.262854,0.0,80.15,461.0,1,5,0.0,0.0,2.0,2.0,1,0.0,0.0,19.0,1
1704.95,1796.75,91.8,5.4,96050,41.816595,-122.948287,1.0,98.6,477.0,1,17,2.0,0.0,0.0,2.0,0,2.0,2.0,8.0,1
50.45,74.15,23.7,23.7,95223,38.32153,-120.236358,0.0,50.45,39.0,0,1,0.0,0.0,0.0,0.0,0,2.0,0.0,17.0,1
1285.05,1852.65,567.6,37.84,95735,38.805481,-120.13287,2.0,94.65,1017.0,5,15,0.0,0.0,2.0,2.0,0,0.0,2.0,19.0,0
1070.25,1576.75,506.5,10.13,96119,41.042003,-120.506086,2.0,20.55,569.0,10,50,1.0,1.0,1.0,3.0,3,1.0,1.0,0.0,0
1126.35,1126.35,0.0,0.0,90605,33.960891,-118.032222,2.0,31.05,1069.0,0,36,0.0,2.0,0.0,0.0,0,0.0,0.0,27.0,0
20.15,53.73,33.58,33.58,90024,34.066303,-118.435479,0.0,20.15,552.0,0,1,1.0,1.0,1.0,3.0,0,1.0,1.0,0.0,1
460.25,462.84,51.54,8.59,94928,38.34719,-122.697822,0.0,82.85,830.0,3,6,0.0,0.0,0.0,2.0,0,0.0,0.0,28.0,1
74.9,134.7,49.8,24.9,92028,33.362575,-117.299644,0.0,44.65,315.0,0,2,0.0,0.0,0.0,1.0,0,0.0,0.0,11.0,1
1430.95,4600.72,3169.77,47.31,95555,41.336354,-124.044354,2.0,20.5,705.0,0,67,1.0,1.0,1.0,3.0,0,1.0,1.0,0.0,0
1358.85,1412.9,88.14,6.78,95646,38.631489,-120.015167,0.0,100.35,475.0,0,13,0.0,2.0,0.0,2.0,0,0.0,2.0,26.0,1
85.55,118.89,33.34,33.34,93427,34.631362,-120.238218,0.0,85.55,117.0,0,1,0.0,0.0,0.0,2.0,0,2.0,0.0,4.0,1
394.1,394.1,0.0,0.0,93720,36.878709,-119.7645,0.0,30.85,349.0,0,13,0.0,2.0,0.0,0.0,0,0.0,0.0,7.0,0
19.45,48.6,29.15,29.15,91360,34.214054,-118.88109,0.0,19.45,992.0,0,1,1.0,1.0,1.0,3.0,0,1.0,1.0,0.0,0
3704.15,5985.23,2181.08,49.57,95717,39.170376,-120.838404,1.0,85.25,371.0,0,44,2.0,0.0,2.0,0.0,0,2.0,2.0,21.0,0
653.95,888.22,234.27,26.03,91791,34.061634,-117.893169,0.0,69.05,1056.0,4,9,0.0,0.0,2.0,0.0,0,2.0,2.0,59.0,0
2896.4,4524.08,1627.68,33.91,95405,38.439696,-122.668817,1.0,60.35,891.0,0,48,2.0,2.0,0.0,1.0,0,2.0,0.0,13.0,1
2264.05,2585.17,321.12,13.38,93627,36.520537,-120.118055,0.0,93.55,412.0,1,24,0.0,0.0,0.0,2.0,0,0.0,2.0,12.0,1
654.85,750.49,95.64,7.97,94569,38.035707,-122.196821,0.0,56.65,778.0,0,12,2.0,2.0,0.0,0.0,0,0.0,0.0,10.0,1
6130.85,9298.85,3168.0,44.0,92404,34.183286,-117.221722,2.0,84.5,848.0,4,72,0.0,0.0,0.0,2.0,2,0.0,2.0,20.0,0
4233.95,6246.87,2012.92,38.71,95573,40.949012,-123.655847,2.0,80.95,1073.0,0,52,2.0,0.0,0.0,1.0,0,2.0,2.0,21.0,0
4214.25,4214.25,0.0,0.0,90620,33.845706,-118.012204,2.0,58.35,118.0,0,70,2.0,2.0,0.0,1.0,0,2.0,2.0,13.0,0
70.6,115.19,44.59,44.59,91768,34.067932,-117.785168,0.0,70.6,776.0,0,1,0.0,0.0,0.0,2.0,0,0.0,0.0,41.0,1
4398.15,6286.63,1888.48,42.92,95948,39.346898,-121.759537,0.0,100.55,387.0,0,44,2.0,0.0,2.0,2.0,0,0.0,2.0,23.0,1
480.75,607.45,126.7,18.1,95501,40.796621,-124.15428,0.0,75.45,309.0,0,7,0.0,0.0,0.0,2.0,0,0.0,0.0,15.0,1
2274.9,3679.78,1404.88,41.32,90026,34.078991,-118.263804,0.0,62.65,552.0,1,34,2.0,2.0,2.0,0.0,0,0.0,0.0,71.0,1
3893.6,3959.2,65.6,1.6,90222,33.912246,-118.236773,0.0,94.3,211.0,10,41,0.0,2.0,2.0,2.0,2,0.0,0.0,59.0,0
93.7,176.56,82.86,41.43,90044,33.952714,-118.292061,0.0,44.7,552.0,0,2,0.0,0.0,0.0,0.0,0,0.0,0.0,20.0,1
1730.65,4116.96,2386.31,33.61,90034,34.030578,-118.399613,2.0,24.45,552.0,2,71,1.0,1.0,1.0,3.0,0,1.0,1.0,0.0,0
69.85,81.98,12.13,12.13,95232,38.358464,-120.579304,0.0,69.85,365.0,0,1,0.0,0.0,0.0,2.0,0,0.0,0.0,19.0,1
150.75,191.63,40.88,5.84,90715,33.841027,-118.078097,0.0,20.45,509.0,3,7,1.0,1.0,1.0,3.0,1,1.0,1.0,0.0,0
7795.95,10915.85,3119.9,44.57,94038,37.515556,-122.502311,2.0,111.95,638.0,0,70,2.0,2.0,2.0,2.0,0,2.0,2.0,26.0,0
1358.85,1412.9,88.14,6.78,95646,38.631489,-120.015167,0.0,100.35,475.0,0,13,0.0,2.0,0.0,2.0,0,0.0,2.0,26.0,1
2882.25,4533.69,1651.44,39.32,91722,34.097345,-117.906736,1.0,67.7,227.0,0,42,2.0,2.0,2.0,0.0,0,0.0,2.0,20.0,0
69.5,77.81,8.31,8.31,95983,40.053684,-120.743116,0.0,69.5,980.0,0,1,0.0,0.0,0.0,2.0,0,0.0,0.0,27.0,1
2067.0,3269.24,1202.24,46.24,93256,35.957019,-119.330928,2.0,85.7,763.0,4,26,0.0,0.0,0.0,2.0,0,2.0,0.0,4.0,0
1115.15,1532.87,417.72,34.81,92126,32.886925,-117.152162,1.0,95.5,852.0,0,12,0.0,0.0,0.0,2.0,0,2.0,2.0,16.0,1
249.95,455.45,185.5,37.1,92028,33.362575,-117.299644,0.0,50.6,315.0,0,5,0.0,0.0,0.0,0.0,0,0.0,0.0,2.0,1
280.0,280.0,0.0,0.0,90803,33.760458,-118.129725,2.0,38.55,546.0,5,7,0.0,2.0,2.0,0.0,0,2.0,0.0,58.0,0
70.1,116.27,46.17,46.17,95322,37.147198,-121.120161,0.0,70.1,397.0,0,1,0.0,0.0,0.0,2.0,0,0.0,0.0,30.0,1
1290.0,1537.39,247.39,19.03,95618,38.544002,-121.685559,0.0,95.05,244.0,0,13,0.0,0.0,0.0,2.0,0,0.0,2.0,24.0,1
389.1,492.18,103.08,17.18,95695,38.71967,-121.862416,0.0,56.25,1090.0,0,6,0.0,2.0,2.0,1.0,0,0.0,0.0,22.0,1
2874.45,3882.89,1008.44,29.66,92256,34.097863,-116.594561,0.0,85.2,636.0,4,34,0.0,0.0,0.0,2.0,0,2.0,0.0,29.0,0
4819.75,6346.19,1526.44,24.62,91024,34.168686,-118.057505,2.0,79.95,918.0,9,62,2.0,2.0,0.0,1.0,0,2.0,0.0,29.0,0
434.1,507.56,53.46,8.91,93218,35.846067,-119.004073,0.0,74.4,271.0,0,6,0.0,0.0,0.0,2.0,0,2.0,0.0,27.0,1
147.15,239.61,92.46,46.23,91731,34.079934,-118.046695,0.0,70.4,289.0,1,2,0.0,0.0,0.0,2.0,0,0.0,0.0,21.0,1
74.2,123.15,48.95,48.95,92570,33.787298,-117.320676,0.0,74.2,743.0,0,1,0.0,0.0,0.0,2.0,0,0.0,0.0,23.0,1
2030.3,2907.77,887.67,42.27,92239,33.889605,-115.257009,0.0,70.5,254.0,0,21,0.0,0.0,0.0,2.0,0,2.0,0.0,7.0,1
2680.15,3932.15,1152.0,32.0,95521,40.839958,-124.003757,1.0,75.55,37.0,0,36,2.0,2.0,2.0,0.0,0,2.0,2.0,23.0,0
19.65,25.73,6.08,6.08,94931,38.326215,-122.718742,0.0,19.65,222.0,0,1,1.0,1.0,1.0,3.0,0,1.0,1.0,0.0,1
4459.15,5568.49,1132.95,17.43,93241,35.245035,-118.905553,2.0,69.55,510.0,10,65,0.0,2.0,2.0,1.0,0,0.0,2.0,30.0,0
1242.25,1394.31,180.48,7.52,92119,32.802959,-117.027095,1.0,54.6,852.0,0,24,2.0,0.0,0.0,0.0,0,0.0,0.0,85.0,0
1359.5,4331.48,2971.98,45.03,95607,38.681651,-122.130569,1.0,20.35,151.0,9,66,1.0,1.0,1.0,3.0,0,1.0,1.0,0.0,0
369.3,456.58,87.28,10.91,95608,38.626128,-121.328011,0.0,44.45,160.0,0,8,0.0,0.0,0.0,1.0,0,0.0,0.0,16.0,0
577.6,593.2,15.6,2.6,92109,32.787836,-117.232376,0.0,89.3,852.0,0,6,0.0,0.0,0.0,2.0,0,0.0,2.0,22.0,1
3937.45,3937.45,0.0,0.0,95837,38.691607,-121.602284,2.0,54.2,838.0,1,72,0.0,0.0,2.0,0.0,0,2.0,2.0,15.0,1
1893.95,2180.15,286.2,10.6,94588,37.685052,-121.912061,0.0,75.5,771.0,1,27,0.0,0.0,0.0,2.0,0,0.0,0.0,23.0,1
1737.45,2767.5,1030.05,49.05,92509,34.004379,-117.447864,0.0,84.1,827.0,0,21,0.0,0.0,0.0,2.0,0,0.0,2.0,9.0,0
55.0,87.74,32.74,32.74,95971,39.971228,-121.041166,0.0,55.0,790.0,0,1,0.0,0.0,0.0,1.0,0,0.0,0.0,26.0,1
1821.8,2472.71,667.76,9.82,96011,41.096569,-121.879082,2.0,25.5,82.0,0,68,1.0,1.0,1.0,3.0,0,1.0,1.0,0.0,0
80.5,116.27,35.77,35.77,95385,37.609095,-121.263381,0.0,80.5,1034.0,0,1,0.0,0.0,0.0,2.0,0,0.0,2.0,69.0,1
4065.0,5029.38,824.38,17.54,92249,32.730583,-115.501083,0.0,83.35,410.0,1,47,0.0,0.0,2.0,2.0,0,2.0,2.0,59.0,1
93.45,210.01,116.56,29.14,93722,36.78979,-119.929894,0.0,19.6,349.0,1,4,1.0,1.0,1.0,3.0,0,1.0,1.0,0.0,0
469.25,639.41,140.16,17.52,95736,39.00978,-120.978273,1.0,58.2,1052.0,0,8,2.0,2.0,2.0,1.0,0,0.0,0.0,28.0,0
4107.3,6234.94,2127.64,49.48,95134,37.42765,-121.945416,0.0,94.1,861.0,9,43,0.0,2.0,2.0,2.0,0,0.0,2.0,11.0,0
1201.15,1650.74,339.43,26.11,90621,33.874224,-117.993368,0.0,90.5,118.0,0,13,0.0,0.0,0.0,2.0,0,0.0,2.0,4.0,1
3877.65,4989.41,1111.76,21.38,94928,38.34719,-122.697822,1.0,74.0,830.0,0,52,2.0,2.0,0.0,0.0,0,2.0,0.0,21.0,0
893.0,1206.56,313.56,26.13,95030,37.222842,-121.988727,0.0,76.6,554.0,0,12,0.0,0.0,0.0,2.0,1,0.0,0.0,23.0,0
180.25,206.17,25.92,12.96,95930,39.562239,-121.14836,0.0,95.1,198.0,0,2,2.0,0.0,2.0,2.0,0,2.0,0.0,20.0,1
4116.15,5882.65,1766.5,35.33,92113,32.697098,-117.116587,0.0,84.4,852.0,1,50,0.0,0.0,0.0,2.0,0,0.0,0.0,17.0,1
275.7,785.58,509.88,36.42,93546,37.550074,-118.837167,1.0,20.4,574.0,0,14,1.0,1.0,1.0,3.0,0,1.0,1.0,0.0,0
1838.15,1838.15,0.0,0.0,93405,35.236549,-120.727344,0.0,39.2,867.0,8,49,0.0,2.0,0.0,1.0,2,0.0,2.0,47.0,0
1567.55,1668.56,71.01,2.63,95138,37.246064,-121.749494,1.0,56.2,861.0,0,27,0.0,2.0,2.0,1.0,2,0.0,0.0,59.0,0
2659.45,4155.97,1496.52,41.57,95937,38.931425,-121.946081,2.0,74.9,275.0,0,36,0.0,0.0,0.0,2.0,0,0.0,0.0,10.0,0
1023.9,1613.18,589.28,36.83,95838,38.646096,-121.442433,0.0,59.4,838.0,0,16,2.0,0.0,0.0,1.0,0,0.0,0.0,16.0,1
4576.3,5783.45,1137.15,18.05,91901,32.827184,-116.703729,1.0,71.5,16.0,0,63,2.0,2.0,2.0,1.0,0,2.0,0.0,11.0,0
3532.25,4878.65,1346.4,33.66,95227,38.227285,-121.02789,0.0,83.85,196.0,0,40,0.0,0.0,0.0,2.0,0,0.0,2.0,20.0,0
2293.6,3010.51,716.91,31.17,92130,32.957195,-117.202542,0.0,94.75,852.0,0,23,0.0,0.0,2.0,2.0,0,0.0,0.0,23.0,1
5903.15,8403.59,2500.44,37.32,92027,33.141265,-116.967221,1.0,88.8,305.0,0,67,2.0,2.0,2.0,1.0,0,2.0,2.0,59.0,0
35.85,95.47,59.62,29.81,93901,36.64152,-121.622188,0.0,19.6,841.0,0,2,1.0,1.0,1.0,3.0,5,1.0,1.0,0.0,1
2368.4,2949.4,581.0,23.24,91730,34.10097,-117.57882,0.0,89.1,795.0,1,25,0.0,0.0,0.0,2.0,0,2.0,2.0,25.0,1
1043.3,1409.7,366.4,22.9,92230,33.929812,-116.76058,2.0,69.65,127.0,0,16,0.0,0.0,0.0,2.0,0,0.0,0.0,24.0,0
2868.15,3102.36,234.21,6.33,90602,33.972119,-118.020188,0.0,76.5,1069.0,1,37,0.0,0.0,0.0,2.0,1,0.0,0.0,14.0,1
5199.8,7857.14,2657.34,46.62,93631,36.478239,-119.52137,1.0,90.65,474.0,10,57,0.0,0.0,2.0,2.0,0,2.0,0.0,4.0,0
1955.4,2245.47,290.07,8.79,92620,33.716136,-117.752574,1.0,58.45,449.0,8,33,0.0,2.0,2.0,0.0,0,2.0,0.0,27.0,0
867.1,1199.85,365.4,24.36,96023,41.949216,-122.050062,0.0,59.65,262.0,6,15,2.0,0.0,0.0,1.0,2,2.0,0.0,59.0,0
806.95,2342.81,1535.86,37.46,95979,39.288127,-122.415841,1.0,19.75,955.0,0,41,1.0,1.0,1.0,3.0,0,1.0,1.0,0.0,0
572.2,1909.68,1337.48,46.12,94930,37.971751,-122.611873,1.0,19.8,312.0,0,29,1.0,1.0,1.0,3.0,0,1.0,1.0,0.0,0
7176.55,8645.19,1478.32,21.74,94950,38.052209,-122.775567,1.0,108.45,697.0,0,68,2.0,0.0,2.0,2.0,0,2.0,2.0,73.0,1
4265.0,5174.36,909.36,12.63,95765,38.823278,-121.281856,2.0,59.75,828.0,0,72,0.0,2.0,2.0,1.0,0,0.0,0.0,23.0,0
474.8,647.25,172.45,34.49,91773,34.102119,-117.815532,0.0,85.2,853.0,0,5,0.0,0.0,0.0,2.0,0,0.0,2.0,46.0,1
2401.05,2481.24,80.19,2.97,92028,33.362575,-117.299644,2.0,86.45,315.0,0,27,0.0,0.0,2.0,2.0,0,2.0,0.0,4.0,0
1120.95,1539.99,419.04,34.92,94066,37.624436,-122.430661,0.0,98.9,849.0,0,12,2.0,2.0,0.0,0.0,0,0.0,2.0,23.0,1
4464.8,4464.8,0.0,0.0,93234,36.217864,-120.080117,2.0,63.7,436.0,0,72,2.0,2.0,2.0,0.0,0,2.0,2.0,14.0,0
383.65,736.48,352.83,18.57,92585,33.739412,-117.173334,1.0,20.25,964.0,0,19,1.0,1.0,1.0,3.0,0,1.0,1.0,0.0,0
220.1,338.24,118.14,39.38,91103,34.167465,-118.165327,0.0,69.65,732.0,0,3,0.0,0.0,0.0,2.0,0,0.0,0.0,23.0,1
98.5,111.44,12.94,6.47,95828,38.486938,-121.395805,0.0,45.15,838.0,0,2,0.0,0.0,0.0,1.0,0,0.0,0.0,21.0,1
294.45,311.61,17.16,4.29,93626,37.027663,-119.69056,2.0,74.45,350.0,0,4,0.0,0.0,0.0,2.0,0,0.0,0.0,7.0,0
1671.6,2135.2,463.6,23.18,92398,35.013299,-116.834092,1.0,81.45,1094.0,0,20,0.0,0.0,0.0,2.0,0,0.0,2.0,21.0,0
195.3,435.9,160.6,40.15,95365,37.329725,-120.306399,0.0,54.3,766.0,0,4,0.0,0.0,0.0,1.0,0,0.0,2.0,19.0,1
91.1,160.5,29.4,14.7,94972,38.339996,-122.935056,0.0,49.05,1027.0,0,2,0.0,0.0,2.0,1.0,0,0.0,0.0,13.0,1
5574.75,6202.64,636.02,10.78,93665,36.959731,-120.653519,0.0,93.85,937.0,0,59,0.0,0.0,0.0,2.0,0,0.0,0.0,15.0,1
940.35,1465.16,524.81,40.37,95019,36.936228,-121.785559,0.0,74.3,345.0,0,13,0.0,0.0,0.0,2.0,0,2.0,0.0,21.0,1
78.05,117.46,29.41,29.41,93601,37.375816,-119.739935,0.0,78.05,6.0,0,1,0.0,0.0,0.0,2.0,0,0.0,2.0,59.0,1
1167.8,2096.12,928.32,38.68,96068,41.082472,-121.195215,0.0,49.7,680.0,0,24,0.0,0.0,0.0,1.0,0,2.0,0.0,73.0,0
24.8,24.8,0.0,0.0,91207,34.182378,-118.262922,0.0,70.5,366.0,4,1,0.0,0.0,0.0,1.0,0,0.0,2.0,29.0,1
8058.55,9206.23,1147.68,15.94,93436,34.601055,-120.382917,2.0,114.3,544.0,1,72,2.0,2.0,2.0,2.0,1,2.0,2.0,13.0,0
19.65,36.9,17.25,17.25,92411,34.122501,-117.320138,0.0,19.65,848.0,0,1,1.0,1.0,1.0,3.0,0,1.0,1.0,0.0,1
3084.9,3922.8,837.9,22.05,92882,33.819385,-117.600213,2.0,81.0,217.0,1,38,2.0,2.0,0.0,0.0,0,2.0,2.0,73.0,0
4385.05,4955.2,570.15,12.67,96123,40.845738,-120.322219,2.0,97.05,801.0,0,45,2.0,2.0,2.0,2.0,0,0.0,0.0,4.0,0
966.55,1180.75,214.2,17.85,92028,33.362575,-117.299644,0.0,84.05,315.0,0,12,0.0,0.0,0.0,2.0,1,0.0,0.0,19.0,0
2602.9,3657.38,1054.48,37.66,95448,38.618347,-122.908422,0.0,92.35,409.0,1,28,0.0,2.0,0.0,2.0,0,0.0,2.0,20.0,1
1863.8,1898.05,34.25,1.37,95131,37.387027,-121.897775,1.0,74.3,861.0,0,25,2.0,2.0,2.0,1.0,0,2.0,0.0,21.0,1
966.25,1520.31,554.06,42.62,95129,37.305622,-122.000887,1.0,74.65,861.0,0,13,0.0,0.0,2.0,2.0,0,0.0,0.0,15.0,0
4370.25,6841.83,2471.58,45.77,95525,40.94338,-123.831799,0.0,79.5,93.0,0,54,0.0,0.0,2.0,2.0,0,0.0,0.0,10.0,1
5943.65,6867.8,924.15,15.15,95041,37.051166,-122.056194,0.0,99.4,641.0,1,61,2.0,2.0,0.0,2.0,0,2.0,0.0,28.0,0
1261.0,1886.95,625.95,48.15,90019,34.049841,-118.33846,2.0,93.8,552.0,8,13,0.0,2.0,2.0,2.0,0,0.0,2.0,6.0,0
44.55,67.59,23.04,23.04,96117,40.507272,-120.338228,0.0,44.55,530.0,0,1,0.0,0.0,0.0,0.0,0,0.0,0.0,82.0,0
5784.3,7369.02,1584.72,22.01,93001,34.360261,-119.306383,2.0,82.15,1033.0,5,72,0.0,0.0,2.0,1.0,0,2.0,2.0,5.0,0
2198.3,2841.61,643.31,27.97,91601,34.1692,-118.372498,2.0,91.1,674.0,1,23,2.0,2.0,2.0,0.0,2,2.0,2.0,51.0,0
7101.5,8307.76,1221.5,17.45,95372,37.990574,-120.261821,0.0,102.95,936.0,1,70,0.0,0.0,2.0,2.0,0,2.0,0.0,20.0,1
73.5,77.34,3.84,3.84,95431,38.348884,-122.51699,0.0,73.5,294.0,0,1,0.0,0.0,0.0,2.0,0,2.0,0.0,2.0,1
7159.05,9679.97,2520.92,40.66,95446,38.52576,-123.013347,2.0,115.55,395.0,3,62,2.0,2.0,2.0,2.0,3,2.0,2.0,21.0,0
20.7,66.56,45.86,45.86,94022,37.349546,-122.134356,0.0,20.7,551.0,0,1,1.0,1.0,1.0,3.0,0,1.0,1.0,0.0,0
5576.3,5776.64,200.34,3.78,96048,40.913192,-123.06597,1.0,105.25,462.0,7,53,0.0,0.0,2.0,2.0,1,2.0,2.0,27.0,0
6581.9,6716.54,134.64,1.98,93638,37.004068,-119.930027,1.0,96.55,570.0,5,68,0.0,2.0,2.0,2.0,0,0.0,0.0,19.0,1
546.95,823.52,276.57,39.51,93612,36.814539,-119.711868,0.0,84.8,200.0,0,7,0.0,0.0,0.0,2.0,0,0.0,0.0,13.0,1
74.4,121.76,17.36,17.36,95250,38.244806,-120.417301,0.0,74.4,911.0,1,1,0.0,0.0,0.0,2.0,0,0.0,0.0,29.0,1
5509.3,7665.2,2055.9,37.38,93706,36.654614,-119.903674,1.0,100.0,349.0,0,55,0.0,0.0,0.0,2.0,0,2.0,2.0,7.0,1
659.35,1005.54,346.19,26.63,95627,38.834469,-122.127193,0.0,44.0,306.0,0,13,0.0,0.0,0.0,1.0,1,0.0,2.0,27.0,0
2254.2,2279.61,25.41,1.21,90071,34.052917,-118.255178,0.0,103.9,552.0,1,21,0.0,2.0,0.0,2.0,0,2.0,2.0,16.0,1
564.35,803.87,239.52,29.94,90803,33.760458,-118.129725,0.0,68.55,546.0,1,8,2.0,0.0,0.0,0.0,1,0.0,2.0,17.0,0
546.95,823.52,276.57,39.51,93612,36.814539,-119.711868,0.0,84.8,200.0,0,7,0.0,0.0,0.0,2.0,0,0.0,0.0,13.0,1
4798.4,7806.02,3007.62,45.57,92227,33.03933,-115.191857,2.0,74.6,108.0,0,66,0.0,2.0,2.0,1.0,0,2.0,2.0,11.0,0
6792.45,7874.7,1082.25,16.65,92267,34.273872,-114.192901,1.0,103.15,730.0,1,65,0.0,0.0,2.0,2.0,0,2.0,2.0,5.0,0
6941.2,7689.6,608.4,9.36,93060,34.402343,-119.094824,0.0,109.15,890.0,0,65,2.0,0.0,2.0,2.0,0,2.0,2.0,4.0,1
1135.7,1286.29,70.59,5.43,91746,34.038983,-117.991372,0.0,91.1,491.0,0,13,0.0,0.0,0.0,2.0,0,0.0,2.0,26.0,1
1180.95,1601.15,410.2,29.3,92679,33.631119,-117.567346,0.0,86.3,1000.0,0,14,0.0,0.0,2.0,2.0,0,0.0,2.0,26.0,1
1173.35,1742.63,569.28,11.86,90057,34.061918,-118.277939,2.0,23.55,552.0,0,48,1.0,1.0,1.0,3.0,1,1.0,1.0,0.0,0
6302.8,7066.6,763.8,11.4,92274,33.53604,-116.119222,2.0,94.1,990.0,1,67,2.0,0.0,2.0,2.0,3,0.0,0.0,27.0,0
20.15,41.74,21.59,21.59,92304,34.559882,-115.637164,0.0,20.15,22.0,0,1,1.0,1.0,1.0,3.0,0,1.0,1.0,0.0,1
490.55,732.68,242.13,34.59,93620,37.045728,-120.630682,0.0,74.9,263.0,0,7,0.0,0.0,0.0,2.0,0,2.0,0.0,12.0,0
61.05,74.35,13.3,6.65,93202,36.315979,-119.710852,0.0,19.4,38.0,0,2,1.0,1.0,1.0,3.0,0,1.0,1.0,0.0,0
8244.3,9761.9,1517.6,21.68,92359,34.103578,-117.04054,2.0,114.3,601.0,10,70,2.0,2.0,2.0,2.0,0,2.0,2.0,30.0,0
1654.85,1846.6,191.75,2.95,94037,37.540582,-122.509594,2.0,26.0,624.0,7,65,1.0,1.0,1.0,3.0,1,1.0,1.0,0.0,0
178.5,258.69,80.19,8.91,92057,33.254497,-117.285879,0.0,20.25,692.0,0,9,1.0,1.0,1.0,3.0,0,1.0,1.0,0.0,1
4509.5,5738.2,1228.7,22.34,96033,40.740138,-122.587476,0.0,81.55,348.0,0,55,0.0,0.0,2.0,2.0,0,2.0,0.0,4.0,0
280.85,415.45,134.6,33.65,92627,33.645672,-117.922613,0.0,73.9,221.0,0,4,0.0,0.0,0.0,2.0,0,2.0,0.0,30.0,1
926.2,926.2,0.0,0.0,92618,33.667145,-117.732135,0.0,31.2,449.0,0,29,2.0,0.0,0.0,0.0,0,0.0,0.0,59.0,0
1281.0,1587.88,306.88,19.18,95524,40.825486,-124.049485,0.0,86.6,63.0,0,16,0.0,0.0,0.0,2.0,0,0.0,0.0,22.0,1
620.35,834.62,214.27,30.61,92028,33.362575,-117.299644,0.0,86.8,315.0,0,7,0.0,0.0,0.0,2.0,0,0.0,2.0,59.0,1
494.05,1605.25,1111.2,46.3,93541,37.890145,-119.184087,2.0,19.7,520.0,5,24,1.0,1.0,1.0,3.0,3,1.0,1.0,0.0,0
193.8,279.58,85.78,42.89,95633,38.852544,-120.837669,0.0,94.2,356.0,0,2,0.0,0.0,0.0,2.0,0,0.0,2.0,13.0,1
6137.0,6664.94,527.94,8.38,93702,36.739385,-119.753649,1.0,99.9,349.0,0,63,0.0,0.0,2.0,2.0,0,0.0,2.0,59.0,1
7261.75,10221.85,2960.1,42.9,94507,37.855717,-121.994813,2.0,106.35,8.0,1,69,2.0,2.0,2.0,2.0,2,0.0,2.0,24.0,0
178.7,226.8,48.1,24.05,93647,36.600185,-119.175655,0.0,70.5,710.0,0,2,0.0,0.0,0.0,2.0,0,2.0,2.0,27.0,1
2455.05,3805.77,1350.72,32.16,92268,34.201108,-116.593456,0.0,54.55,759.0,0,42,0.0,2.0,0.0,1.0,0,2.0,0.0,8.0,0
69.6,104.11,34.51,34.51,90254,33.86532,-118.396336,0.0,69.6,417.0,0,1,0.0,0.0,0.0,2.0,0,0.0,0.0,15.0,1
19.4,43.37,23.97,23.97,90249,33.90139,-118.315697,0.0,19.4,357.0,0,1,1.0,1.0,1.0,3.0,0,1.0,1.0,0.0,0
1801.1,2199.56,398.46,13.74,90046,34.108455,-118.362081,0.0,67.45,552.0,0,29,2.0,2.0,2.0,1.0,0,0.0,0.0,2.0,0
1233.65,1597.66,412.1,31.7,92563,33.581045,-117.14719,0.0,95.25,649.0,1,13,0.0,0.0,0.0,0.0,0,0.0,2.0,6.0,1
3807.35,4718.72,911.37,17.87,95829,38.486502,-121.334051,0.0,77.5,838.0,1,51,0.0,2.0,0.0,2.0,0,0.0,0.0,9.0,1
676.7,772.11,95.41,13.63,95464,39.12334,-122.838198,0.0,89.5,665.0,1,7,0.0,0.0,0.0,2.0,0,0.0,0.0,27.0,1
906.85,951.95,45.1,4.1,91381,34.364153,-118.615583,0.0,84.8,950.0,0,11,0.0,0.0,0.0,2.0,0,0.0,0.0,5.0,1
106.2,143.42,37.22,18.61,95864,38.585826,-121.376263,0.0,51.55,838.0,0,2,0.0,0.0,2.0,1.0,1,0.0,0.0,27.0,0
546.95,823.52,276.57,39.51,93612,36.814539,-119.711868,0.0,84.8,200.0,0,7,0.0,0.0,0.0,2.0,0,0.0,0.0,13.0,1
631.4,803.01,203.7,13.58,93013,34.441398,-119.513163,0.0,48.85,162.0,0,15,0.0,0.0,0.0,1.0,0,0.0,0.0,19.0,0
6347.55,8326.15,1978.6,30.44,91306,34.209532,-118.577563,2.0,99.35,1080.0,9,65,0.0,2.0,2.0,2.0,0,2.0,0.0,20.0,0
3735.45,4726.65,991.2,16.8,92691,33.611945,-117.665867,0.0,64.65,619.0,0,59,2.0,0.0,0.0,0.0,0,2.0,0.0,18.0,0
5029.2,6684.92,1655.72,31.24,93108,34.457541,-119.631072,0.0,93.9,882.0,1,53,0.0,2.0,0.0,2.0,0,2.0,2.0,73.0,1
313.45,533.46,220.01,31.43,90266,33.889632,-118.39737,0.0,44.25,576.0,4,7,0.0,0.0,0.0,1.0,0,0.0,0.0,24.0,0
4527.45,5411.41,883.96,21.56,95006,37.171727,-122.142961,0.0,114.5,104.0,0,41,2.0,2.0,2.0,2.0,0,2.0,2.0,59.0,1
20.5,40.35,19.85,19.85,92111,32.805518,-117.169052,0.0,20.5,852.0,0,1,1.0,1.0,1.0,3.0,0,1.0,1.0,0.0,1
2649.15,3823.36,1174.21,40.49,95246,38.264262,-120.515133,0.0,94.65,645.0,1,29,0.0,2.0,0.0,2.0,0,0.0,2.0,15.0,1
216.9,253.45,36.55,7.31,95776,38.694081,-121.694431,0.0,49.2,1090.0,0,5,2.0,0.0,0.0,1.0,0,0.0,0.0,18.0,1
45.05,128.89,13.84,13.84,95386,37.669516,-120.626964,0.0,70.5,1048.0,0,1,0.0,0.0,0.0,1.0,0,0.0,0.0,26.0,1
55.0,87.74,32.74,32.74,95971,39.971228,-121.041166,0.0,55.0,790.0,0,1,0.0,0.0,0.0,1.0,0,0.0,0.0,26.0,1
21.0,37.66,16.66,16.66,91605,34.207295,-118.400022,0.0,21.0,674.0,1,1,1.0,1.0,1.0,3.0,0,1.0,1.0,0.0,1
1964.6,2800.67,836.07,28.83,91011,34.234912,-118.153729,1.0,70.9,482.0,0,29,0.0,0.0,2.0,1.0,0,2.0,2.0,47.0,0
1863.8,1898.05,34.25,1.37,95131,37.387027,-121.897775,1.0,74.3,861.0,0,25,2.0,2.0,2.0,1.0,0,2.0,0.0,21.0,1
4259.3,5175.38,924.96,22.56,95488,39.724433,-123.767578,0.0,99.8,1064.0,0,41,0.0,0.0,0.0,2.0,0,2.0,0.0,15.0,1
43.8,81.3,37.5,37.5,96124,39.672813,-120.456699,0.0,43.8,137.0,0,1,0.0,0.0,0.0,1.0,0,0.0,0.0,3.0,0
836.35,836.35,0.0,0.0,95383,38.107441,-120.230625,0.0,49.8,1015.0,1,17,0.0,0.0,2.0,1.0,0,0.0,2.0,52.0,0
415.55,572.3,136.75,27.35,92583,33.796568,-116.924723,0.0,84.85,859.0,0,5,0.0,0.0,0.0,2.0,0,2.0,0.0,27.0,1
593.3,974.81,381.51,42.39,93225,34.827662,-118.999073,1.0,65.6,344.0,2,9,2.0,0.0,2.0,0.0,0,0.0,0.0,16.0,0
1559.45,1750.06,223.2,9.3,93021,34.312945,-118.858169,0.0,66.3,632.0,6,24,0.0,2.0,2.0,1.0,0,2.0,0.0,27.0,0
29.9,29.9,0.0,0.0,92866,33.784597,-117.844535,0.0,29.9,701.0,0,1,0.0,2.0,0.0,1.0,0,0.0,0.0,24.0,0
6780.1,7105.81,325.71,5.17,95008,37.279689,-121.954567,0.0,108.25,142.0,0,63,0.0,2.0,2.0,2.0,0,2.0,2.0,16.0,0
2868.15,3102.36,234.21,6.33,90602,33.972119,-118.020188,0.0,76.5,1069.0,1,37,0.0,0.0,0.0,2.0,1,0.0,0.0,14.0,1
1237.85,1599.51,361.66,27.82,94553,38.014457,-122.115432,0.0,98.0,585.0,1,13,0.0,0.0,2.0,2.0,0,2.0,0.0,4.0,1
2745.2,3821.22,1026.02,35.38,92061,33.313828,-116.940501,0.0,95.9,736.0,1,29,0.0,0.0,2.0,2.0,0,2.0,2.0,21.0,1
506.9,569.55,62.65,8.95,95444,38.434362,-122.86891,0.0,69.0,379.0,1,7,0.0,0.0,0.0,2.0,0,0.0,2.0,73.0,1
77.15,77.15,0.0,0.0,90502,33.833181,-118.292062,0.0,40.4,999.0,0,2,2.0,0.0,2.0,1.0,0,2.0,0.0,8.0,1
4543.15,6623.55,2080.4,29.72,92536,33.482243,-116.827173,1.0,65.2,5.0,1,70,0.0,2.0,0.0,1.0,0,0.0,2.0,12.0,0
2203.65,2628.34,453.18,10.79,95316,37.524721,-120.757977,0.0,50.25,252.0,2,42,0.0,0.0,0.0,0.0,0,0.0,0.0,41.0,1
179.25,222.39,43.14,21.57,92606,33.703976,-117.824172,0.0,88.55,449.0,0,2,0.0,0.0,0.0,2.0,0,2.0,2.0,28.0,1
3090.65,4464.93,1274.28,31.08,90265,34.074572,-118.831181,0.0,74.65,573.0,0,41,2.0,2.0,0.0,1.0,0,2.0,2.0,12.0,0
3046.15,4238.35,1192.2,39.74,95380,37.474396,-120.875917,0.0,100.05,1012.0,1,30,0.0,0.0,0.0,2.0,0,2.0,2.0,22.0,1
7297.75,8849.56,1551.81,22.49,92551,33.88274,-117.224878,2.0,105.0,634.0,9,69,0.0,0.0,2.0,2.0,2,2.0,2.0,11.0,0
2263.4,2360.55,97.15,3.35,93401,35.233745,-120.626442,0.0,75.3,867.0,10,29,0.0,0.0,0.0,2.0,0,2.0,0.0,59.0,0
69.55,118.98,49.43,49.43,93638,37.004068,-119.930027,0.0,69.55,570.0,0,1,0.0,0.0,0.0,2.0,0,0.0,2.0,48.0,1
834.2,934.74,100.54,9.14,90056,33.987945,-118.370442,0.0,74.35,552.0,1,11,0.0,0.0,0.0,2.0,0,0.0,0.0,19.0,1
1415.55,1933.13,517.58,36.97,93427,34.631362,-120.238218,0.0,100.55,117.0,0,14,0.0,0.0,2.0,2.0,0,0.0,2.0,27.0,1
6547.7,9411.65,2863.95,46.95,95912,38.982373,-122.047751,1.0,106.0,35.0,1,61,0.0,2.0,2.0,0.0,0,0.0,2.0,21.0,1
5696.6,7714.16,2017.56,29.67,93234,36.217864,-120.080117,1.0,85.5,436.0,1,68,0.0,2.0,2.0,2.0,1,0.0,0.0,85.0,0
199.45,437.85,238.4,23.84,93560,34.903052,-118.411251,0.0,19.9,831.0,0,10,1.0,1.0,1.0,3.0,0,1.0,1.0,0.0,0
1067.05,1760.73,683.68,42.73,96029,39.84784,-122.544556,0.0,63.05,327.0,0,16,0.0,0.0,0.0,1.0,0,0.0,2.0,23.0,0
827.45,1104.65,277.2,30.8,94603,37.739113,-122.175602,0.0,95.9,688.0,0,9,2.0,0.0,0.0,2.0,0,0.0,2.0,3.0,0
8477.6,9748.5,1270.9,17.9,92358,34.238162,-117.534306,2.0,118.65,566.0,0,71,2.0,2.0,2.0,2.0,0,2.0,2.0,21.0,0
5510.65,7447.13,1936.48,34.58,93270,35.939068,-119.043666,1.0,104.75,988.0,0,56,0.0,0.0,2.0,2.0,0,2.0,0.0,4.0,1
2669.45,3889.63,1220.18,32.11,94804,37.921034,-122.341798,1.0,69.0,816.0,2,38,2.0,0.0,0.0,1.0,0,2.0,2.0,16.0,0
1108.6,1561.15,362.55,24.17,95658,38.883224,-121.15918,0.0,68.6,659.0,9,15,0.0,0.0,0.0,2.0,0,0.0,0.0,10.0,0
2076.05,3834.31,1758.26,46.27,93238,35.852892,-118.397782,0.0,54.5,469.0,5,38,0.0,2.0,2.0,0.0,3,0.0,0.0,30.0,0
1148.1,1684.62,536.52,44.71,90260,33.88856,-118.351813,0.0,96.05,516.0,0,12,0.0,0.0,0.0,0.0,0,0.0,2.0,25.0,1
844.45,1613.47,769.02,18.31,95329,37.666587,-120.411517,2.0,20.75,484.0,0,42,1.0,1.0,1.0,3.0,0,1.0,1.0,0.0,0
958.45,2774.68,1816.23,46.57,93270,35.939068,-119.043666,1.0,25.45,988.0,0,39,1.0,1.0,1.0,3.0,2,1.0,1.0,0.0,0
4692.95,6979.67,2286.72,47.64,94552,37.722727,-122.02157,1.0,97.05,170.0,4,48,0.0,0.0,2.0,2.0,0,2.0,2.0,59.0,0
8086.4,9761.84,1675.44,23.27,92028,33.362575,-117.299644,2.0,114.1,315.0,6,72,2.0,2.0,2.0,2.0,0,2.0,2.0,3.0,0
1313.55,1833.92,520.37,30.61,95954,39.933852,-121.584371,0.0,76.65,572.0,0,17,0.0,0.0,0.0,2.0,0,2.0,0.0,7.0,1
7388.45,8755.92,1367.47,20.41,90260,33.88856,-118.351813,1.0,112.35,516.0,3,67,2.0,0.0,2.0,2.0,3,2.0,2.0,52.0,0
5611.7,7456.79,1845.09,32.37,94404,37.556094,-122.272437,0.0,100.6,871.0,1,57,0.0,0.0,2.0,2.0,3,0.0,2.0,28.0,0
3030.6,3923.45,892.85,25.51,90603,33.945318,-117.992066,1.0,85.15,1069.0,0,35,0.0,0.0,0.0,2.0,0,2.0,0.0,16.0,1
308.25,326.3,18.05,3.61,95818,38.556306,-121.495817,0.0,54.2,838.0,0,5,2.0,2.0,0.0,1.0,0,0.0,0.0,69.0,1
669.45,791.61,122.16,20.36,95301,37.321233,-120.656354,0.0,109.9,46.0,0,6,2.0,0.0,2.0,2.0,0,2.0,2.0,10.0,1
7920.7,9195.82,1275.12,17.71,95969,39.69676,-121.644379,2.0,109.55,728.0,1,72,0.0,2.0,2.0,2.0,0,2.0,2.0,4.0,0
4136.4,4136.4,0.0,0.0,96051,40.883853,-122.418258,2.0,62.5,505.0,0,66,2.0,2.0,2.0,1.0,0,2.0,2.0,15.0,0
85.5,95.5,0.0,0.0,90292,33.977468,-118.445475,0.0,45.25,581.0,0,2,0.0,0.0,0.0,1.0,0,0.0,2.0,48.0,1
1284.2,1571.56,287.36,17.96,93224,35.215731,-119.57013,0.0,73.85,319.0,1,16,0.0,0.0,0.0,2.0,0,0.0,0.0,30.0,1
7432.05,8085.45,653.4,9.9,96148,39.24124,-120.054765,1.0,110.9,977.0,0,66,2.0,0.0,2.0,2.0,0,2.0,0.0,25.0,1
1039.45,1626.33,601.55,11.35,93250,35.666886,-119.186717,1.0,19.85,590.0,6,53,1.0,1.0,1.0,3.0,0,1.0,1.0,0.0,0
5676.65,7527.95,1851.3,33.66,93667,36.993666,-119.348267,0.0,103.65,995.0,4,55,0.0,0.0,2.0,2.0,0,2.0,2.0,25.0,0
333.55,500.43,166.88,41.72,96073,40.582399,-122.195512,0.0,84.05,724.0,0,4,0.0,0.0,2.0,2.0,0,2.0,2.0,69.0,1
21.0,37.66,16.66,16.66,91605,34.207295,-118.400022,0.0,21.0,674.0,1,1,1.0,1.0,1.0,3.0,0,1.0,1.0,0.0,1
1153.25,2511.75,1358.5,24.7,92657,33.603282,-117.821841,2.0,19.35,663.0,2,55,1.0,1.0,1.0,3.0,2,1.0,1.0,0.0,0
1742.95,1946.35,203.4,11.3,95428,39.83307,-123.178765,0.0,99.4,226.0,1,18,0.0,2.0,0.0,2.0,0,0.0,2.0,16.0,1
899.8,1509.7,609.9,40.66,90059,33.927254,-118.249826,0.0,55.7,552.0,0,15,0.0,2.0,0.0,1.0,0,0.0,0.0,8.0,1
6501.35,8562.71,2061.36,28.63,95370,37.982716,-120.343732,2.0,88.7,934.0,1,72,2.0,2.0,2.0,1.0,2,2.0,2.0,19.0,0
492.1,627.2,135.1,13.51,94578,37.704384,-122.126703,0.0,46.0,864.0,0,10,0.0,0.0,0.0,1.0,0,0.0,0.0,14.0,0
95.6,102.27,6.67,6.67,92270,33.763678,-116.429928,0.0,95.6,796.0,0,1,0.0,2.0,0.0,2.0,0,0.0,2.0,27.0,1
66.95,66.95,0.0,0.0,94960,37.99272,-122.575026,0.0,24.75,846.0,0,3,0.0,0.0,0.0,1.0,0,0.0,0.0,18.0,1
567.8,616.16,48.36,8.06,91911,32.607964,-117.059459,1.0,89.35,189.0,0,6,0.0,0.0,0.0,2.0,0,0.0,0.0,19.0,0
3653.0,5391.66,1784.48,46.96,90002,33.949255,-118.246978,2.0,94.75,552.0,0,38,0.0,0.0,0.0,2.0,0,0.0,0.0,13.0,0
90.6,103.62,13.02,13.02,95136,37.270938,-121.851046,0.0,90.6,861.0,1,1,0.0,0.0,2.0,2.0,0,0.0,0.0,30.0,1
223.15,385.15,188.32,17.12,92881,33.833686,-117.513063,2.0,19.55,217.0,0,11,1.0,1.0,1.0,3.0,0,1.0,1.0,0.0,0
1440.75,2009.79,569.04,23.71,93701,36.749403,-119.787574,0.0,60.45,349.0,0,24,2.0,2.0,2.0,1.0,0,0.0,0.0,4.0,0
2065.15,3175.13,1109.98,24.13,93309,35.342891,-119.064803,0.0,45.2,56.0,0,46,0.0,0.0,0.0,0.0,0,0.0,0.0,16.0,0
1887.0,2792.76,905.76,12.58,94939,37.937082,-122.532369,2.0,25.65,513.0,4,72,1.0,1.0,1.0,3.0,0,1.0,1.0,0.0,0
2553.35,2553.35,0.0,0.0,95602,38.99003,-121.114408,0.0,49.65,48.0,0,51,0.0,0.0,2.0,1.0,0,0.0,2.0,42.0,0
1734.5,1761.7,27.2,1.36,91731,34.079934,-118.046695,0.0,85.25,289.0,0,20,0.0,0.0,0.0,2.0,0,0.0,0.0,25.0,1
270.7,350.26,79.56,26.52,92129,32.961064,-117.134917,0.0,75.1,852.0,0,3,0.0,0.0,0.0,2.0,0,0.0,0.0,10.0,1
389.6,500.6,101.0,20.2,92126,32.886925,-117.152162,0.0,81.0,852.0,0,5,0.0,0.0,0.0,2.0,0,0.0,0.0,23.0,1
3777.15,4965.41,1188.26,31.27,93561,35.073777,-118.652112,0.0,99.25,982.0,0,38,0.0,0.0,0.0,2.0,0,2.0,2.0,85.0,1
33.2,97.26,64.06,32.03,95547,40.557314,-124.081662,0.0,20.35,438.0,0,2,1.0,1.0,1.0,3.0,0,1.0,1.0,0.0,1
521.0,498.03,0.0,0.0,95441,38.731771,-123.064272,2.0,53.7,362.0,2,10,2.0,2.0,2.0,0.0,2,2.0,2.0,24.0,0
4284.2,4681.62,397.42,6.41,92119,32.802959,-117.027095,2.0,72.0,852.0,1,62,0.0,2.0,2.0,0.0,0,2.0,0.0,59.0,0
1441.65,3684.97,2243.32,32.99,93235,36.385818,-119.224243,2.0,19.6,451.0,0,68,1.0,1.0,1.0,3.0,0,1.0,1.0,0.0,0
79.6,101.32,21.72,21.72,91722,34.097345,-117.906736,0.0,79.6,227.0,0,1,0.0,0.0,0.0,2.0,0,0.0,2.0,52.0,1
1612.75,2180.27,615.78,34.21,94595,37.862128,-122.075197,0.0,90.1,1043.0,0,18,2.0,0.0,0.0,2.0,0,0.0,2.0,19.0,1
2710.25,2833.01,32.76,1.26,91978,32.730264,-116.950963,0.0,105.75,944.0,0,26,0.0,0.0,2.0,2.0,0,2.0,2.0,18.0,1
1336.65,2824.65,1488.0,23.25,92868,33.787796,-117.875928,1.0,19.8,701.0,7,64,1.0,1.0,1.0,3.0,0,1.0,1.0,0.0,0
2655.25,3813.75,1158.5,46.34,94109,37.794487,-122.42227,0.0,105.95,855.0,0,25,0.0,0.0,2.0,2.0,0,2.0,0.0,22.0,1
28.3,59.88,31.58,15.79,92405,34.142747,-117.300864,1.0,19.3,848.0,0,2,1.0,1.0,1.0,3.0,0,1.0,1.0,0.0,1
8308.9,11688.9,3385.44,47.02,96019,40.692523,-122.369876,2.0,117.6,909.0,10,72,2.0,2.0,2.0,2.0,1,2.0,2.0,48.0,0
8399.15,10725.31,2216.16,30.78,92591,33.540604,-117.10909,2.0,115.75,984.0,1,72,2.0,2.0,2.0,2.0,1,2.0,0.0,17.0,0
1952.8,2292.04,339.24,10.28,92352,34.2565,-117.19335,1.0,59.4,500.0,0,33,2.0,2.0,0.0,0.0,0,0.0,0.0,7.0,0
169.05,301.42,122.37,40.79,95464,39.12334,-122.838198,0.0,49.15,665.0,0,3,0.0,0.0,0.0,1.0,0,2.0,0.0,29.0,1
1378.25,1487.37,109.12,6.82,95633,38.852544,-120.837669,0.0,84.95,356.0,1,16,0.0,0.0,0.0,2.0,0,0.0,0.0,7.0,1
820.5,917.7,97.2,12.15,90006,34.048013,-118.293953,0.0,99.65,552.0,0,8,0.0,0.0,0.0,0.0,2,2.0,2.0,26.0,1
3958.85,4146.53,187.68,4.08,95118,37.255479,-121.889838,0.0,84.8,861.0,0,46,2.0,0.0,0.0,2.0,2,2.0,0.0,59.0,0
2597.6,3878.58,1280.98,33.71,95956,39.937017,-121.058043,1.0,70.45,595.0,0,38,0.0,0.0,0.0,2.0,0,0.0,0.0,17.0,1
2696.55,2696.55,0.0,0.0,96057,41.251322,-122.105209,1.0,43.7,593.0,0,61,2.0,2.0,2.0,1.0,0,2.0,0.0,8.0,0
874.2,1331.58,457.38,41.58,92260,33.694501,-116.412711,2.0,78.5,720.0,0,11,0.0,0.0,0.0,2.0,0,0.0,2.0,3.0,0
196.9,264.37,67.47,22.49,95549,40.664483,-123.865325,0.0,60.65,478.0,0,3,2.0,0.0,0.0,1.0,0,0.0,2.0,11.0,0
3021.6,4161.0,1139.4,31.65,91384,34.506627,-118.699048,0.0,84.1,168.0,1,36,0.0,0.0,0.0,2.0,0,0.0,0.0,15.0,1
5060.85,7733.48,2672.63,39.89,94507,37.855717,-121.994813,0.0,75.7,8.0,0,67,0.0,0.0,0.0,2.0,0,0.0,0.0,19.0,0
566.5,671.88,105.38,4.79,96016,40.936285,-121.572692,2.0,25.25,167.0,0,22,1.0,1.0,1.0,3.0,0,1.0,1.0,0.0,0
417.5,1346.9,929.4,46.47,90266,33.889632,-118.39737,1.0,20.65,576.0,8,20,1.0,1.0,1.0,3.0,0,1.0,1.0,0.0,0
45.95,92.12,46.17,46.17,93402,35.279984,-120.824288,0.0,45.95,557.0,0,1,0.0,0.0,0.0,0.0,1,0.0,0.0,19.0,1
523.15,667.62,134.47,19.21,95425,38.801936,-122.938935,0.0,79.3,199.0,0,7,0.0,0.0,0.0,2.0,0,0.0,2.0,16.0,1
80.3,97.81,17.51,17.51,94925,37.924014,-122.511694,0.0,80.3,220.0,1,1,0.0,2.0,0.0,2.0,0,0.0,0.0,21.0,1
316.9,379.9,63.0,12.6,90039,34.110845,-118.259595,0.0,69.7,552.0,0,5,0.0,0.0,0.0,2.0,3,0.0,0.0,58.0,1
1301.0,1428.82,127.82,9.13,91733,34.04622,-118.053753,0.0,91.65,938.0,1,14,2.0,0.0,0.0,2.0,1,0.0,0.0,12.0,1
49.8,53.77,3.97,3.97,91906,32.673483,-116.472863,0.0,49.8,143.0,0,1,0.0,0.0,0.0,1.0,0,0.0,0.0,11.0,0
19.45,48.18,28.73,28.73,95554,40.267158,-123.805913,0.0,19.45,650.0,1,1,1.0,1.0,1.0,3.0,2,1.0,1.0,0.0,1
197.54,659.84,462.3,46.23,91750,34.144703,-117.770299,1.0,19.7,493.0,5,10,1.0,1.0,1.0,3.0,2,1.0,1.0,0.0,0
4914.8,6685.48,1700.68,27.88,93013,34.441398,-119.513163,1.0,79.8,162.0,7,61,0.0,0.0,2.0,1.0,0,2.0,2.0,5.0,0
2070.6,3004.0,933.4,35.9,94706,37.890274,-122.295192,0.0,83.75,9.0,1,26,0.0,0.0,0.0,0.0,0,0.0,0.0,26.0,1
6330.4,8019.43,1689.03,26.81,93644,37.648647,-119.231447,2.0,99.7,687.0,3,63,0.0,2.0,0.0,2.0,0,2.0,2.0,6.0,0
593.75,1272.71,558.96,46.58,90660,33.989524,-118.089299,0.0,50.25,750.0,0,12,2.0,0.0,0.0,1.0,0,0.0,0.0,26.0,1
6520.8,9247.85,2756.16,38.28,96016,40.936285,-121.572692,2.0,88.05,167.0,1,72,2.0,2.0,2.0,1.0,0,2.0,2.0,24.0,0
692.55,847.7,155.15,5.35,93561,35.073777,-118.652112,2.0,26.1,982.0,8,29,1.0,1.0,1.0,3.0,2,1.0,1.0,0.0,0
164.5,181.14,16.64,8.32,92109,32.787836,-117.232376,0.0,79.75,852.0,0,2,0.0,0.0,0.0,2.0,0,0.0,0.0,16.0,1
5432.2,6749.32,1317.12,23.52,95415,39.025867,-123.381544,0.0,96.95,101.0,4,56,2.0,0.0,2.0,2.0,3,0.0,0.0,53.0,0
19.3,68.5,49.2,49.2,93067,34.420998,-119.60137,0.0,19.3,963.0,0,1,1.0,1.0,1.0,3.0,0,1.0,1.0,0.0,1
4370.25,7370.65,2930.4,44.4,95683,38.470423,-121.114897,2.0,66.9,922.0,5,66,0.0,2.0,2.0,1.0,0,2.0,0.0,11.0,0
103.7,162.26,58.56,29.28,92646,33.666301,-117.969501,0.0,49.2,434.0,0,2,0.0,0.0,2.0,0.0,0,0.0,0.0,4.0,0
221.7,341.15,119.45,23.89,92660,33.634626,-117.874882,0.0,46.0,662.0,0,5,0.0,0.0,0.0,1.0,1,0.0,0.0,14.0,1
597.0,597.0,0.0,0.0,92646,33.666301,-117.969501,0.0,45.55,434.0,0,13,2.0,2.0,0.0,1.0,0,0.0,0.0,17.0,1
1905.7,2845.79,887.12,34.12,92683,33.752591,-117.993661,2.0,73.5,1062.0,6,26,0.0,0.0,2.0,1.0,0,2.0,2.0,58.0,0
242.8,220.38,23.02,11.51,91042,34.296574,-118.244839,0.0,104.4,1007.0,1,2,2.0,0.0,0.0,2.0,3,2.0,2.0,53.0,1
7942.15,10830.97,2888.82,43.77,90063,34.044271,-118.185237,1.0,70.5,552.0,9,66,2.0,2.0,2.0,2.0,0,2.0,2.0,41.0,0
73.5,77.34,3.84,3.84,95431,38.348884,-122.51699,0.0,73.5,294.0,0,1,0.0,0.0,0.0,2.0,0,2.0,0.0,2.0,1
108.15,129.09,20.94,10.47,90003,33.964131,-118.272783,0.0,53.85,552.0,0,2,0.0,2.0,2.0,1.0,0,0.0,0.0,21.0,1
713.1,896.16,183.06,20.34,91355,34.43987,-118.644609,0.0,80.8,1023.0,0,9,0.0,0.0,0.0,2.0,0,0.0,2.0,7.0,1
6311.2,6401.29,90.09,1.43,90066,34.002028,-118.430656,1.0,99.65,552.0,2,63,0.0,2.0,0.0,2.0,0,0.0,2.0,16.0,0
3653.35,4212.65,559.3,15.98,91502,34.177267,-118.31003,0.0,100.5,119.0,1,35,2.0,2.0,2.0,0.0,0,0.0,0.0,22.0,1
355.2,588.48,193.28,48.32,90302,33.975332,-118.355252,0.0,88.95,446.0,0,4,0.0,0.0,2.0,2.0,0,0.0,2.0,51.0,1
4750.95,5880.09,1129.14,22.14,90640,34.015217,-118.109962,0.0,93.8,627.0,1,51,0.0,2.0,0.0,2.0,0,2.0,0.0,30.0,1
4242.35,4528.97,286.62,5.62,92028,33.362575,-117.299644,0.0,80.0,315.0,0,51,0.0,0.0,0.0,2.0,0,2.0,0.0,16.0,1
2395.05,2395.05,0.0,0.0,92310,35.349241,-116.770281,2.0,39.35,340.0,7,63,2.0,0.0,2.0,1.0,2,2.0,0.0,16.0,0
2657.55,3811.55,1064.0,28.0,91709,33.942895,-117.725644,0.0,69.95,186.0,0,38,2.0,2.0,2.0,1.0,0,2.0,0.0,22.0,0
1307.8,1307.8,0.0,0.0,91916,32.912664,-116.635387,0.0,44.5,253.0,0,30,0.0,0.0,0.0,1.0,1,0.0,2.0,17.0,0
7061.65,8178.48,1116.83,15.73,94107,37.768881,-122.395521,2.0,99.0,855.0,4,71,0.0,2.0,2.0,2.0,2,2.0,0.0,17.0,0
842.9,977.94,135.04,16.88,92109,32.787836,-117.232376,0.0,101.15,852.0,1,8,0.0,0.0,2.0,2.0,0,2.0,2.0,6.0,1
3379.25,4838.69,1459.44,40.54,93668,36.635661,-120.288644,2.0,92.9,1002.0,7,36,2.0,2.0,2.0,0.0,2,2.0,2.0,59.0,0
1513.6,1651.64,138.04,2.38,90503,33.840399,-118.353714,2.0,24.45,999.0,0,58,1.0,1.0,1.0,3.0,0,1.0,1.0,0.0,0
348.8,358.8,0.0,0.0,95412,38.731055,-123.316553,2.0,63.4,28.0,0,6,2.0,2.0,2.0,0.0,0,2.0,2.0,52.0,0
896.75,934.71,37.96,2.92,95843,38.715498,-121.363411,0.0,74.4,29.0,1,13,0.0,0.0,0.0,2.0,0,0.0,0.0,21.0,1
1240.8,2641.98,1401.18,21.23,95691,38.627951,-121.593287,2.0,19.35,1060.0,0,66,1.0,1.0,1.0,3.0,0,1.0,1.0,0.0,0
25.2,25.2,0.0,0.0,92371,34.441123,-117.537886,0.0,25.2,747.0,0,1,0.0,0.0,0.0,1.0,0,0.0,2.0,73.0,1
332.65,591.85,259.2,17.28,90631,33.940619,-117.9513,1.0,19.65,485.0,1,15,1.0,1.0,1.0,3.0,3,1.0,1.0,0.0,0
1174.35,1716.55,542.2,27.11,92397,34.358321,-117.618263,0.0,61.6,1093.0,0,20,0.0,0.0,0.0,1.0,0,0.0,0.0,27.0,1
24.6,24.6,0.0,0.0,94060,37.22565,-122.297533,0.0,24.6,744.0,0,1,0.0,0.0,0.0,1.0,0,0.0,0.0,12.0,1
723.3,851.4,128.1,4.27,94005,37.684694,-122.40712,1.0,25.35,113.0,0,30,1.0,1.0,1.0,3.0,2,1.0,1.0,0.0,0
422.7,895.83,473.13,22.53,95012,36.784481,-121.759054,1.0,20.35,171.0,0,21,1.0,1.0,1.0,3.0,0,1.0,1.0,0.0,0
115.1,128.82,13.72,6.86,92059,33.384345,-117.072619,0.0,50.15,718.0,1,2,0.0,0.0,2.0,1.0,0,0.0,0.0,20.0,1
266.8,313.6,46.8,15.6,91731,34.079934,-118.046695,0.0,92.0,289.0,0,3,0.0,0.0,0.0,2.0,0,0.0,2.0,9.0,0
1943.2,2828.34,889.87,38.69,94949,38.067204,-122.524004,0.0,90.6,679.0,0,23,2.0,0.0,0.0,0.0,0,0.0,2.0,69.0,1
2934.3,4691.93,1757.63,35.87,92273,32.790282,-115.689559,0.0,59.75,903.0,0,49,0.0,2.0,2.0,1.0,0,0.0,0.0,30.0,1
95.1,99.99,4.89,4.89,90248,33.876482,-118.284077,0.0,95.1,357.0,1,1,0.0,0.0,0.0,2.0,0,0.0,0.0,11.0,1
563.5,761.2,197.7,19.77,93218,35.846067,-119.004073,0.0,60.2,271.0,5,10,0.0,0.0,0.0,1.0,2,2.0,0.0,12.0,0
1929.0,2611.02,682.02,25.26,92398,35.013299,-116.834092,0.0,75.75,1094.0,7,27,0.0,0.0,0.0,2.0,3,0.0,0.0,23.0,0
98.5,111.44,12.94,6.47,95828,38.486938,-121.395805,0.0,45.15,838.0,0,2,0.0,0.0,0.0,1.0,0,0.0,0.0,21.0,1
5127.95,6818.54,1690.59,35.97,92882,33.819385,-117.600213,0.0,106.4,217.0,0,47,0.0,0.0,2.0,2.0,0,2.0,2.0,25.0,1
1745.5,2271.58,532.8,29.6,93041,34.110124,-119.100972,0.0,95.95,779.0,9,18,0.0,0.0,0.0,2.0,0,2.0,2.0,7.0,0
1740.7,2383.3,642.6,35.7,90041,34.137412,-118.207607,0.0,96.05,552.0,0,18,0.0,2.0,0.0,2.0,0,0.0,2.0,26.0,1
3580.3,3702.4,122.1,3.3,94590,38.104705,-122.247387,0.0,96.55,1025.0,0,37,0.0,0.0,0.0,2.0,0,0.0,0.0,2.0,1
159.15,227.46,68.31,22.77,96071,40.656287,-121.428965,0.0,55.15,696.0,0,3,0.0,0.0,0.0,1.0,0,0.0,2.0,51.0,1
1724.15,3721.95,1997.8,28.54,92843,33.764018,-117.931507,2.0,24.25,355.0,1,70,1.0,1.0,1.0,3.0,0,1.0,1.0,0.0,0
2497.2,3795.58,1238.38,47.63,95602,38.99003,-121.114408,0.0,95.0,48.0,0,26,0.0,2.0,2.0,2.0,0,0.0,0.0,26.0,1
6342.7,9160.17,2667.47,37.57,95666,38.546999,-120.271114,2.0,89.9,758.0,9,71,2.0,2.0,2.0,1.0,1,2.0,2.0,85.0,0
69.65,98.35,28.7,28.7,96001,40.587919,-122.464732,0.0,69.65,805.0,0,1,0.0,0.0,0.0,2.0,0,0.0,0.0,69.0,1
452.7,468.95,16.25,3.25,95553,40.210895,-123.86,0.0,92.5,617.0,0,5,0.0,0.0,0.0,2.0,0,2.0,0.0,25.0,1
1302.65,1395.95,93.3,6.22,94585,38.197907,-122.017258,0.0,84.35,961.0,0,15,0.0,2.0,0.0,2.0,0,2.0,0.0,4.0,0
5224.95,8477.46,3252.51,45.81,90272,34.079449,-118.548306,2.0,71.1,714.0,9,71,2.0,2.0,2.0,1.0,3,2.0,0.0,52.0,0
2854.55,2834.39,0.0,0.0,95468,38.911299,-123.609588,0.0,54.45,773.0,0,53,0.0,0.0,2.0,1.0,0,2.0,0.0,25.0,1
837.5,1162.34,324.84,27.07,90601,34.007353,-118.033683,0.0,69.85,1069.0,0,12,0.0,2.0,0.0,0.0,1,0.0,2.0,29.0,0
6316.2,8646.12,2329.92,32.36,93291,36.391777,-119.372842,2.0,85.15,1038.0,5,72,2.0,0.0,2.0,1.0,0,2.0,2.0,52.0,0
7372.65,7593.69,221.04,3.07,95827,38.549185,-121.328386,2.0,103.4,838.0,1,72,0.0,0.0,2.0,2.0,0,2.0,2.0,23.0,1
3739.8,6673.65,2813.85,43.29,93312,35.392599,-119.245341,2.0,59.6,56.0,0,65,2.0,2.0,2.0,1.0,0,0.0,0.0,76.0,0
8240.85,11564.37,3323.52,46.16,92358,34.238162,-117.534306,2.0,110.9,566.0,6,72,2.0,2.0,0.0,2.0,0,2.0,2.0,14.0,0
35.9,35.9,0.0,0.0,93560,34.903052,-118.411251,0.0,35.9,831.0,0,1,0.0,0.0,0.0,0.0,0,0.0,2.0,29.0,1
3706.95,4318.3,653.2,16.33,94940,38.129308,-122.834815,0.0,97.1,584.0,1,40,0.0,0.0,0.0,2.0,0,0.0,2.0,23.0,1
4872.45,7302.51,2300.06,46.94,91768,34.067932,-117.785168,0.0,99.8,776.0,1,49,0.0,0.0,0.0,2.0,0,2.0,2.0,73.0,1
3640.45,5620.45,1980.0,49.5,93541,37.890145,-119.184087,0.0,70.5,520.0,1,40,0.0,0.0,0.0,2.0,0,0.0,2.0,20.0,1
2596.15,2643.83,47.68,1.49,92661,33.601309,-117.902304,0.0,80.35,662.0,0,32,0.0,0.0,2.0,2.0,0,0.0,0.0,21.0,1
6962.85,9427.97,2465.12,34.72,92119,32.802959,-117.027095,1.0,98.65,852.0,8,71,0.0,0.0,0.0,2.0,0,2.0,2.0,10.0,0
2545.7,2545.7,0.0,0.0,92832,33.868316,-117.929029,2.0,35.7,351.0,5,67,2.0,2.0,0.0,0.0,0,0.0,0.0,30.0,0
1222.65,1783.74,561.09,9.51,95409,38.468893,-122.580539,2.0,19.5,891.0,1,59,1.0,1.0,1.0,3.0,2,1.0,1.0,0.0,0
335.95,1035.55,699.6,46.64,95546,41.163637,-123.704841,1.0,20.35,428.0,10,15,1.0,1.0,1.0,3.0,3,1.0,1.0,0.0,0
1530.6,2112.9,582.3,19.41,90027,34.127194,-118.295647,0.0,55.3,552.0,0,30,0.0,2.0,2.0,0.0,0,0.0,0.0,27.0,0
1597.25,2111.87,514.62,28.59,92126,32.886925,-117.152162,0.0,90.7,852.0,0,18,0.0,0.0,0.0,2.0,0,2.0,2.0,26.0,1
1364.3,1799.14,424.84,32.68,91748,33.976753,-117.897367,0.0,106.9,836.0,0,13,0.0,0.0,2.0,0.0,0,2.0,0.0,11.0,1
50.35,50.35,0.0,0.0,91340,34.286131,-118.435969,0.0,50.35,854.0,1,1,0.0,0.0,0.0,1.0,0,2.0,2.0,20.0,1
6033.3,6841.38,808.08,14.43,92676,33.782346,-117.635263,1.0,107.25,920.0,1,56,2.0,0.0,2.0,2.0,0,0.0,2.0,25.0,0
96.45,160.95,34.5,17.25,95563,40.89866,-123.539754,0.0,45.0,843.0,0,2,0.0,0.0,0.0,0.0,0,0.0,0.0,3.0,1
1279.0,3051.8,1810.48,34.16,91345,34.266389,-118.459744,2.0,24.6,618.0,0,53,1.0,1.0,1.0,3.0,0,1.0,1.0,0.0,0
355.1,587.78,232.68,33.24,90242,33.921793,-118.140588,0.0,50.3,266.0,7,7,0.0,2.0,0.0,1.0,0,0.0,0.0,53.0,0
2866.45,3181.45,315.0,10.5,94117,37.770533,-122.445121,0.0,94.05,855.0,1,30,0.0,0.0,0.0,2.0,0,0.0,2.0,22.0,1
79.35,92.48,13.13,13.13,90255,33.97803,-118.217141,0.0,79.35,435.0,0,1,0.0,0.0,0.0,2.0,3,0.0,0.0,57.0,1
1625.0,2055.58,368.97,17.57,95412,38.731055,-123.316553,1.0,77.5,28.0,1,21,2.0,2.0,2.0,0.0,0,0.0,0.0,14.0,1
5435.6,5647.3,211.7,3.65,96016,40.936285,-121.572692,0.0,93.4,167.0,1,58,0.0,2.0,2.0,2.0,0,0.0,2.0,20.0,1
1311.6,2861.0,1549.4,25.4,94549,37.907777,-122.127161,2.0,19.75,495.0,6,61,1.0,1.0,1.0,3.0,2,1.0,1.0,0.0,0
1742.45,2047.16,304.71,14.51,95425,38.801936,-122.938935,1.0,79.2,199.0,7,21,2.0,0.0,0.0,2.0,0,2.0,0.0,20.0,0
2265.25,3020.12,754.87,26.03,93223,36.29878,-119.201028,0.0,80.15,316.0,1,29,0.0,0.0,2.0,2.0,0,0.0,0.0,47.0,1
390.85,551.95,161.1,8.95,90680,33.801869,-117.995068,1.0,20.15,949.0,0,18,1.0,1.0,1.0,3.0,0,1.0,1.0,0.0,1
1412.4,1412.4,0.0,0.0,96028,41.017282,-121.468945,1.0,35.4,314.0,1,41,0.0,2.0,0.0,0.0,2,2.0,0.0,16.0,0
1107.25,1626.7,519.45,34.63,96092,39.955164,-122.018567,0.0,74.9,1037.0,1,15,0.0,0.0,0.0,2.0,0,0.0,0.0,15.0,1
79.15,157.15,18.0,18.0,91504,34.213049,-118.317651,0.0,79.15,119.0,0,1,0.0,0.0,2.0,2.0,0,0.0,0.0,23.0,0
2440.15,3135.67,695.52,28.98,94601,37.776523,-122.219268,0.0,101.25,688.0,0,24,0.0,0.0,2.0,2.0,0,0.0,2.0,30.0,1
5275.8,6164.81,893.94,19.02,95379,37.939768,-120.188002,1.0,110.85,1010.0,1,47,2.0,2.0,0.0,2.0,0,2.0,2.0,17.0,1
84.65,146.95,22.3,22.3,92505,33.920907,-117.489426,0.0,84.65,827.0,0,1,0.0,0.0,0.0,2.0,0,0.0,0.0,51.0,1
3649.6,6093.36,2333.76,45.76,92028,33.362575,-117.299644,0.0,69.15,315.0,1,51,0.0,0.0,0.0,2.0,0,0.0,0.0,13.0,0
1391.15,2165.71,774.56,48.41,93266,36.175255,-119.813805,2.0,85.05,956.0,6,16,0.0,0.0,0.0,2.0,0,0.0,0.0,6.0,0
159.45,169.67,10.22,5.11,92117,32.825086,-117.199424,0.0,70.5,852.0,0,2,0.0,0.0,0.0,2.0,0,0.0,2.0,6.0,1
68.5,99.12,30.62,30.62,94127,37.736535,-122.45732,0.0,68.5,855.0,1,1,0.0,0.0,0.0,2.0,0,0.0,0.0,11.0,1
8033.1,9766.86,1733.76,24.08,94903,38.018065,-122.546024,2.0,111.95,876.0,9,72,2.0,2.0,2.0,2.0,1,2.0,2.0,19.0,0
8182.85,10840.73,2657.88,38.52,95452,38.419525,-122.521585,2.0,116.0,467.0,3,69,2.0,2.0,2.0,2.0,0,2.0,2.0,27.0,0
146.9,200.76,53.86,26.93,90017,34.052842,-118.264495,0.0,70.75,552.0,0,2,0.0,2.0,0.0,1.0,0,0.0,2.0,10.0,1
1274.05,2229.57,955.52,14.93,94555,37.555473,-122.080312,2.0,19.7,346.0,3,64,1.0,1.0,1.0,3.0,1,1.0,1.0,0.0,0
198.5,353.6,155.1,15.51,90029,34.089953,-118.294824,2.0,19.85,552.0,5,10,1.0,1.0,1.0,3.0,1,1.0,1.0,0.0,0
1060.6,1520.8,460.2,35.4,90066,34.002028,-118.430656,0.0,83.2,552.0,0,13,0.0,0.0,0.0,2.0,0,2.0,0.0,18.0,1
2416.1,2563.54,158.44,4.66,94580,37.676249,-122.132415,0.0,70.0,865.0,0,34,0.0,0.0,0.0,2.0,0,0.0,0.0,21.0,1
42.7,123.26,80.56,40.28,92707,33.714829,-117.872941,0.0,20.05,881.0,0,2,1.0,1.0,1.0,3.0,0,1.0,1.0,0.0,0
88.8,148.4,49.6,49.6,96084,40.923558,-122.059933,0.0,88.8,835.0,0,1,0.0,0.0,0.0,2.0,0,2.0,0.0,20.0,1
33.7,37.32,3.62,1.81,94065,37.527497,-122.230941,0.0,20.05,809.0,0,2,1.0,1.0,1.0,3.0,0,1.0,1.0,0.0,0
1400.85,1683.22,282.37,16.61,92308,34.424926,-117.184503,0.0,80.85,32.0,1,17,0.0,0.0,0.0,2.0,0,0.0,0.0,3.0,1
2010.55,3723.1,1712.55,48.93,90807,33.830099,-118.182239,0.0,55.0,546.0,0,35,0.0,0.0,0.0,0.0,0,0.0,0.0,14.0,1
1281.0,1587.88,306.88,19.18,95524,40.825486,-124.049485,0.0,86.6,63.0,0,16,0.0,0.0,0.0,2.0,0,0.0,0.0,22.0,1
1949.4,2599.28,649.88,29.54,90007,34.027337,-118.28515,0.0,89.1,552.0,0,22,0.0,0.0,2.0,2.0,3,0.0,0.0,53.0,0
2180.55,2847.99,667.44,24.72,95605,38.592745,-121.540036,0.0,79.5,1060.0,0,27,2.0,0.0,0.0,2.0,0,0.0,0.0,29.0,1
3021.6,4161.0,1139.4,31.65,91384,34.506627,-118.699048,0.0,84.1,168.0,1,36,0.0,0.0,0.0,2.0,0,0.0,0.0,15.0,1
2440.15,3135.67,695.52,28.98,94601,37.776523,-122.219268,0.0,101.25,688.0,0,24,0.0,0.0,2.0,2.0,0,0.0,2.0,30.0,1
141.5,250.94,109.44,36.48,92129,32.961064,-117.134917,0.0,45.35,852.0,0,3,0.0,0.0,0.0,1.0,0,0.0,0.0,59.0,1
25.05,25.05,0.0,0.0,95984,40.022184,-121.062384,0.0,25.05,1014.0,0,1,0.0,0.0,0.0,1.0,0,0.0,0.0,21.0,1
69.6,83.79,14.19,14.19,92592,33.507255,-117.029473,0.0,69.6,984.0,0,1,0.0,0.0,0.0,2.0,0,0.0,2.0,59.0,1
184.1,596.57,412.47,45.83,95631,39.031876,-120.811141,0.0,20.4,335.0,0,9,1.0,1.0,1.0,3.0,2,1.0,1.0,0.0,0
3691.2,3946.18,254.98,6.71,92239,33.889605,-115.257009,0.0,95.1,254.0,0,38,0.0,0.0,2.0,2.0,0,2.0,2.0,11.0,0
59.05,59.05,0.0,0.0,95427,39.239818,-123.565432,0.0,30.9,210.0,0,2,2.0,0.0,0.0,1.0,0,0.0,0.0,18.0,1
187.35,234.95,47.6,4.76,95688,38.419088,-122.024568,0.0,20.55,1022.0,0,10,1.0,1.0,1.0,3.0,0,1.0,1.0,0.0,0
3762.0,5104.73,1342.73,36.29,92027,33.141265,-116.967221,0.0,99.5,305.0,1,37,0.0,0.0,0.0,2.0,0,2.0,2.0,27.0,1
600.0,600.0,0.0,0.0,94576,38.554383,-122.474773,0.0,33.5,247.0,0,18,0.0,0.0,2.0,1.0,0,2.0,0.0,26.0,1
830.25,1871.45,1041.2,26.03,92860,33.925833,-117.559639,2.0,19.65,670.0,0,40,1.0,1.0,1.0,3.0,0,1.0,1.0,0.0,0
7132.15,7883.67,751.52,12.32,92657,33.603282,-117.821841,0.0,114.1,663.0,8,61,2.0,0.0,2.0,2.0,0,2.0,2.0,7.0,0
5073.1,6976.65,1903.55,34.61,95816,38.574856,-121.46504,0.0,94.45,838.0,1,55,0.0,0.0,2.0,2.0,0,2.0,0.0,16.0,0
246.5,343.79,97.29,32.43,91789,34.018354,-117.85492,0.0,79.1,1042.0,0,3,0.0,2.0,2.0,2.0,0,0.0,0.0,2.0,1
2254.2,2279.61,25.41,1.21,90071,34.052917,-118.255178,0.0,103.9,552.0,1,21,0.0,2.0,0.0,2.0,0,2.0,2.0,16.0,1
2231.05,2617.45,386.4,16.1,92122,32.85723,-117.209774,0.0,93.15,852.0,1,24,0.0,0.0,0.0,0.0,0,2.0,2.0,12.0,1
294.2,418.08,113.88,28.47,92801,33.844983,-117.952151,0.0,70.5,23.0,2,4,0.0,0.0,0.0,2.0,0,0.0,0.0,5.0,0
29.85,29.85,0.0,0.0,90001,33.973616,-118.24902,0.0,29.85,552.0,0,1,0.0,0.0,2.0,1.0,0,0.0,0.0,10.0,0
109.6,283.6,174.0,34.8,95019,36.936228,-121.785559,0.0,19.95,345.0,0,5,1.0,1.0,1.0,3.0,0,1.0,1.0,0.0,0
63.75,141.0,77.25,25.75,95204,37.974498,-121.319568,0.0,19.85,954.0,0,3,1.0,1.0,1.0,3.0,0,1.0,1.0,0.0,1
404.2,414.76,35.0,7.0,94945,38.135897,-122.563683,0.0,83.6,679.0,1,5,0.0,0.0,2.0,2.0,0,0.0,2.0,23.0,1
1301.1,2356.16,1055.06,14.86,90007,34.027337,-118.28515,2.0,19.7,552.0,8,71,1.0,1.0,1.0,3.0,1,1.0,1.0,0.0,0
374.5,830.1,455.6,22.78,92239,33.889605,-115.257009,0.0,19.4,254.0,0,20,1.0,1.0,1.0,3.0,3,1.0,1.0,0.0,1
357.15,357.15,0.0,0.0,90230,33.993991,-118.39704,0.0,29.15,234.0,0,13,0.0,0.0,2.0,1.0,0,0.0,0.0,28.0,0
8496.7,11979.34,3482.64,48.37,94515,38.629618,-122.593216,2.0,114.9,135.0,0,72,2.0,2.0,2.0,2.0,0,2.0,2.0,5.0,0
865.0,1089.23,271.01,6.61,92075,33.001813,-117.263628,1.0,20.25,927.0,0,41,1.0,1.0,1.0,3.0,0,1.0,1.0,0.0,0
1129.75,1664.79,535.04,48.64,91502,34.177267,-118.31003,0.0,100.75,119.0,0,11,0.0,0.0,0.0,2.0,0,2.0,2.0,28.0,1
79.5,128.47,48.97,48.97,92629,33.477923,-117.705314,0.0,79.5,240.0,0,1,0.0,0.0,0.0,2.0,0,0.0,0.0,23.0,1
2090.25,2289.35,199.1,9.05,91905,32.677097,-116.304991,1.0,100.05,105.0,10,22,0.0,0.0,2.0,2.0,3,2.0,2.0,57.0,0
2655.25,3813.75,1158.5,46.34,94109,37.794487,-122.42227,0.0,105.95,855.0,0,25,0.0,0.0,2.0,2.0,0,2.0,0.0,22.0,1
1612.75,2180.27,615.78,34.21,94595,37.862128,-122.075197,0.0,90.1,1043.0,0,18,2.0,0.0,0.0,2.0,0,0.0,2.0,19.0,1
74.4,85.48,11.08,11.08,95919,39.440687,-121.263583,0.0,74.4,116.0,0,1,0.0,0.0,0.0,2.0,0,0.0,0.0,12.0,1
5550.1,6842.3,1292.2,18.2,94544,37.639215,-122.037554,2.0,77.35,408.0,0,71,2.0,2.0,2.0,1.0,0,2.0,0.0,28.0,0
1801.9,3556.31,1754.41,24.71,94041,37.388349,-122.075299,2.0,25.95,646.0,2,71,1.0,1.0,1.0,3.0,0,1.0,1.0,0.0,0
620.35,834.62,214.27,30.61,92028,33.362575,-117.299644,0.0,86.8,315.0,0,7,0.0,0.0,0.0,2.0,0,0.0,2.0,59.0,1
7108.2,7359.53,286.0,4.4,90638,33.902045,-118.008961,2.0,109.05,489.0,0,65,2.0,2.0,0.0,2.0,0,2.0,2.0,10.0,0
433.5,1256.3,822.8,37.4,92808,33.850452,-117.726668,1.0,19.95,23.0,1,22,1.0,1.0,1.0,3.0,1,1.0,1.0,0.0,0
235.5,252.12,16.62,5.54,92126,32.886925,-117.152162,0.0,70.3,852.0,0,3,0.0,0.0,0.0,2.0,0,0.0,0.0,16.0,1
134.7,210.14,75.44,37.72,96126,39.559709,-120.345639,0.0,69.8,919.0,0,2,0.0,0.0,0.0,2.0,0,0.0,0.0,27.0,1
3229.65,4478.16,1148.51,21.67,95126,37.327069,-121.916819,1.0,60.05,861.0,1,53,2.0,2.0,0.0,0.0,0,0.0,0.0,6.0,1
7842.3,10576.5,2734.2,39.06,91917,32.622999,-116.687855,2.0,114.75,272.0,10,70,2.0,2.0,2.0,2.0,3,2.0,2.0,75.0,0
1144.5,1354.72,130.22,7.66,95922,39.432127,-121.099287,0.0,70.0,145.0,0,17,0.0,0.0,0.0,2.0,0,0.0,0.0,17.0,1
1533.8,1772.08,262.2,11.4,95130,37.277592,-121.986477,1.0,66.25,861.0,4,23,2.0,2.0,2.0,1.0,0,2.0,0.0,58.0,0
245.15,383.91,138.76,34.69,94523,37.95338,-122.076886,0.0,56.75,770.0,0,4,0.0,2.0,0.0,1.0,0,2.0,0.0,47.0,0
1511.2,1662.08,150.88,9.43,91764,34.074087,-117.605618,0.0,94.45,700.0,0,16,2.0,0.0,0.0,2.0,0,0.0,2.0,9.0,1
49.65,93.83,4.18,4.18,93105,34.037342,-119.80079,0.0,49.65,882.0,0,1,0.0,0.0,0.0,1.0,0,2.0,0.0,8.0,1
7737.55,9311.79,1620.5,23.15,91304,34.224377,-118.632656,2.0,111.15,147.0,0,70,0.0,2.0,2.0,2.0,0,2.0,2.0,17.0,0
20.95,61.43,40.48,40.48,95065,37.031404,-121.981865,0.0,20.95,885.0,0,1,1.0,1.0,1.0,3.0,0,1.0,1.0,0.0,1
1193.05,1930.71,737.66,33.53,92121,32.898613,-117.202937,1.0,55.15,852.0,0,22,2.0,0.0,2.0,1.0,0,0.0,0.0,59.0,1
1657.4,2054.52,397.12,5.84,95236,38.047746,-121.030499,2.0,24.55,528.0,0,68,1.0,1.0,1.0,3.0,0,1.0,1.0,0.0,0
1144.5,1354.72,130.22,7.66,95922,39.432127,-121.099287,0.0,70.0,145.0,0,17,0.0,0.0,0.0,2.0,0,0.0,0.0,17.0,1
93.55,306.15,212.6,42.52,92660,33.634626,-117.874882,0.0,20.65,662.0,0,5,1.0,1.0,1.0,3.0,0,1.0,1.0,0.0,0
3487.95,3981.47,493.52,7.96,90011,34.00709,-118.258681,1.0,56.15,552.0,0,62,0.0,2.0,2.0,1.0,0,0.0,0.0,8.0,0
4888.2,5775.24,887.04,12.32,95655,38.549822,-121.266725,2.0,68.75,587.0,6,72,0.0,2.0,2.0,1.0,0,2.0,2.0,59.0,0
4473.0,4550.01,77.01,1.51,92264,33.745746,-116.514215,0.0,87.35,721.0,0,51,2.0,0.0,2.0,2.0,0,2.0,0.0,52.0,0
3605.6,3755.7,150.1,3.95,90401,34.015481,-118.493231,1.0,95.0,889.0,0,38,2.0,0.0,0.0,2.0,0,2.0,0.0,21.0,0
7732.65,10052.49,2319.84,32.22,92311,34.965648,-117.001509,2.0,104.9,61.0,6,72,2.0,2.0,2.0,2.0,3,2.0,2.0,25.0,0
130.15,138.13,7.98,2.66,93280,35.652242,-119.4464,0.0,46.1,1046.0,2,3,0.0,0.0,0.0,1.0,0,0.0,0.0,7.0,0
313.4,825.24,511.84,31.99,95450,38.505995,-123.187019,0.0,19.75,457.0,2,16,1.0,1.0,1.0,3.0,1,1.0,1.0,0.0,0
5508.35,6731.31,1072.96,19.16,92130,32.957195,-117.202542,1.0,98.25,852.0,1,56,0.0,0.0,2.0,2.0,0,0.0,2.0,48.0,1
940.35,1465.16,524.81,40.37,95019,36.936228,-121.785559,0.0,74.3,345.0,0,13,0.0,0.0,0.0,2.0,0,2.0,0.0,21.0,1
6579.05,6962.65,383.6,5.48,93040,34.432843,-118.730106,2.0,93.9,760.0,1,70,2.0,2.0,2.0,2.0,0,2.0,0.0,14.0,1
474.9,647.16,172.26,28.71,92620,33.716136,-117.752574,0.0,84.35,449.0,1,6,0.0,0.0,0.0,2.0,0,0.0,0.0,17.0,1
2313.8,3735.71,1421.91,38.43,91730,34.10097,-117.57882,2.0,65.6,795.0,0,37,2.0,2.0,2.0,0.0,0,2.0,0.0,30.0,0
5508.35,6731.31,1072.96,19.16,92130,32.957195,-117.202542,1.0,98.25,852.0,1,56,0.0,0.0,2.0,2.0,0,0.0,2.0,48.0,1
2497.35,2715.85,218.5,5.75,90024,34.066303,-118.435479,1.0,70.15,552.0,0,38,2.0,0.0,2.0,0.0,0,2.0,0.0,30.0,1
216.75,261.81,45.06,15.02,92024,33.054579,-117.25665,0.0,75.15,302.0,1,3,0.0,0.0,0.0,2.0,0,0.0,0.0,29.0,1
1742.95,1946.35,203.4,11.3,95428,39.83307,-123.178765,0.0,99.4,226.0,1,18,0.0,2.0,0.0,2.0,0,0.0,2.0,16.0,1
324.3,496.54,172.24,43.06,95237,38.166791,-121.14207,0.0,79.9,537.0,0,4,0.0,0.0,0.0,2.0,0,0.0,2.0,46.0,1
6719.9,7698.38,978.48,13.59,90061,33.92128,-118.274186,2.0,92.3,552.0,5,72,2.0,2.0,2.0,1.0,0,2.0,2.0,5.0,0
295.65,503.85,208.2,34.7,95946,39.203817,-121.19584,0.0,49.15,740.0,1,6,0.0,2.0,0.0,1.0,3,0.0,0.0,51.0,0
19.55,60.18,40.63,40.63,92629,33.477923,-117.705314,0.0,19.55,240.0,0,1,1.0,1.0,1.0,3.0,0,1.0,1.0,0.0,0
3219.75,4589.82,1370.07,35.13,92070,33.174725,-116.743329,1.0,81.9,893.0,0,39,2.0,0.0,0.0,2.0,0,2.0,0.0,29.0,0
6151.9,6941.74,789.84,10.97,93204,35.916943,-120.129921,2.0,85.95,50.0,2,72,2.0,0.0,2.0,1.0,0,2.0,2.0,30.0,0
864.55,969.0,24.45,1.63,93219,35.858054,-119.305858,1.0,55.2,280.0,0,15,2.0,0.0,0.0,1.0,2,2.0,0.0,11.0,0
77.5,228.14,150.64,37.66,90706,33.887676,-118.127289,0.0,20.35,68.0,0,4,1.0,1.0,1.0,3.0,0,1.0,1.0,0.0,1
950.75,1606.1,655.35,43.69,91356,34.157137,-118.548511,1.0,64.85,979.0,0,15,0.0,2.0,0.0,1.0,3,2.0,2.0,29.0,0
2342.2,2342.2,0.0,0.0,96006,41.171578,-120.913161,0.0,55.55,3.0,1,43,0.0,0.0,2.0,1.0,0,2.0,0.0,21.0,1
1308.4,1732.9,424.5,28.3,95683,38.470423,-121.114897,0.0,84.3,922.0,1,15,0.0,0.0,0.0,0.0,0,2.0,0.0,28.0,1
2447.95,3170.19,722.24,22.57,92126,32.886925,-117.152162,0.0,78.9,852.0,1,32,0.0,0.0,0.0,2.0,0,2.0,0.0,11.0,1
1381.2,2105.52,724.32,30.18,96076,40.367964,-122.937379,0.0,56.35,767.0,0,24,2.0,2.0,0.0,1.0,0,0.0,0.0,4.0,0
3715.65,5989.05,2273.4,42.1,92119,32.802959,-117.027095,1.0,70.15,852.0,1,54,0.0,0.0,0.0,1.0,0,0.0,2.0,12.0,1
1111.65,1499.42,436.02,33.54,91206,34.162515,-118.203869,0.0,79.25,366.0,0,13,0.0,0.0,2.0,2.0,3,2.0,0.0,76.0,1
1815.0,2525.28,710.28,19.73,93554,35.405722,-117.773354,0.0,51.05,800.0,3,36,0.0,2.0,0.0,1.0,2,0.0,0.0,19.0,0
3533.6,4704.05,1170.45,26.01,95501,40.796621,-124.15428,2.0,81.0,309.0,10,45,2.0,2.0,0.0,0.0,0,2.0,2.0,29.0,0
4546.0,4576.0,0.0,0.0,93428,35.591387,-121.032256,2.0,64.95,139.0,1,72,2.0,2.0,2.0,1.0,0,2.0,0.0,7.0,0
1470.95,1800.75,329.8,16.49,94014,37.691561,-122.445202,0.0,70.45,239.0,1,20,0.0,0.0,0.0,2.0,0,0.0,0.0,8.0,1
264.55,748.63,484.08,40.34,91910,32.636792,-117.054989,2.0,20.05,189.0,10,12,1.0,1.0,1.0,3.0,0,1.0,1.0,0.0,0
189.2,273.52,84.32,42.16,93906,36.722898,-121.633648,0.0,75.7,841.0,0,2,0.0,2.0,0.0,0.0,0,0.0,0.0,2.0,1
134.7,210.14,75.44,37.72,96126,39.559709,-120.345639,0.0,69.8,919.0,0,2,0.0,0.0,0.0,2.0,0,0.0,0.0,27.0,1
70.0,108.8,38.8,38.8,95564,40.809636,-124.189977,0.0,70.0,844.0,1,1,0.0,0.0,0.0,2.0,0,0.0,0.0,4.0,1
256.25,327.71,71.46,23.82,92243,32.770393,-115.60915,0.0,75.05,285.0,0,3,0.0,0.0,0.0,2.0,0,0.0,0.0,30.0,1
163.2,573.6,410.4,41.04,93430,35.511833,-120.918713,0.0,18.85,174.0,0,10,1.0,1.0,1.0,3.0,0,1.0,1.0,0.0,0
1852.85,2120.81,267.96,12.76,90501,33.833699,-118.314387,0.0,82.35,999.0,0,21,0.0,0.0,2.0,2.0,0,0.0,2.0,48.0,1
6844.5,8887.86,2043.36,30.96,92308,34.424926,-117.184503,2.0,105.65,32.0,0,66,2.0,2.0,0.0,2.0,0,2.0,2.0,11.0,0
1285.8,1405.92,120.12,4.62,95629,38.513484,-120.704613,1.0,50.35,322.0,4,26,0.0,0.0,0.0,1.0,1,2.0,0.0,19.0,0
259.8,259.8,0.0,0.0,95224,38.208336,-120.339938,1.0,24.1,51.0,1,9,0.0,0.0,0.0,1.0,0,0.0,0.0,15.0,1
989.05,2886.55,1897.5,37.95,92321,34.255203,-117.175654,1.0,19.75,176.0,0,50,1.0,1.0,1.0,3.0,0,1.0,1.0,0.0,0
3778.1,4014.4,186.3,4.14,91342,34.321621,-118.399841,0.0,85.7,974.0,0,45,2.0,2.0,2.0,2.0,0,0.0,0.0,20.0,0
3134.7,3665.94,531.24,9.32,94523,37.95338,-122.076886,1.0,54.65,770.0,0,57,2.0,0.0,2.0,1.0,0,0.0,0.0,20.0,0
19.45,48.18,28.73,28.73,95554,40.267158,-123.805913,0.0,19.45,650.0,1,1,1.0,1.0,1.0,3.0,2,1.0,1.0,0.0,1
473.9,1286.26,812.36,35.32,95816,38.574856,-121.46504,0.0,20.85,838.0,0,23,1.0,1.0,1.0,3.0,0,1.0,1.0,0.0,0
20.2,44.68,24.48,24.48,90036,34.070291,-118.349191,0.0,20.2,552.0,0,1,1.0,1.0,1.0,3.0,0,1.0,1.0,0.0,0
2877.95,3353.8,475.85,15.35,95703,38.983388,-120.988814,2.0,96.6,33.0,0,31,2.0,0.0,0.0,2.0,0,2.0,0.0,10.0,0
144.55,232.61,78.06,39.03,92126,32.886925,-117.152162,0.0,80.25,852.0,0,2,0.0,0.0,0.0,2.0,0,0.0,0.0,30.0,1
20.5,55.07,34.57,34.57,93429,34.866032,-120.536546,0.0,20.5,165.0,0,1,1.0,1.0,1.0,3.0,3,1.0,1.0,0.0,1
7007.6,10374.8,3367.2,48.8,92122,32.85723,-117.209774,0.0,99.45,852.0,2,69,0.0,0.0,0.0,2.0,0,2.0,2.0,26.0,1
1258.35,1413.96,155.61,7.41,92571,33.828289,-117.201666,1.0,60.25,743.0,0,21,2.0,2.0,0.0,1.0,0,2.0,0.0,51.0,0
3121.1,4379.0,1257.9,41.93,92065,33.044541,-116.833922,2.0,104.1,792.0,0,30,0.0,0.0,2.0,2.0,0,2.0,0.0,21.0,0
579.0,908.04,329.04,41.13,95543,41.867908,-123.794144,0.0,66.7,358.0,0,8,0.0,2.0,0.0,1.0,0,2.0,2.0,27.0,0
56.25,82.39,26.14,26.14,96069,40.689243,-122.037023,0.0,56.25,684.0,0,1,0.0,0.0,0.0,1.0,0,0.0,2.0,22.0,1
84.85,120.92,36.07,36.07,94568,37.713926,-121.928425,0.0,84.85,270.0,0,1,0.0,0.0,0.0,2.0,0,2.0,2.0,41.0,1
1173.55,1340.11,166.56,13.88,91913,32.64164,-116.985026,0.0,94.55,189.0,0,12,0.0,0.0,0.0,2.0,0,0.0,2.0,8.0,0
3265.95,3415.95,0.0,0.0,90069,34.093781,-118.381061,2.0,57.5,1058.0,2,57,2.0,0.0,2.0,1.0,0,2.0,2.0,69.0,0
4040.2,4684.8,644.6,14.65,95620,38.392821,-121.799917,2.0,89.2,260.0,6,44,0.0,0.0,0.0,2.0,0,2.0,0.0,30.0,0
50.7,88.75,38.05,38.05,94583,37.766556,-121.976784,0.0,50.7,877.0,0,1,0.0,2.0,0.0,0.0,0,0.0,0.0,14.0,0
261.25,303.81,42.56,10.64,95709,38.748316,-120.675512,0.0,68.65,140.0,0,4,0.0,0.0,2.0,1.0,0,0.0,2.0,23.0,1
38.8,58.02,19.22,9.61,92804,33.818,-117.974404,0.0,19.65,23.0,0,2,1.0,1.0,1.0,3.0,0,1.0,1.0,0.0,0
1665.2,1860.23,195.03,5.91,94020,37.285677,-122.224165,0.0,54.65,486.0,0,33,0.0,0.0,2.0,1.0,0,0.0,0.0,5.0,0
4921.2,5114.23,133.03,2.51,90005,34.059281,-118.30742,0.0,90.8,552.0,0,53,0.0,2.0,2.0,2.0,0,2.0,0.0,19.0,0
857.25,1102.14,244.89,27.21,90211,34.063947,-118.383001,0.0,94.4,77.0,0,9,0.0,0.0,0.0,2.0,2,0.0,2.0,29.0,1
819.4,1143.0,323.6,40.45,94704,37.871416,-122.246597,0.0,100.6,74.0,0,8,0.0,0.0,0.0,2.0,0,2.0,0.0,29.0,1
69.75,97.72,27.97,27.97,92305,34.1678,-116.86433,0.0,70.5,26.0,0,1,0.0,0.0,0.0,2.0,0,0.0,0.0,18.0,1
4549.45,5317.95,768.5,15.37,95245,38.304194,-120.592431,1.0,90.1,622.0,0,50,2.0,2.0,2.0,2.0,0,2.0,0.0,22.0,0
1284.2,1571.56,287.36,17.96,93224,35.215731,-119.57013,0.0,73.85,319.0,1,16,0.0,0.0,0.0,2.0,0,0.0,0.0,30.0,1
1218.55,1800.55,582.0,48.5,96109,40.012675,-120.101857,0.0,101.35,268.0,1,12,0.0,0.0,2.0,2.0,0,0.0,0.0,4.0,1
1516.6,2480.64,964.04,34.43,95747,38.784329,-121.373245,1.0,54.4,833.0,0,28,2.0,0.0,2.0,1.0,1,0.0,0.0,22.0,0
770.4,770.4,0.0,0.0,96008,40.722733,-122.109666,2.0,35.1,67.0,0,21,2.0,2.0,0.0,1.0,0,0.0,0.0,4.0,0
4804.65,5922.09,1117.44,15.52,93305,35.391733,-118.984109,2.0,67.8,56.0,1,72,2.0,2.0,2.0,0.0,0,2.0,0.0,6.0,0
2387.75,3293.75,906.0,36.24,95626,38.734997,-121.463719,0.0,100.25,299.0,0,25,0.0,0.0,2.0,2.0,0,0.0,2.0,3.0,1
80.55,140.93,60.38,30.19,91744,34.031441,-117.936436,0.0,44.6,491.0,3,2,0.0,0.0,0.0,0.0,0,0.0,0.0,16.0,1
3067.2,3954.96,887.76,24.66,95686,38.157794,-121.520223,0.0,84.9,991.0,0,36,0.0,0.0,0.0,2.0,0,0.0,2.0,22.0,1
6895.5,7783.92,888.42,13.26,92504,33.9108,-117.398153,2.0,103.15,827.0,4,67,2.0,0.0,2.0,2.0,3,2.0,2.0,76.0,0
764.55,1116.07,351.52,27.04,90822,33.778436,-118.118648,0.0,56.0,546.0,0,13,0.0,2.0,2.0,1.0,1,0.0,0.0,10.0,0
1167.8,1902.2,734.4,45.9,92648,33.679659,-118.016195,0.0,71.8,434.0,1,16,0.0,0.0,0.0,2.0,0,0.0,0.0,5.0,1
735.5,778.4,42.9,4.29,95615,38.311609,-121.554034,0.0,70.15,225.0,0,10,0.0,0.0,0.0,2.0,0,0.0,0.0,85.0,0
2995.45,4194.22,1198.77,38.67,96017,41.121108,-122.336613,0.0,91.15,169.0,1,31,0.0,0.0,2.0,0.0,0,0.0,2.0,13.0,1
834.1,893.3,59.2,5.92,92630,33.644849,-117.684254,0.0,86.05,502.0,0,10,0.0,0.0,0.0,2.0,0,0.0,0.0,11.0,1
3686.05,5166.34,1480.29,27.93,92234,33.829583,-116.474131,2.0,69.7,172.0,9,53,0.0,2.0,2.0,1.0,3,0.0,2.0,57.0,0
3706.95,4318.3,653.2,16.33,94940,38.129308,-122.834815,0.0,97.1,584.0,1,40,0.0,0.0,0.0,2.0,0,0.0,2.0,23.0,1
2499.3,4101.05,1601.75,37.25,93204,35.916943,-120.129921,0.0,56.15,50.0,3,43,0.0,0.0,0.0,1.0,0,0.0,0.0,20.0,1
6254.2,8054.52,1800.32,28.13,95663,38.859093,-121.182872,1.0,100.05,742.0,0,64,0.0,0.0,0.0,2.0,0,2.0,2.0,18.0,1
76.45,90.29,3.84,3.84,92121,32.898613,-117.202937,0.0,76.45,852.0,0,1,0.0,0.0,0.0,2.0,0,0.0,0.0,13.0,1
154.85,174.57,19.72,9.86,90620,33.845706,-118.012204,0.0,70.75,118.0,0,2,0.0,0.0,0.0,2.0,0,0.0,0.0,21.0,1
208.85,288.98,80.13,26.71,93536,34.741406,-118.38111,0.0,70.3,511.0,1,3,0.0,0.0,0.0,2.0,0,0.0,0.0,11.0,1
1171.3,2861.95,1690.65,37.57,96121,40.181279,-120.392967,2.0,24.65,608.0,5,45,1.0,1.0,1.0,3.0,1,1.0,1.0,0.0,0
80.05,119.84,39.79,39.79,92109,32.787836,-117.232376,0.0,80.05,852.0,1,1,0.0,0.0,0.0,2.0,0,0.0,0.0,7.0,1
75.1,79.63,4.53,4.53,92347,34.983808,-117.239306,0.0,75.1,422.0,0,1,0.0,0.0,0.0,2.0,0,0.0,0.0,28.0,0
586.05,788.49,202.44,28.92,92557,33.970661,-117.255039,0.0,79.7,634.0,0,7,0.0,0.0,0.0,2.0,0,0.0,0.0,16.0,1
738.2,1055.4,317.2,31.72,94526,37.815459,-121.977203,0.0,70.3,241.0,1,10,0.0,0.0,0.0,2.0,0,0.0,0.0,23.0,1
3418.2,5014.9,1596.7,45.62,95685,38.432145,-120.77069,0.0,95.5,973.0,0,35,2.0,0.0,0.0,2.0,0,2.0,0.0,59.0,0
7349.35,10103.15,2753.8,39.34,92782,33.738543,-117.785046,2.0,104.45,1013.0,3,70,2.0,0.0,2.0,2.0,0,0.0,0.0,13.0,0
5815.15,9302.83,3487.68,48.44,95636,38.636102,-120.522149,2.0,82.3,389.0,10,72,2.0,2.0,2.0,0.0,0,2.0,0.0,15.0,0
2347.9,2519.91,191.68,5.99,94923,38.377165,-123.037957,0.0,69.75,96.0,1,32,0.0,0.0,0.0,2.0,0,0.0,0.0,5.0,1
740.8,913.39,172.59,15.69,95351,37.621458,-121.012295,0.0,66.35,620.0,1,11,2.0,0.0,0.0,1.0,0,0.0,2.0,12.0,1
2440.15,3135.67,695.52,28.98,94601,37.776523,-122.219268,0.0,101.25,688.0,0,24,0.0,0.0,2.0,2.0,0,0.0,2.0,30.0,1
1470.95,1800.75,329.8,16.49,94014,37.691561,-122.445202,0.0,70.45,239.0,1,20,0.0,0.0,0.0,2.0,0,0.0,0.0,8.0,1
108.15,129.09,20.94,10.47,90003,33.964131,-118.272783,0.0,53.85,552.0,0,2,0.0,2.0,2.0,1.0,0,0.0,0.0,21.0,1
6263.8,6981.61,717.81,10.11,90723,33.897122,-118.164432,2.0,86.85,729.0,10,71,2.0,2.0,2.0,1.0,3,2.0,2.0,59.0,0
1144.5,1354.72,130.22,7.66,95922,39.432127,-121.099287,0.0,70.0,145.0,0,17,0.0,0.0,0.0,2.0,0,0.0,0.0,17.0,1
184.05,413.73,229.68,38.28,93260,35.861928,-118.636698,0.0,26.35,784.0,0,6,1.0,1.0,1.0,3.0,3,1.0,1.0,0.0,0
3527.6,3894.75,367.15,10.49,92701,33.748478,-117.858918,0.0,100.25,881.0,0,35,0.0,0.0,0.0,2.0,0,2.0,2.0,17.0,1
2145.0,2285.0,0.0,0.0,92397,34.358321,-117.618263,0.0,45.3,1093.0,3,48,0.0,2.0,0.0,0.0,0,2.0,2.0,58.0,1
3355.65,3893.9,576.4,14.41,93035,34.18454,-119.224666,1.0,85.05,712.0,5,40,0.0,0.0,0.0,2.0,1,2.0,0.0,22.0,0
24.8,24.8,0.0,0.0,92126,32.886925,-117.152162,0.0,24.8,852.0,1,1,0.0,0.0,0.0,1.0,0,0.0,0.0,19.0,1
158.35,198.19,39.84,4.98,94122,37.760412,-122.484966,0.0,20.25,855.0,9,8,1.0,1.0,1.0,3.0,0,1.0,1.0,0.0,0
1413.0,2501.72,1088.72,17.56,95901,39.19514,-121.503883,2.0,70.5,586.0,0,62,1.0,1.0,1.0,3.0,1,1.0,1.0,0.0,0
677.9,826.3,148.4,4.24,94102,37.7795,-122.419233,2.0,19.25,855.0,0,35,1.0,1.0,1.0,3.0,0,1.0,1.0,0.0,0
3969.4,5661.28,1691.88,36.78,95422,38.965804,-122.631779,0.0,85.0,194.0,0,46,0.0,2.0,0.0,2.0,0,0.0,2.0,29.0,1
770.6,1466.41,695.81,40.93,92130,32.957195,-117.202542,0.0,45.05,852.0,0,17,0.0,0.0,0.0,1.0,0,0.0,0.0,2.0,1
2198.9,2718.8,519.9,17.33,92236,33.680031,-116.171678,1.0,70.25,201.0,7,30,2.0,0.0,2.0,1.0,0,2.0,2.0,13.0,0
4447.75,6095.11,1647.36,25.74,95366,37.750778,-121.13238,2.0,69.25,823.0,4,64,2.0,2.0,0.0,1.0,0,2.0,0.0,51.0,0
1145.35,1232.14,86.79,7.89,92262,33.839989,-116.659215,0.0,102.0,721.0,1,11,0.0,0.0,2.0,2.0,0,0.0,2.0,10.0,1
1189.4,1602.68,413.28,25.83,94123,37.800254,-122.436975,0.0,75.4,855.0,1,16,0.0,0.0,0.0,2.0,0,0.0,0.0,46.0,0
515.75,1655.59,1139.84,43.84,95133,37.371862,-121.860349,2.0,19.15,861.0,9,26,1.0,1.0,1.0,3.0,2,1.0,1.0,0.0,0
63.15,107.52,44.37,14.79,90006,34.048013,-118.293953,0.0,20.4,552.0,0,3,1.0,1.0,1.0,3.0,0,1.0,1.0,0.0,0
4744.35,5026.11,281.76,5.87,91356,34.157137,-118.548511,1.0,99.0,979.0,0,48,0.0,0.0,2.0,2.0,0,0.0,0.0,2.0,0
5293.95,7368.19,1984.24,29.18,92122,32.85723,-117.209774,1.0,75.8,852.0,1,68,2.0,0.0,2.0,1.0,0,2.0,2.0,18.0,1
7542.25,8152.01,599.76,8.33,95118,37.255479,-121.889838,2.0,105.55,861.0,4,72,0.0,2.0,0.0,2.0,3,2.0,2.0,59.0,0
69.5,77.81,8.31,8.31,95983,40.053684,-120.743116,0.0,69.5,980.0,0,1,0.0,0.0,0.0,2.0,0,0.0,0.0,27.0,1
136.75,480.87,344.12,49.16,95227,38.227285,-121.02789,1.0,19.45,196.0,0,7,1.0,1.0,1.0,3.0,2,1.0,1.0,0.0,0
2135.5,2235.41,89.91,3.33,90660,33.989524,-118.089299,0.0,78.05,750.0,0,27,0.0,0.0,0.0,2.0,1,2.0,0.0,18.0,1
43.15,108.87,65.72,32.86,91311,34.294142,-118.603883,0.0,20.1,181.0,9,2,1.0,1.0,1.0,3.0,0,1.0,1.0,0.0,0
402.6,747.0,344.4,34.44,91321,34.370378,-118.504118,0.0,45.55,660.0,0,10,0.0,0.0,0.0,0.0,0,0.0,2.0,69.0,1
8035.95,10257.51,2221.56,32.67,96145,39.178337,-120.162806,1.0,117.2,976.0,0,68,2.0,2.0,2.0,2.0,0,2.0,2.0,3.0,0
5760.65,6719.69,959.04,17.76,91501,34.188339,-118.300942,2.0,108.0,119.0,0,54,2.0,2.0,2.0,2.0,0,0.0,2.0,4.0,0
762.1,1126.82,364.72,45.59,95726,38.733908,-120.453416,0.0,87.05,775.0,0,8,0.0,0.0,0.0,2.0,0,0.0,0.0,8.0,1
1130.85,1288.55,157.7,8.3,95226,38.233879,-120.861666,0.0,59.8,144.0,3,19,0.0,0.0,2.0,1.0,0,0.0,2.0,48.0,0
4541.9,5482.36,940.46,15.94,95116,37.350284,-121.852855,1.0,76.75,861.0,1,59,2.0,0.0,2.0,1.0,2,2.0,2.0,19.0,0
99.45,305.5,206.05,41.21,92120,32.807867,-117.060993,1.0,20.55,852.0,1,5,1.0,1.0,1.0,3.0,2,1.0,1.0,0.0,0
75.5,81.13,5.63,5.63,91001,34.196837,-118.142236,0.0,75.5,18.0,0,1,2.0,0.0,0.0,0.0,0,2.0,2.0,52.0,0
2781.85,4070.17,1288.32,40.26,94611,37.828416,-122.216005,1.0,84.05,688.0,0,32,0.0,0.0,0.0,2.0,0,0.0,0.0,14.0,1
70.85,120.45,49.6,49.6,92625,33.600987,-117.862734,0.0,70.85,218.0,1,1,0.0,0.0,0.0,2.0,0,0.0,0.0,13.0,1
8684.8,11195.44,2510.64,34.87,95519,40.965011,-124.015255,1.0,117.8,594.0,1,72,2.0,2.0,2.0,2.0,0,2.0,2.0,8.0,1
164.5,181.14,16.64,8.32,92109,32.787836,-117.232376,0.0,79.75,852.0,0,2,0.0,0.0,0.0,2.0,0,0.0,0.0,16.0,1
232.4,528.2,295.8,24.65,93673,36.456091,-119.486225,0.0,20.1,1003.0,3,12,1.0,1.0,1.0,3.0,1,1.0,1.0,0.0,0
2979.5,3912.94,853.44,30.48,93257,36.008958,-118.891593,0.0,105.7,781.0,0,28,0.0,0.0,2.0,2.0,0,2.0,2.0,13.0,1
738.2,1055.4,317.2,31.72,94526,37.815459,-121.977203,0.0,70.3,241.0,1,10,0.0,0.0,0.0,2.0,0,0.0,0.0,23.0,1
1765.95,1765.95,0.0,0.0,93518,35.358953,-118.527064,2.0,56.25,130.0,0,34,0.0,0.0,2.0,1.0,0,2.0,0.0,28.0,0
113.35,124.01,10.66,5.33,95222,38.071327,-120.632221,0.0,55.1,25.0,0,2,0.0,2.0,0.0,0.0,0,2.0,0.0,52.0,1
631.85,949.73,257.88,36.84,92341,34.244411,-117.072654,0.0,89.35,380.0,0,7,0.0,0.0,0.0,2.0,0,2.0,0.0,17.0,1
7634.25,8904.54,1270.29,18.41,90001,33.973616,-118.24902,2.0,109.95,552.0,1,69,2.0,0.0,2.0,2.0,0,2.0,0.0,17.0,0
918.6,1356.99,438.39,48.71,94102,37.7795,-122.419233,0.0,100.5,855.0,0,9,0.0,0.0,0.0,2.0,0,2.0,2.0,15.0,1
1370.35,1825.35,455.0,22.75,93609,36.5276,-119.865999,0.0,68.9,164.0,0,20,2.0,0.0,2.0,0.0,0,0.0,2.0,11.0,0
178.7,226.8,48.1,24.05,93647,36.600185,-119.175655,0.0,70.5,710.0,0,2,0.0,0.0,0.0,2.0,0,2.0,2.0,27.0,1
49.5,96.49,16.99,16.99,94605,37.758019,-122.138678,0.0,49.5,688.0,0,1,0.0,0.0,2.0,1.0,0,0.0,0.0,8.0,0
1640.0,1999.38,359.38,21.14,95722,39.003358,-121.022539,0.0,95.65,596.0,0,17,2.0,0.0,0.0,2.0,0,2.0,2.0,5.0,0
2331.3,3204.15,872.85,37.95,93035,34.18454,-119.224666,0.0,99.85,712.0,1,23,2.0,2.0,0.0,2.0,0,0.0,2.0,27.0,1
477.05,609.42,132.37,18.91,93426,35.842889,-121.004862,1.0,69.45,106.0,1,7,0.0,2.0,2.0,1.0,3,2.0,0.0,29.0,0
669.45,806.4,136.95,4.15,93285,35.690535,-118.552784,0.0,20.05,1086.0,5,33,1.0,1.0,1.0,3.0,0,1.0,1.0,0.0,0
3264.45,3264.45,0.0,0.0,94028,37.369709,-122.215844,1.0,45.25,783.0,0,70,0.0,0.0,0.0,1.0,0,0.0,0.0,20.0,1
452.55,1182.39,729.84,30.41,96056,41.10831,-121.360362,2.0,19.7,592.0,8,24,1.0,1.0,1.0,3.0,1,1.0,1.0,0.0,0
450.4,550.4,0.0,0.0,95511,40.166028,-123.584144,2.0,35.4,11.0,0,13,2.0,0.0,0.0,0.0,0,2.0,0.0,13.0,0
3282.75,5010.91,1728.16,30.86,95490,39.492046,-123.375818,1.0,60.25,1072.0,0,56,2.0,2.0,0.0,1.0,0,2.0,0.0,22.0,0
168.2,189.26,21.06,10.53,92122,32.85723,-117.209774,0.0,90.4,852.0,0,2,0.0,0.0,0.0,2.0,0,0.0,2.0,8.0,1
71.35,106.63,35.28,35.28,93549,36.296851,-117.865469,0.0,71.35,695.0,0,1,0.0,0.0,0.0,2.0,0,0.0,2.0,51.0,1
1406.9,2442.74,1035.84,39.84,91786,34.105493,-117.660934,0.0,54.75,1020.0,0,26,0.0,0.0,2.0,0.0,0,2.0,0.0,42.0,0
1093.1,1782.45,689.35,40.55,90032,34.078821,-118.177576,0.0,64.7,552.0,0,17,0.0,0.0,0.0,0.0,0,0.0,2.0,41.0,1
24.45,24.45,0.0,0.0,92337,34.049671,-117.468896,0.0,24.45,329.0,0,1,0.0,0.0,0.0,0.0,0,0.0,0.0,2.0,1
2553.7,4588.15,2034.45,45.21,92701,33.748478,-117.858918,2.0,54.65,881.0,1,45,2.0,2.0,0.0,0.0,1,0.0,0.0,59.0,0
412.5,602.45,219.95,43.99,94945,38.135897,-122.563683,0.0,80.0,679.0,0,5,0.0,0.0,0.0,2.0,0,0.0,2.0,42.0,1
1636.95,1636.95,0.0,0.0,91605,34.207295,-118.400022,1.0,55.35,674.0,6,29,2.0,2.0,2.0,1.0,3,2.0,2.0,57.0,0
20.2,31.45,11.25,11.25,94517,37.881842,-121.848111,0.0,20.2,193.0,0,1,1.0,1.0,1.0,3.0,0,1.0,1.0,0.0,1
242.95,347.78,94.83,31.61,94965,37.848641,-122.515692,0.0,91.5,896.0,1,3,0.0,0.0,2.0,2.0,0,0.0,2.0,20.0,1
620.55,853.84,223.29,24.81,95953,39.258746,-121.77697,0.0,66.25,533.0,0,9,2.0,0.0,2.0,0.0,0,0.0,0.0,69.0,1
4687.9,5312.26,624.36,14.52,93101,34.419203,-119.710008,0.0,110.75,882.0,1,43,2.0,0.0,2.0,2.0,0,2.0,0.0,5.0,1
4527.45,5411.41,883.96,21.56,95006,37.171727,-122.142961,0.0,114.5,104.0,0,41,2.0,2.0,2.0,2.0,0,2.0,2.0,59.0,1
1021.8,3027.85,2006.05,37.85,95934,40.080342,-120.957805,1.0,20.8,228.0,1,53,1.0,1.0,1.0,3.0,0,1.0,1.0,0.0,1
49.55,60.38,10.83,10.83,92339,34.067699,-116.903891,0.0,49.55,332.0,0,1,0.0,2.0,0.0,1.0,0,0.0,0.0,15.0,0
5386.5,6576.45,1226.02,20.78,91355,34.43987,-118.644609,0.0,93.35,1023.0,1,59,2.0,0.0,0.0,2.0,0,2.0,0.0,26.0,0
1372.9,4639.15,3266.25,48.75,95956,39.937017,-121.058043,2.0,19.25,595.0,2,67,1.0,1.0,1.0,3.0,1,1.0,1.0,0.0,0
5426.85,7989.93,2563.08,49.29,94567,38.672708,-122.403219,1.0,105.0,777.0,0,52,2.0,0.0,2.0,2.0,0,2.0,2.0,51.0,1
1377.7,3789.24,2440.52,35.89,91326,34.281911,-118.556218,2.0,19.95,780.0,1,68,1.0,1.0,1.0,3.0,3,1.0,1.0,0.0,0
2347.9,2519.91,191.68,5.99,94923,38.377165,-123.037957,0.0,69.75,96.0,1,32,0.0,0.0,0.0,2.0,0,0.0,0.0,5.0,1
4859.25,7356.69,2497.44,37.84,92870,33.881158,-117.854783,1.0,74.25,764.0,1,66,0.0,0.0,0.0,2.0,1,0.0,0.0,17.0,0
521.8,1970.64,1448.84,49.96,94588,37.685052,-121.912061,2.0,19.55,771.0,6,29,1.0,1.0,1.0,3.0,0,1.0,1.0,0.0,0
385.9,424.14,38.24,9.56,92356,34.508417,-116.856103,0.0,101.15,563.0,3,4,0.0,0.0,0.0,2.0,0,2.0,2.0,48.0,1
4748.7,5093.05,344.35,4.85,90293,33.947305,-118.439841,1.0,66.85,768.0,1,71,2.0,2.0,2.0,1.0,0,0.0,0.0,26.0,0
2440.25,3735.75,1145.5,39.5,95658,38.883224,-121.15918,0.0,85.8,659.0,4,29,0.0,0.0,2.0,2.0,0,2.0,0.0,16.0,0
4213.35,6056.65,1846.23,45.03,95742,38.591134,-121.161585,1.0,102.6,794.0,1,41,2.0,0.0,0.0,2.0,0,2.0,2.0,10.0,1
90.75,113.81,23.06,23.06,94589,38.161321,-122.271588,0.0,90.75,1025.0,0,1,0.0,0.0,0.0,2.0,0,0.0,2.0,52.0,1
432.25,432.25,0.0,0.0,95422,38.965804,-122.631779,0.0,35.5,194.0,7,12,2.0,0.0,2.0,1.0,3,0.0,0.0,73.0,0
575.45,684.93,99.48,16.58,90245,33.917145,-118.401554,0.0,94.5,292.0,0,6,0.0,0.0,0.0,2.0,0,2.0,2.0,17.0,1
3395.8,4244.85,729.05,20.83,94512,38.140719,-121.838298,0.0,99.05,88.0,0,35,0.0,0.0,0.0,2.0,0,2.0,0.0,19.0,1
4364.1,4858.66,494.56,11.24,91105,34.13946,-118.166649,0.0,96.1,732.0,4,44,0.0,0.0,0.0,2.0,0,0.0,2.0,59.0,1
2839.45,3148.51,309.06,9.09,93953,36.587497,-121.944815,2.0,84.75,739.0,9,34,2.0,2.0,2.0,1.0,2,2.0,2.0,16.0,0
6603.8,7240.6,636.8,9.95,95686,38.157794,-121.520223,1.0,100.3,991.0,0,64,0.0,2.0,2.0,2.0,0,0.0,2.0,2.0,0
24.75,24.75,0.0,0.0,95123,37.238758,-121.828375,0.0,24.75,861.0,0,1,0.0,0.0,0.0,1.0,3,0.0,0.0,57.0,1
3058.15,3058.15,0.0,0.0,95638,38.313447,-121.123886,2.0,44.6,414.0,0,70,2.0,2.0,2.0,1.0,0,2.0,0.0,11.0,0
5969.3,6188.69,219.39,3.09,96133,38.636052,-119.489162,2.0,84.4,998.0,0,71,2.0,2.0,2.0,1.0,0,2.0,2.0,26.0,0
20.45,62.62,42.17,42.17,94951,38.325599,-122.642352,0.0,20.45,741.0,0,1,1.0,1.0,1.0,3.0,0,1.0,1.0,0.0,0
221.1,395.5,104.4,34.8,92004,33.200369,-116.192313,0.0,74.45,103.0,0,3,0.0,0.0,2.0,2.0,0,0.0,0.0,5.0,0
3342.45,5876.93,2404.48,46.24,92831,33.879983,-117.895482,2.0,63.25,351.0,0,52,0.0,2.0,2.0,0.0,0,0.0,0.0,10.0,0
5200.8,5642.29,441.49,8.33,92008,33.148116,-117.306043,1.0,100.3,156.0,0,53,0.0,0.0,2.0,2.0,0,2.0,2.0,73.0,0
4740.0,5375.4,635.4,14.12,94403,37.538309,-122.305109,0.0,100.85,871.0,0,45,0.0,0.0,2.0,2.0,0,0.0,2.0,3.0,1
1133.7,1789.86,656.16,13.67,96128,40.346634,-120.386422,1.0,24.35,947.0,0,48,1.0,1.0,1.0,3.0,0,1.0,1.0,0.0,0
220.45,208.62,0.0,0.0,94530,37.924838,-122.289145,1.0,29.8,286.0,10,7,0.0,2.0,0.0,1.0,0,0.0,0.0,13.0,0
305.55,429.35,123.8,30.95,92130,32.957195,-117.202542,0.0,77.95,852.0,0,4,0.0,0.0,2.0,2.0,0,0.0,0.0,26.0,1
3969.35,4760.36,791.01,16.83,94521,37.971421,-121.971504,0.0,85.2,212.0,0,47,0.0,0.0,2.0,2.0,0,2.0,0.0,12.0,1
71.55,88.82,17.27,17.27,93103,34.438581,-119.685368,0.0,71.55,882.0,0,1,0.0,0.0,0.0,2.0,0,0.0,0.0,10.0,1
3512.5,4279.3,766.8,21.3,94803,37.963995,-122.288296,0.0,94.7,293.0,0,36,0.0,0.0,2.0,2.0,1,0.0,2.0,18.0,0
1462.6,3062.77,1600.17,48.49,94928,38.34719,-122.697822,0.0,44.55,830.0,6,33,0.0,0.0,0.0,1.0,0,0.0,0.0,51.0,0
3365.85,5478.44,2112.59,49.13,95364,38.224869,-119.755729,0.0,77.85,755.0,0,43,0.0,0.0,2.0,2.0,0,0.0,0.0,25.0,1
692.1,1185.85,493.75,19.75,93245,36.303666,-119.825657,2.0,24.75,524.0,0,25,1.0,1.0,1.0,3.0,0,1.0,1.0,0.0,1
6201.95,9403.07,3201.12,44.46,92407,34.250069,-117.393949,2.0,88.6,848.0,0,72,2.0,0.0,2.0,1.0,0,2.0,2.0,48.0,0
5153.5,7527.5,2374.0,47.48,95451,38.93496,-122.792243,1.0,103.05,466.0,7,50,2.0,0.0,0.0,2.0,3,2.0,2.0,27.0,0
740.8,913.39,172.59,15.69,95351,37.621458,-121.012295,0.0,66.35,620.0,1,11,2.0,0.0,0.0,1.0,0,0.0,2.0,12.0,1
8477.7,10769.46,2291.76,31.83,92124,32.827238,-117.089287,2.0,116.85,852.0,1,72,2.0,2.0,2.0,2.0,1,2.0,2.0,14.0,0
5731.45,7241.15,1509.7,24.35,95837,38.691607,-121.602284,1.0,92.3,838.0,0,62,0.0,2.0,2.0,2.0,0,0.0,2.0,16.0,0
389.8,389.8,0.0,0.0,93544,34.500091,-117.765862,0.0,35.75,536.0,0,10,2.0,0.0,2.0,1.0,0,0.0,0.0,22.0,0
5317.8,5749.73,431.93,9.19,96059,40.426679,-121.850421,1.0,113.45,578.0,7,47,2.0,2.0,2.0,2.0,1,2.0,2.0,19.0,0
2345.2,2466.19,120.99,3.27,92126,32.886925,-117.152162,0.0,64.75,852.0,0,37,0.0,0.0,0.0,0.0,0,0.0,2.0,71.0,1
24.4,24.4,0.0,0.0,96054,41.280478,-121.160249,0.0,24.4,547.0,0,1,0.0,0.0,0.0,1.0,0,0.0,0.0,29.0,0
3046.4,3590.4,484.0,8.8,95014,37.306612,-122.080621,2.0,57.55,235.0,1,55,2.0,2.0,2.0,1.0,0,0.0,0.0,48.0,1
3827.9,5288.58,1460.68,27.56,94024,37.352911,-122.093002,0.0,71.85,551.0,0,53,2.0,2.0,0.0,0.0,3,0.0,2.0,26.0,0
3588.4,4039.06,450.66,10.73,93287,35.710244,-118.881679,0.0,84.3,1092.0,1,42,2.0,0.0,0.0,2.0,0,2.0,0.0,22.0,1
6725.5,9097.35,2371.85,36.49,91791,34.061634,-117.893169,2.0,105.85,1056.0,10,65,2.0,0.0,2.0,2.0,0,2.0,2.0,9.0,0
4983.05,7428.44,2459.54,39.67,95436,38.499302,-122.92444,1.0,81.45,336.0,1,62,0.0,2.0,2.0,2.0,3,0.0,0.0,41.0,0
7035.6,7214.49,178.89,2.67,90028,34.099869,-118.326843,1.0,105.4,552.0,3,67,2.0,2.0,2.0,2.0,0,2.0,0.0,25.0,0
493.4,631.1,137.7,22.95,93210,36.186867,-120.387793,2.0,80.25,202.0,0,6,2.0,2.0,0.0,0.0,0,2.0,2.0,10.0,0
896.9,1023.4,126.5,11.5,93066,34.297628,-119.014627,0.0,80.5,932.0,3,11,0.0,0.0,2.0,2.0,0,0.0,0.0,27.0,1
3204.4,4483.16,1278.76,45.67,92708,33.712036,-117.950113,1.0,110.85,342.0,6,28,2.0,0.0,2.0,2.0,0,2.0,0.0,8.0,0
3011.65,3011.65,0.0,0.0,95250,38.244806,-120.417301,1.0,44.05,911.0,0,70,0.0,0.0,2.0,0.0,0,2.0,0.0,13.0,0
6145.85,7015.27,869.42,14.99,90038,34.088017,-118.327168,1.0,106.45,552.0,0,58,0.0,2.0,2.0,2.0,0,2.0,2.0,12.0,1
106.85,106.85,0.0,0.0,92230,33.929812,-116.76058,0.0,35.45,127.0,0,3,0.0,2.0,2.0,1.0,0,0.0,0.0,85.0,1
79.9,103.1,23.2,23.2,91345,34.266389,-118.459744,0.0,79.9,618.0,0,1,0.0,0.0,0.0,2.0,3,0.0,2.0,21.0,1
6382.0,9825.79,3443.79,49.91,95545,40.342928,-124.063329,2.0,95.35,426.0,5,69,0.0,0.0,2.0,2.0,0,2.0,2.0,13.0,0
1057.0,2879.08,1822.08,37.96,90272,34.079449,-118.548306,2.0,20.65,714.0,10,48,1.0,1.0,1.0,3.0,0,1.0,1.0,0.0,0
2077.95,2443.77,365.82,8.71,93725,36.623632,-119.741322,0.0,49.55,349.0,0,42,0.0,0.0,2.0,1.0,0,0.0,0.0,23.0,0
19.75,61.03,41.28,41.28,94403,37.538309,-122.305109,0.0,19.75,871.0,0,1,1.0,1.0,1.0,3.0,0,1.0,1.0,0.0,0
856.65,1321.65,465.0,46.5,96074,39.884395,-122.587513,0.0,86.65,733.0,2,10,0.0,0.0,0.0,0.0,0,0.0,0.0,4.0,1
1244.8,4218.32,2973.52,47.96,94973,38.005839,-122.638155,1.0,19.95,1087.0,9,62,1.0,1.0,1.0,3.0,2,1.0,1.0,0.0,0
467.15,1123.61,656.46,31.26,92301,34.667815,-117.536183,0.0,24.7,2.0,0,21,1.0,1.0,1.0,3.0,1,1.0,1.0,0.0,0
5742.9,7856.1,2113.2,35.22,94114,37.758085,-122.434801,0.0,95.75,855.0,1,60,0.0,0.0,2.0,2.0,0,2.0,0.0,16.0,1
733.95,1274.51,450.56,40.96,93250,35.666886,-119.186717,0.0,64.05,590.0,0,11,0.0,2.0,0.0,1.0,0,2.0,2.0,52.0,0
1601.5,2106.22,504.72,28.04,90291,33.991782,-118.479229,0.0,85.6,1032.0,1,18,2.0,0.0,0.0,2.0,3,0.0,2.0,28.0,0
1269.55,1639.0,369.45,24.63,93531,35.214982,-118.59049,0.0,85.9,465.0,0,15,0.0,0.0,2.0,2.0,0,0.0,2.0,13.0,1
328.95,328.95,0.0,0.0,92128,33.000269,-117.072093,0.0,40.65,852.0,2,9,2.0,0.0,0.0,1.0,0,0.0,0.0,26.0,1
19.55,29.75,10.2,10.2,95917,39.457388,-121.818201,0.0,19.55,86.0,0,1,1.0,1.0,1.0,3.0,0,1.0,1.0,0.0,0
4059.35,5997.3,1937.95,39.55,93563,34.39583,-117.734568,1.0,84.35,1030.0,1,49,2.0,2.0,0.0,0.0,0,2.0,2.0,10.0,1
2015.35,2685.6,670.25,26.81,92129,32.961064,-117.134917,0.0,79.85,852.0,0,25,0.0,2.0,2.0,2.0,0,0.0,0.0,12.0,1
5099.15,6339.95,1240.8,22.56,91913,32.64164,-116.985026,0.0,90.4,189.0,10,55,0.0,0.0,0.0,2.0,3,2.0,0.0,56.0,0
222.3,301.08,78.78,26.26,93219,35.858054,-119.305858,0.0,69.55,280.0,0,3,0.0,0.0,0.0,2.0,0,0.0,0.0,30.0,1
3694.7,4524.65,829.95,25.15,92239,33.889605,-115.257009,1.0,109.9,254.0,7,33,2.0,2.0,0.0,2.0,0,2.0,0.0,20.0,0
552.1,552.1,0.0,0.0,90742,33.719221,-118.073596,2.0,49.85,969.0,0,12,2.0,2.0,0.0,1.0,0,2.0,2.0,7.0,0
3549.25,4286.71,737.46,21.69,90041,34.137412,-118.207607,0.0,106.35,552.0,0,34,0.0,0.0,2.0,2.0,1,2.0,2.0,28.0,1
19.6,33.77,14.17,14.17,92122,32.85723,-117.209774,0.0,19.6,852.0,0,1,1.0,1.0,1.0,3.0,0,1.0,1.0,0.0,1
5873.75,8234.71,2360.96,42.16,92602,33.720359,-117.733655,2.0,103.2,449.0,3,56,2.0,0.0,0.0,2.0,1,2.0,2.0,19.0,0
4664.15,6409.25,1745.1,24.93,93634,37.290606,-119.216328,2.0,67.95,507.0,7,70,2.0,2.0,2.0,1.0,0,0.0,2.0,15.0,0
246.7,634.54,387.84,32.32,95328,37.555631,-120.911653,0.0,20.3,471.0,0,12,1.0,1.0,1.0,3.0,0,1.0,1.0,0.0,0
1110.05,2352.75,1242.7,28.9,95410,39.225694,-123.717354,2.0,26.45,10.0,0,43,1.0,1.0,1.0,3.0,0,1.0,1.0,0.0,0
300.8,300.8,0.0,0.0,93665,36.959731,-120.653519,0.0,23.9,937.0,0,13,0.0,0.0,0.0,1.0,0,0.0,0.0,53.0,1
431.0,466.92,25.92,2.88,95949,39.099204,-121.137962,0.0,44.95,378.0,0,9,0.0,0.0,0.0,1.0,0,0.0,0.0,26.0,1
5686.4,7029.35,1363.23,26.73,92007,33.015866,-117.272254,1.0,110.05,154.0,6,51,2.0,2.0,2.0,2.0,0,0.0,2.0,41.0,0
777.3,1087.94,310.64,38.83,93526,36.869584,-118.189241,0.0,94.2,443.0,1,8,0.0,0.0,0.0,2.0,0,2.0,2.0,76.0,1
219.5,298.1,78.6,7.86,92553,33.923149,-117.244933,1.0,19.95,634.0,0,10,1.0,1.0,1.0,3.0,1,1.0,1.0,0.0,0
3959.35,4698.97,766.92,18.26,95420,39.361283,-123.784599,0.0,95.25,166.0,1,42,0.0,0.0,2.0,2.0,0,2.0,0.0,29.0,1
4917.75,5462.14,544.39,11.11,95126,37.327069,-121.916819,2.0,100.65,861.0,0,49,2.0,0.0,0.0,2.0,0,2.0,2.0,27.0,0
8684.8,11195.44,2510.64,34.87,95519,40.965011,-124.015255,1.0,117.8,594.0,1,72,2.0,2.0,2.0,2.0,0,2.0,2.0,8.0,1
85.55,118.89,33.34,33.34,93427,34.631362,-120.238218,0.0,85.55,117.0,0,1,0.0,0.0,0.0,2.0,0,2.0,0.0,4.0,1
6376.55,6574.55,198.0,2.75,93563,34.39583,-117.734568,2.0,89.4,1030.0,7,72,2.0,2.0,2.0,1.0,2,2.0,2.0,19.0,0
1886.4,2944.27,987.87,25.33,94563,37.873916,-122.20522,1.0,47.85,706.0,0,39,0.0,2.0,0.0,1.0,0,0.0,0.0,82.0,0
1175.85,1205.85,0.0,0.0,92028,33.362575,-117.299644,0.0,33.45,315.0,0,35,2.0,0.0,0.0,0.0,0,2.0,0.0,12.0,0
676.7,772.11,95.41,13.63,95464,39.12334,-122.838198,0.0,89.5,665.0,1,7,0.0,0.0,0.0,2.0,0,0.0,0.0,27.0,1
98.5,98.5,0.0,0.0,91301,34.129058,-118.759788,0.0,29.2,4.0,0,3,0.0,0.0,2.0,1.0,0,0.0,0.0,22.0,0
1730.35,2152.53,422.18,19.19,92220,33.936298,-116.849577,0.0,79.35,60.0,0,22,0.0,0.0,2.0,2.0,0,0.0,0.0,17.0,1
5464.65,6465.0,1000.35,17.55,92117,32.825086,-117.199424,2.0,95.25,852.0,0,57,0.0,0.0,0.0,2.0,0,2.0,2.0,15.0,1
2471.25,2577.65,106.4,3.04,91916,32.912664,-116.635387,1.0,73.0,253.0,0,35,2.0,0.0,0.0,1.0,0,2.0,0.0,18.0,0
3043.7,3530.94,487.24,9.37,90803,33.760458,-118.129725,0.0,59.45,546.0,0,52,0.0,0.0,0.0,1.0,0,2.0,2.0,59.0,0
1182.55,4005.02,2822.47,46.27,92301,34.667815,-117.536183,0.0,19.4,2.0,3,61,1.0,1.0,1.0,3.0,0,1.0,1.0,0.0,1
28.3,59.88,31.58,15.79,92405,34.142747,-117.300864,1.0,19.3,848.0,0,2,1.0,1.0,1.0,3.0,0,1.0,1.0,0.0,1
921.55,3078.85,2157.3,45.9,94105,37.789168,-122.395009,2.0,19.65,855.0,1,47,1.0,1.0,1.0,3.0,0,1.0,1.0,0.0,0
1372.45,4172.69,2800.24,39.44,95454,39.806141,-123.531098,2.0,19.1,517.0,2,71,1.0,1.0,1.0,3.0,0,1.0,1.0,0.0,0
189.95,189.95,0.0,0.0,93433,35.120833,-120.61843,0.0,25.05,391.0,0,7,0.0,0.0,0.0,1.0,0,0.0,0.0,4.0,0
1639.3,1867.36,228.06,12.67,95608,38.626128,-121.328011,0.0,88.35,160.0,0,18,2.0,0.0,0.0,2.0,0,0.0,0.0,23.0,1
2570.2,2875.9,185.7,6.19,90277,33.830453,-118.384565,0.0,82.05,807.0,5,30,0.0,0.0,2.0,2.0,3,2.0,0.0,21.0,0
856.65,1321.65,465.0,46.5,96074,39.884395,-122.587513,0.0,86.65,733.0,2,10,0.0,0.0,0.0,0.0,0,0.0,0.0,4.0,1
1743.5,1826.97,83.47,4.91,91324,34.238208,-118.55029,0.0,104.2,677.0,1,17,0.0,2.0,0.0,2.0,0,2.0,2.0,15.0,1
25.05,25.05,0.0,0.0,95984,40.022184,-121.062384,0.0,25.05,1014.0,0,1,0.0,0.0,0.0,1.0,0,0.0,0.0,21.0,1
108.65,196.51,87.86,43.93,93534,34.727529,-118.153098,0.0,55.3,511.0,0,2,0.0,0.0,0.0,1.0,1,0.0,2.0,59.0,0
1614.2,2044.0,429.8,21.49,95488,39.724433,-123.767578,1.0,80.7,1064.0,0,20,0.0,0.0,0.0,2.0,0,0.0,0.0,4.0,0
229.6,681.4,451.8,37.65,93711,36.833002,-119.82947,1.0,19.8,349.0,1,12,1.0,1.0,1.0,3.0,0,1.0,1.0,0.0,1
95.45,101.04,5.59,5.59,91744,34.031441,-117.936436,0.0,95.45,491.0,0,1,0.0,0.0,0.0,2.0,0,0.0,2.0,2.0,1
1548.65,3922.41,2373.76,37.09,95130,37.277592,-121.986477,2.0,24.4,861.0,9,64,1.0,1.0,1.0,3.0,1,1.0,1.0,0.0,0
3184.25,3184.25,0.0,0.0,91737,34.245289,-117.642503,1.0,60.45,795.0,1,53,2.0,0.0,2.0,1.0,0,2.0,2.0,13.0,1
937.5,1350.77,413.27,24.31,95674,38.954144,-121.482536,1.0,55.85,821.0,0,17,0.0,0.0,0.0,1.0,0,2.0,0.0,21.0,1
597.0,597.0,0.0,0.0,92646,33.666301,-117.969501,0.0,45.55,434.0,0,13,2.0,2.0,0.0,1.0,0,0.0,0.0,17.0,1
6547.7,9411.65,2863.95,46.95,95912,38.982373,-122.047751,1.0,106.0,35.0,1,61,0.0,2.0,2.0,0.0,0,0.0,2.0,21.0,1
677.05,2264.0,1616.16,43.68,91367,34.178068,-118.615714,1.0,19.8,1091.0,1,37,1.0,1.0,1.0,3.0,1,1.0,1.0,0.0,0
428.7,419.3,35.5,3.55,93239,35.996923,-120.000951,0.0,45.25,470.0,0,10,0.0,0.0,0.0,1.0,0,0.0,0.0,29.0,0
1715.1,4087.6,2372.5,36.5,92254,33.543835,-115.993906,2.0,24.75,597.0,4,65,1.0,1.0,1.0,3.0,2,1.0,1.0,0.0,0
57.5,172.73,115.23,38.41,95456,39.245911,-123.77214,0.0,20.7,531.0,0,3,1.0,1.0,1.0,3.0,0,1.0,1.0,0.0,0
939.8,1203.4,263.6,13.18,92570,33.787298,-117.320676,0.0,49.6,743.0,5,20,0.0,0.0,0.0,0.0,1,2.0,0.0,10.0,0
3019.5,3135.22,65.72,2.12,91607,34.165783,-118.399795,0.0,93.8,1029.0,1,31,0.0,0.0,2.0,2.0,0,2.0,0.0,17.0,1
1502.65,1498.17,0.0,0.0,90704,33.391181,-118.421305,0.0,58.6,49.0,6,25,0.0,2.0,2.0,1.0,0,2.0,2.0,48.0,1
167.3,195.58,28.28,14.14,92027,33.141265,-116.967221,0.0,85.85,305.0,0,2,0.0,0.0,0.0,2.0,0,2.0,2.0,28.0,1
4801.1,6908.9,2107.8,35.13,95934,40.080342,-120.957805,1.0,79.0,228.0,0,60,2.0,2.0,0.0,1.0,0,2.0,2.0,3.0,0
727.8,843.0,115.2,9.6,92264,33.745746,-116.514215,1.0,59.8,721.0,0,12,2.0,0.0,0.0,0.0,0,0.0,0.0,23.0,1
5430.65,7003.13,1572.48,21.84,96096,40.637105,-121.906949,2.0,74.55,1068.0,9,72,2.0,2.0,2.0,1.0,3,0.0,0.0,30.0,0
92.5,92.5,0.0,0.0,93561,35.073777,-118.652112,0.0,40.3,982.0,6,3,0.0,0.0,2.0,0.0,3,0.0,2.0,53.0,0
20.1,36.91,16.81,16.81,92028,33.362575,-117.299644,0.0,20.1,315.0,0,1,1.0,1.0,1.0,3.0,0,1.0,1.0,0.0,1
1336.9,2130.97,794.07,46.71,95134,37.42765,-121.945416,0.0,80.5,861.0,7,17,0.0,0.0,2.0,2.0,0,0.0,0.0,8.0,0
425.1,425.1,0.0,0.0,90061,33.92128,-118.274186,0.0,35.65,552.0,0,11,2.0,0.0,2.0,1.0,0,0.0,0.0,73.0,0
638.95,743.75,14.8,1.48,92003,33.290907,-117.202895,0.0,59.65,100.0,0,10,0.0,0.0,2.0,1.0,0,0.0,0.0,25.0,0
563.65,948.77,385.12,48.14,90731,33.736387,-118.284363,0.0,71.15,874.0,0,8,2.0,2.0,0.0,1.0,0,0.0,2.0,18.0,1
44.45,67.79,23.34,23.34,92377,34.156758,-117.404686,0.0,44.45,814.0,0,1,0.0,0.0,0.0,1.0,0,0.0,0.0,16.0,0
1254.7,2342.16,1087.46,49.43,95404,38.526941,-122.709096,0.0,59.0,891.0,0,22,0.0,2.0,2.0,0.0,0,0.0,0.0,17.0,1
66.95,66.95,0.0,0.0,94960,37.99272,-122.575026,0.0,24.75,846.0,0,3,0.0,0.0,0.0,1.0,0,0.0,0.0,18.0,1
873.4,2628.85,1755.45,37.35,93960,36.414216,-121.360597,2.0,20.25,928.0,8,47,1.0,1.0,1.0,3.0,1,1.0,1.0,0.0,0
3403.4,4928.85,1395.45,39.87,90731,33.736387,-118.284363,0.0,96.75,874.0,0,35,2.0,2.0,2.0,2.0,0,2.0,0.0,23.0,0
1397.65,2217.35,819.7,11.71,92508,33.885499,-117.324959,2.0,19.8,827.0,7,70,1.0,1.0,1.0,3.0,0,1.0,1.0,0.0,0
849.9,899.9,0.0,0.0,96097,41.764869,-122.671316,0.0,39.2,1098.0,4,22,0.0,0.0,2.0,1.0,1,0.0,0.0,19.0,0
772.85,1248.99,476.14,34.01,92027,33.141265,-116.967221,1.0,59.1,305.0,0,14,2.0,0.0,0.0,0.0,0,0.0,2.0,69.0,0
189.45,582.95,393.5,39.35,94066,37.624436,-122.430661,1.0,19.6,849.0,3,10,1.0,1.0,1.0,3.0,0,1.0,1.0,0.0,0
679.8,2474.4,1794.6,49.85,95460,39.305545,-123.743697,1.0,19.25,598.0,0,36,1.0,1.0,1.0,3.0,0,1.0,1.0,0.0,0
764.95,996.95,232.0,29.0,91739,34.133809,-117.523724,0.0,84.9,795.0,1,8,0.0,0.0,0.0,2.0,0,0.0,2.0,30.0,1
3320.75,4887.36,1566.61,38.21,90249,33.90139,-118.315697,1.0,79.85,357.0,0,41,2.0,2.0,0.0,1.0,0,2.0,2.0,5.0,0
4309.55,6876.4,2566.85,39.49,93925,36.596271,-121.442274,1.0,67.05,188.0,6,65,0.0,2.0,2.0,1.0,0,2.0,0.0,18.0,0
3692.85,3867.57,174.72,4.48,93656,36.452211,-119.94575,1.0,95.55,826.0,0,39,2.0,2.0,0.0,2.0,0,2.0,2.0,71.0,1
49.9,89.5,39.6,39.6,95642,38.336216,-120.76901,0.0,49.9,452.0,0,1,2.0,0.0,0.0,1.0,1,0.0,0.0,17.0,1
239.55,291.07,51.52,12.88,90062,34.003553,-118.308933,0.0,50.85,552.0,1,4,0.0,0.0,0.0,0.0,1,0.0,0.0,22.0,1
1424.95,1489.15,64.2,4.28,95950,39.033058,-121.895718,0.0,89.85,388.0,0,15,0.0,0.0,2.0,2.0,0,0.0,0.0,6.0,1
1056.95,1398.83,341.88,31.08,90048,34.072945,-118.37267,0.0,99.5,552.0,1,11,0.0,0.0,0.0,2.0,0,2.0,2.0,26.0,1
4454.25,5291.06,836.81,20.41,95923,40.171312,-121.120605,1.0,109.1,150.0,3,41,2.0,0.0,2.0,2.0,2,2.0,2.0,59.0,0
1077.5,3046.3,1968.8,49.22,92363,34.711224,-114.702256,0.0,26.2,654.0,5,40,1.0,1.0,1.0,3.0,4,1.0,1.0,0.0,0
4237.5,6787.56,2550.06,41.13,95545,40.342928,-124.063329,2.0,69.4,426.0,0,62,2.0,2.0,2.0,0.0,0,2.0,0.0,12.0,0
1281.0,1587.88,306.88,19.18,95524,40.825486,-124.049485,0.0,86.6,63.0,0,16,0.0,0.0,0.0,2.0,0,0.0,0.0,22.0,1
4492.9,4827.31,334.41,4.71,92703,33.748635,-117.906125,2.0,70.5,881.0,10,71,2.0,2.0,2.0,1.0,0,2.0,0.0,29.0,0
7227.45,8221.95,994.5,15.3,95726,38.733908,-120.453416,1.0,109.4,775.0,8,65,0.0,2.0,2.0,2.0,0,2.0,0.0,29.0,0
1269.55,1639.0,369.45,24.63,93531,35.214982,-118.59049,0.0,85.9,465.0,0,15,0.0,0.0,2.0,2.0,0,0.0,2.0,13.0,1
3047.15,5195.81,2148.66,46.71,90815,33.797638,-118.11662,2.0,65.65,546.0,3,46,2.0,2.0,2.0,0.0,0,2.0,0.0,41.0,0
371.9,486.98,115.08,28.77,92122,32.85723,-117.209774,0.0,84.8,852.0,5,4,0.0,0.0,2.0,2.0,0,2.0,2.0,19.0,1
1730.35,2152.53,422.18,19.19,92220,33.936298,-116.849577,0.0,79.35,60.0,0,22,0.0,0.0,2.0,2.0,0,0.0,0.0,17.0,1
1390.6,1574.65,184.05,12.27,92139,32.677716,-117.047666,0.0,88.15,852.0,1,15,0.0,0.0,0.0,2.0,0,0.0,2.0,76.0,1
3949.15,4735.0,785.85,20.15,93422,35.453912,-120.69461,0.0,101.25,44.0,9,39,2.0,0.0,0.0,2.0,0,0.0,2.0,21.0,0
1951.0,2046.4,95.4,4.77,93528,35.363339,-117.637641,0.0,90.8,458.0,1,20,0.0,0.0,0.0,2.0,0,2.0,0.0,17.0,1
520.55,1713.68,1193.13,44.19,96076,40.367964,-122.937379,2.0,70.5,767.0,1,27,1.0,1.0,1.0,3.0,0,1.0,1.0,0.0,0
1193.05,1930.71,737.66,33.53,92121,32.898613,-117.202937,1.0,55.15,852.0,0,22,2.0,0.0,2.0,1.0,0,0.0,0.0,59.0,1
7244.7,8500.28,1255.58,18.74,95669,38.489273,-120.891614,1.0,106.6,772.0,0,67,2.0,0.0,2.0,2.0,2,0.0,2.0,59.0,0
397.0,976.6,579.6,27.6,95565,40.440636,-124.098739,2.0,19.6,897.0,0,21,1.0,1.0,1.0,3.0,2,1.0,1.0,0.0,0
2122.05,3280.62,1158.57,42.91,90059,33.927254,-118.249826,0.0,81.45,552.0,0,27,0.0,0.0,2.0,2.0,0,0.0,0.0,5.0,1
6215.35,6781.09,565.74,8.98,94040,37.380662,-122.086022,0.0,100.55,646.0,3,63,0.0,2.0,2.0,2.0,0,2.0,0.0,16.0,1
4266.4,5556.15,1289.75,23.45,92359,34.103578,-117.04054,0.0,77.75,601.0,3,55,0.0,0.0,2.0,2.0,0,0.0,0.0,53.0,0
3030.6,3923.45,892.85,25.51,90603,33.945318,-117.992066,1.0,85.15,1069.0,0,35,0.0,0.0,0.0,2.0,0,2.0,0.0,16.0,1
6595.0,9442.24,2847.24,43.14,95043,36.525703,-120.952122,0.0,103.1,717.0,0,66,2.0,2.0,2.0,2.0,0,2.0,2.0,20.0,0
134.35,188.89,54.54,27.27,93528,35.363339,-117.637641,0.0,65.7,458.0,1,2,0.0,0.0,0.0,1.0,2,0.0,2.0,51.0,1
757.1,1014.95,257.85,17.19,94608,37.83726,-122.287648,0.0,55.0,300.0,0,15,2.0,0.0,0.0,1.0,0,0.0,0.0,19.0,1
3775.85,3847.4,71.55,1.59,93262,36.527243,-118.594938,0.0,81.4,906.0,4,45,0.0,0.0,2.0,2.0,0,0.0,0.0,19.0,0
213.35,321.73,111.0,37.0,91352,34.231053,-118.338307,2.0,71.1,965.0,0,3,2.0,2.0,2.0,1.0,0,0.0,2.0,22.0,0
1648.45,2617.65,969.2,48.46,92694,33.569186,-117.640055,2.0,89.95,494.0,0,20,0.0,0.0,0.0,2.0,0,0.0,0.0,23.0,0
20.2,68.45,48.25,48.25,91203,34.153338,-118.262974,0.0,20.2,366.0,0,1,1.0,1.0,1.0,3.0,0,1.0,1.0,0.0,1
5526.75,8405.34,2878.59,47.19,91755,34.049172,-118.115022,2.0,88.1,629.0,1,61,2.0,2.0,2.0,1.0,0,2.0,2.0,28.0,0
3969.35,4760.36,791.01,16.83,94521,37.971421,-121.971504,0.0,85.2,212.0,0,47,0.0,0.0,2.0,2.0,0,2.0,0.0,12.0,1
828.2,828.2,0.0,0.0,95681,38.984756,-121.345074,2.0,34.25,912.0,3,24,2.0,0.0,0.0,0.0,0,2.0,0.0,28.0,0
323.25,364.74,41.49,13.83,95721,38.851842,-120.076204,0.0,105.35,282.0,0,3,0.0,0.0,2.0,2.0,0,2.0,2.0,14.0,1
8250.0,9045.2,795.2,11.36,93930,36.220761,-120.980777,2.0,115.15,472.0,3,70,2.0,2.0,2.0,2.0,3,2.0,2.0,53.0,0
778.1,1015.38,237.28,29.66,92201,33.713891,-116.237257,0.0,95.65,445.0,0,8,0.0,0.0,0.0,2.0,0,0.0,2.0,12.0,1
1787.35,4616.95,2829.6,39.3,91766,34.042286,-117.756106,2.0,25.2,776.0,1,72,1.0,1.0,1.0,3.0,3,1.0,1.0,0.0,0
49.95,93.44,43.49,43.49,95642,38.336216,-120.76901,0.0,49.95,452.0,0,1,0.0,0.0,0.0,0.0,0,0.0,0.0,4.0,1
5232.9,6272.4,1039.5,20.79,92675,33.521447,-117.602555,1.0,104.4,863.0,7,50,0.0,2.0,0.0,2.0,0,2.0,2.0,7.0,0
3399.85,4492.33,1092.48,17.07,95315,37.422961,-120.765493,1.0,53.85,251.0,10,64,0.0,0.0,2.0,1.0,2,0.0,0.0,25.0,0
180.3,499.41,319.11,29.01,90221,33.885811,-118.206459,0.0,19.25,211.0,1,11,1.0,1.0,1.0,3.0,3,1.0,1.0,0.0,1
69.75,97.72,27.97,27.97,92305,34.1678,-116.86433,0.0,70.5,26.0,0,1,0.0,0.0,0.0,2.0,0,0.0,0.0,18.0,1
6253.0,8631.88,2378.88,37.76,95070,37.257772,-122.051824,2.0,97.45,895.0,0,63,0.0,0.0,2.0,2.0,0,0.0,2.0,48.0,0
85.5,194.98,109.48,27.37,93285,35.690535,-118.552784,0.0,20.05,1086.0,0,4,1.0,1.0,1.0,3.0,2,1.0,1.0,0.0,0
50.35,50.35,0.0,0.0,91340,34.286131,-118.435969,0.0,50.35,854.0,1,1,0.0,0.0,0.0,1.0,0,2.0,2.0,20.0,1
256.25,327.71,71.46,23.82,92243,32.770393,-115.60915,0.0,75.05,285.0,0,3,0.0,0.0,0.0,2.0,0,0.0,0.0,30.0,1
431.0,466.92,25.92,2.88,95949,39.099204,-121.137962,0.0,44.95,378.0,0,9,0.0,0.0,0.0,1.0,0,0.0,0.0,26.0,1
760.05,771.16,11.11,1.01,92673,33.4725,-117.584273,0.0,70.2,851.0,0,11,0.0,0.0,0.0,2.0,0,0.0,0.0,8.0,0
1434.6,1434.6,0.0,0.0,93703,36.768774,-119.762633,2.0,39.85,349.0,0,35,0.0,0.0,0.0,0.0,0,2.0,0.0,26.0,0
6339.45,7675.22,1377.0,22.95,90701,33.867593,-118.080637,1.0,104.35,42.0,2,60,0.0,0.0,2.0,2.0,0,2.0,2.0,15.0,0
434.5,492.22,75.05,15.01,91320,34.172071,-118.946262,0.0,90.35,658.0,1,5,0.0,2.0,0.0,2.0,1,2.0,2.0,19.0,0
6770.5,9124.66,2354.16,34.62,92066,33.215251,-116.53633,1.0,101.05,793.0,10,68,0.0,0.0,2.0,2.0,1,0.0,2.0,18.0,0
1322.55,1451.75,129.2,7.6,95113,37.333851,-121.891147,0.0,75.4,861.0,5,17,0.0,0.0,2.0,1.0,0,0.0,2.0,52.0,0
20.9,36.63,15.73,15.73,95254,38.192608,-120.957842,0.0,20.9,1041.0,0,1,1.0,1.0,1.0,3.0,0,1.0,1.0,0.0,1
6067.4,6670.4,603.0,10.05,95136,37.270938,-121.851046,2.0,101.15,861.0,0,60,0.0,0.0,0.0,2.0,0,2.0,2.0,48.0,0
4481.0,6344.68,1863.68,29.12,90605,33.960891,-118.032222,2.0,70.2,1069.0,0,64,2.0,2.0,2.0,1.0,0,0.0,0.0,24.0,1
560.6,844.7,284.1,47.35,90712,33.840524,-118.148403,0.0,98.25,509.0,0,6,0.0,0.0,2.0,2.0,0,0.0,2.0,29.0,1
7250.15,8103.45,853.3,12.19,93641,36.696759,-119.024051,2.0,104.0,616.0,0,70,2.0,2.0,0.0,2.0,0,0.0,2.0,42.0,1
4698.05,7074.51,2376.46,38.33,90401,34.015481,-118.493231,1.0,74.3,889.0,0,62,0.0,2.0,2.0,0.0,0,0.0,2.0,30.0,0
2298.55,3171.1,872.55,19.39,93247,36.205465,-119.085807,0.0,50.9,529.0,0,45,0.0,2.0,0.0,1.0,0,0.0,0.0,16.0,0
734.6,1450.56,715.96,25.57,93626,37.027663,-119.69056,0.0,25.7,350.0,8,28,1.0,1.0,1.0,3.0,0,1.0,1.0,0.0,0
50.5,90.08,39.58,39.58,95914,39.396585,-121.38029,0.0,50.5,59.0,0,1,0.0,0.0,0.0,1.0,0,2.0,0.0,28.0,1
45.65,59.77,14.12,14.12,90745,33.822295,-118.26411,0.0,45.65,163.0,0,1,0.0,0.0,0.0,0.0,0,0.0,0.0,24.0,1
2254.2,2279.61,25.41,1.21,90071,34.052917,-118.255178,0.0,103.9,552.0,1,21,0.0,2.0,0.0,2.0,0,2.0,2.0,16.0,1
77.15,77.15,0.0,0.0,90502,33.833181,-118.292062,0.0,40.4,999.0,0,2,2.0,0.0,2.0,1.0,0,2.0,0.0,8.0,1
229.6,681.4,451.8,37.65,93711,36.833002,-119.82947,1.0,19.8,349.0,1,12,1.0,1.0,1.0,3.0,0,1.0,1.0,0.0,1
102.45,128.33,25.88,25.88,92845,33.782955,-118.026456,0.0,102.45,355.0,1,1,0.0,2.0,0.0,2.0,0,2.0,2.0,9.0,1
82.9,197.1,114.2,28.55,93254,34.956577,-119.750142,0.0,19.95,656.0,1,4,1.0,1.0,1.0,3.0,2,1.0,1.0,0.0,0
7107.0,9822.7,2715.7,41.78,90290,34.115192,-118.61017,0.0,70.5,997.0,0,65,0.0,2.0,2.0,2.0,0,2.0,2.0,14.0,0
2655.25,3813.75,1158.5,46.34,94109,37.794487,-122.42227,0.0,105.95,855.0,0,25,0.0,0.0,2.0,2.0,0,2.0,0.0,22.0,1
4056.75,5605.2,1548.45,41.85,96080,40.186772,-122.388361,0.0,106.75,803.0,0,37,0.0,2.0,2.0,2.0,0,0.0,0.0,2.0,1
8309.55,8514.03,204.48,2.88,95603,38.912881,-121.082766,1.0,116.3,48.0,0,71,2.0,2.0,2.0,2.0,0,2.0,2.0,48.0,0
3263.6,3263.6,0.0,0.0,95148,37.339533,-121.777179,2.0,47.05,861.0,4,71,2.0,0.0,0.0,0.0,0,2.0,2.0,6.0,0
2072.75,3130.91,1058.16,44.09,95148,37.339533,-121.777179,0.0,88.95,861.0,0,24,0.0,0.0,0.0,2.0,0,2.0,0.0,9.0,0
952.3,1002.22,49.92,3.84,94131,37.746699,-122.442833,0.0,81.15,855.0,0,13,0.0,0.0,2.0,2.0,0,2.0,0.0,4.0,1
526.95,526.95,0.0,0.0,94933,38.010092,-122.689442,0.0,43.65,333.0,0,12,2.0,0.0,0.0,1.0,0,2.0,0.0,10.0,1
3996.8,4550.54,553.74,8.39,92259,32.698964,-115.886656,2.0,59.75,693.0,9,66,0.0,2.0,0.0,1.0,2,0.0,0.0,16.0,0
2576.2,4272.65,1696.45,48.47,91773,34.102119,-117.815532,0.0,75.2,853.0,1,35,0.0,0.0,0.0,2.0,0,0.0,0.0,12.0,1
683.25,915.79,232.54,21.14,93622,36.785618,-120.625382,0.0,59.65,324.0,7,11,0.0,0.0,0.0,1.0,1,2.0,0.0,47.0,0
4616.1,6038.62,1422.52,26.84,92109,32.787836,-117.232376,0.0,85.7,852.0,5,53,2.0,2.0,0.0,0.0,2,2.0,2.0,12.0,0
226.8,595.08,368.28,33.48,93446,35.634222,-120.728341,1.0,19.5,734.0,0,11,1.0,1.0,1.0,3.0,0,1.0,1.0,0.0,0
1495.1,2029.71,561.45,29.55,92283,32.852947,-114.850784,0.0,78.7,1081.0,0,19,0.0,0.0,0.0,2.0,0,0.0,0.0,13.0,0
20.15,53.73,33.58,33.58,90024,34.066303,-118.435479,0.0,20.15,552.0,0,1,1.0,1.0,1.0,3.0,0,1.0,1.0,0.0,1
987.95,1233.91,245.96,22.36,95417,39.710591,-123.682799,0.0,90.15,107.0,0,11,2.0,0.0,0.0,0.0,0,0.0,0.0,3.0,1
2447.45,3078.08,630.63,19.11,93313,35.140938,-119.051348,0.0,72.75,56.0,1,33,0.0,2.0,2.0,1.0,0,2.0,0.0,21.0,0
1057.85,2650.26,1592.41,26.99,95979,39.288127,-122.415841,2.0,18.4,955.0,9,59,1.0,1.0,1.0,3.0,0,1.0,1.0,0.0,0
1081.25,2203.23,971.98,42.26,90805,33.864622,-118.179626,0.0,49.7,546.0,0,23,0.0,0.0,0.0,0.0,0,2.0,0.0,2.0,0
5127.95,6818.54,1690.59,35.97,92882,33.819385,-117.600213,0.0,106.4,217.0,0,47,0.0,0.0,2.0,2.0,0,2.0,2.0,25.0,1
930.95,2183.39,1252.44,34.79,90807,33.830099,-118.182239,2.0,25.1,546.0,9,36,1.0,1.0,1.0,3.0,1,1.0,1.0,0.0,0
1923.85,3020.17,1096.32,45.68,92567,33.82769,-117.102244,0.0,81.0,681.0,3,24,2.0,2.0,0.0,0.0,3,0.0,2.0,26.0,0
3715.65,5989.05,2273.4,42.1,92119,32.802959,-117.027095,1.0,70.15,852.0,1,54,0.0,0.0,0.0,1.0,0,0.0,2.0,12.0,1
601.6,681.64,80.04,2.76,93721,36.732694,-119.783786,0.0,19.35,349.0,0,29,1.0,1.0,1.0,3.0,0,1.0,1.0,0.0,0
5083.55,6967.55,1884.0,39.25,92313,34.029175,-117.307211,0.0,105.1,376.0,4,48,2.0,0.0,2.0,2.0,0,0.0,2.0,51.0,0
8124.2,9913.4,1789.2,24.85,93013,34.441398,-119.513163,2.0,113.65,162.0,6,72,2.0,2.0,2.0,2.0,0,2.0,2.0,47.0,0
44.15,53.97,9.82,9.82,95404,38.526941,-122.709096,0.0,44.15,891.0,0,1,0.0,0.0,0.0,0.0,0,0.0,0.0,13.0,0
2169.4,2798.92,629.52,14.64,93453,35.303926,-120.256567,0.0,50.2,887.0,1,43,0.0,0.0,2.0,1.0,2,0.0,0.0,19.0,0
69.55,99.33,29.78,29.78,92327,34.875144,-116.821698,0.0,69.55,238.0,0,1,0.0,0.0,0.0,2.0,0,0.0,0.0,13.0,1
1222.25,2081.6,859.35,16.85,95138,37.246064,-121.749494,2.0,24.95,861.0,7,51,1.0,1.0,1.0,3.0,2,1.0,1.0,0.0,0
2460.15,4539.35,2079.2,45.2,93108,34.457541,-119.631072,2.0,54.35,882.0,0,46,2.0,0.0,0.0,1.0,0,2.0,0.0,17.0,1
3437.5,3511.7,74.2,2.12,91916,32.912664,-116.635387,1.0,100.8,253.0,4,35,0.0,0.0,0.0,2.0,0,2.0,0.0,3.0,0
3810.8,5412.62,1601.82,24.27,95497,38.696659,-123.436861,2.0,58.2,989.0,9,66,2.0,2.0,2.0,0.0,0,0.0,0.0,59.0,0
161.45,306.35,144.9,48.3,93226,35.735694,-118.738483,0.0,57.55,370.0,0,3,0.0,0.0,0.0,0.0,0,2.0,0.0,42.0,0
324.25,335.41,11.16,1.86,96040,40.789799,-121.474529,0.0,55.3,404.0,1,6,0.0,0.0,2.0,1.0,1,2.0,0.0,19.0,1
2249.95,2708.38,458.43,21.83,96071,40.656287,-121.428965,0.0,106.1,696.0,1,21,2.0,0.0,0.0,2.0,0,2.0,2.0,59.0,1
44.1,48.51,4.41,4.41,90024,34.066303,-118.435479,0.0,44.1,552.0,0,1,0.0,0.0,0.0,1.0,0,0.0,0.0,30.0,1
1108.0,1167.66,93.33,5.49,91406,34.195685,-118.490752,0.0,69.0,1031.0,0,17,2.0,0.0,0.0,1.0,0,2.0,0.0,14.0,0
2861.45,3880.97,1019.52,31.86,92256,34.097863,-116.594561,1.0,93.95,636.0,9,32,0.0,0.0,2.0,2.0,1,0.0,2.0,23.0,0
5038.45,5793.45,755.0,15.1,94923,38.377165,-123.037957,2.0,100.2,96.0,0,50,2.0,0.0,2.0,2.0,0,0.0,2.0,9.0,0
237.75,382.77,145.02,48.34,90732,33.744119,-118.31448,0.0,77.0,874.0,0,3,0.0,0.0,0.0,2.0,0,0.0,0.0,20.0,1
75.75,84.1,8.35,8.35,92027,33.141265,-116.967221,0.0,75.75,305.0,0,1,0.0,0.0,0.0,2.0,0,0.0,0.0,23.0,1
57.4,91.21,33.81,11.27,94605,37.758019,-122.138678,1.0,20.55,688.0,0,3,1.0,1.0,1.0,3.0,2,1.0,1.0,0.0,0
328.95,328.95,0.0,0.0,92128,33.000269,-117.072093,0.0,40.65,852.0,2,9,2.0,0.0,0.0,1.0,0,0.0,0.0,26.0,1
519.15,761.79,242.64,40.44,91423,34.146957,-118.432138,0.0,84.2,913.0,1,6,0.0,0.0,2.0,2.0,0,0.0,0.0,25.0,1
4504.55,5172.89,668.34,14.22,95258,38.169605,-121.310964,0.0,95.05,1088.0,0,47,2.0,0.0,2.0,2.0,0,0.0,0.0,11.0,1
938.95,2287.95,1349.0,26.98,95317,37.127386,-120.506422,1.0,20.35,290.0,9,50,1.0,1.0,1.0,3.0,2,1.0,1.0,0.0,0
4902.8,7300.16,2397.36,42.81,94949,38.067204,-122.524004,0.0,85.6,679.0,9,56,0.0,0.0,0.0,2.0,0,0.0,0.0,51.0,0
2548.65,3081.23,532.58,17.18,93621,36.789213,-119.140338,1.0,81.7,274.0,0,31,2.0,0.0,0.0,2.0,0,0.0,0.0,76.0,0
202.5,334.1,131.6,13.16,93526,36.869584,-118.189241,2.0,20.25,443.0,0,10,1.0,1.0,1.0,3.0,0,1.0,1.0,0.0,0
582.5,760.77,158.27,22.61,90049,34.091829,-118.491244,0.0,86.5,552.0,1,7,0.0,0.0,0.0,2.0,0,0.0,0.0,11.0,1
838.5,1167.51,329.01,9.97,92117,32.825086,-117.199424,0.0,24.25,852.0,2,33,1.0,1.0,1.0,3.0,2,1.0,1.0,0.0,0
45.05,128.89,13.84,13.84,95386,37.669516,-120.626964,0.0,70.5,1048.0,0,1,0.0,0.0,0.0,1.0,0,0.0,0.0,26.0,1
4042.3,5811.56,1719.26,36.58,90808,33.823943,-118.111335,0.0,85.5,546.0,0,47,0.0,2.0,0.0,2.0,0,0.0,2.0,20.0,1
1111.65,1499.42,436.02,33.54,91206,34.162515,-118.203869,0.0,79.25,366.0,0,13,0.0,0.0,2.0,2.0,3,2.0,0.0,76.0,1
292.4,496.94,204.54,14.61,96114,40.294034,-120.512622,2.0,20.4,456.0,0,14,1.0,1.0,1.0,3.0,0,1.0,1.0,0.0,0
486.85,719.1,232.25,46.45,96008,40.722733,-122.109666,0.0,93.9,67.0,0,5,0.0,0.0,0.0,2.0,0,0.0,2.0,10.0,1
4443.45,5001.08,427.63,10.43,90033,34.050198,-118.210946,0.0,106.3,552.0,0,41,0.0,0.0,2.0,2.0,0,2.0,2.0,22.0,1
2731.0,4293.0,1562.0,39.05,94612,37.809014,-122.269739,0.0,67.45,688.0,0,40,0.0,2.0,0.0,1.0,0,2.0,2.0,58.0,0
74.2,123.15,48.95,48.95,92570,33.787298,-117.320676,0.0,74.2,743.0,0,1,0.0,0.0,0.0,2.0,0,0.0,0.0,23.0,1
777.3,1175.8,398.5,39.85,95685,38.432145,-120.77069,0.0,75.75,973.0,0,10,0.0,0.0,0.0,2.0,0,0.0,0.0,21.0,0
3862.55,5630.03,1767.48,40.17,91754,34.050322,-118.147037,0.0,84.8,629.0,0,44,0.0,0.0,2.0,2.0,0,2.0,0.0,6.0,1
502.6,684.4,181.8,36.36,91605,34.207295,-118.400022,0.0,89.8,674.0,0,5,0.0,0.0,2.0,2.0,0,0.0,0.0,12.0,1
324.3,496.54,172.24,43.06,95237,38.166791,-121.14207,0.0,79.9,537.0,0,4,0.0,0.0,0.0,2.0,0,0.0,2.0,46.0,1
2281.6,3261.54,979.94,37.69,92250,32.811001,-115.152865,0.0,84.3,423.0,0,26,2.0,0.0,0.0,2.0,0,2.0,0.0,30.0,0
1531.4,1950.84,419.44,29.96,93621,36.789213,-119.140338,0.0,104.85,274.0,0,14,0.0,0.0,2.0,2.0,0,2.0,0.0,7.0,1
306.6,369.04,42.44,10.61,92028,33.362575,-117.299644,0.0,74.4,315.0,0,4,0.0,0.0,0.0,2.0,0,0.0,0.0,8.0,1
1313.55,1833.92,520.37,30.61,95954,39.933852,-121.584371,0.0,76.65,572.0,0,17,0.0,0.0,0.0,2.0,0,2.0,0.0,7.0,1
629.55,713.05,83.5,8.35,95452,38.419525,-122.521585,0.0,60.95,467.0,0,10,2.0,0.0,0.0,0.0,0,0.0,2.0,29.0,0
3762.0,5104.73,1342.73,36.29,92027,33.141265,-116.967221,0.0,99.5,305.0,1,37,0.0,0.0,0.0,2.0,0,2.0,2.0,27.0,1
226.45,226.45,0.0,0.0,91104,34.165383,-118.123752,0.0,30.45,732.0,0,8,0.0,2.0,0.0,0.0,0,0.0,0.0,4.0,1
50.45,60.18,9.73,9.73,92027,33.141265,-116.967221,0.0,50.45,305.0,1,1,0.0,0.0,0.0,1.0,2,2.0,0.0,29.0,1
7334.05,10335.01,3000.96,41.68,94801,37.945288,-122.383941,2.0,100.65,816.0,10,72,0.0,2.0,2.0,2.0,0,2.0,0.0,28.0,0
1396.0,2108.64,712.64,10.48,92059,33.384345,-117.072619,2.0,20.0,718.0,0,68,1.0,1.0,1.0,3.0,0,1.0,1.0,0.0,0
3382.3,3816.31,434.01,11.73,91724,34.08111,-117.853935,0.0,91.2,227.0,0,37,0.0,2.0,2.0,2.0,0,2.0,0.0,30.0,0
2274.35,3314.69,990.34,38.09,90807,33.830099,-118.182239,0.0,88.8,546.0,0,26,0.0,0.0,0.0,2.0,0,0.0,2.0,22.0,1
505.45,977.2,471.75,18.87,94541,37.674002,-122.076796,1.0,19.9,408.0,0,25,1.0,1.0,1.0,3.0,1,1.0,1.0,0.0,0
3013.05,4396.87,1353.18,35.61,94903,38.018065,-122.546024,0.0,79.45,876.0,1,38,0.0,2.0,2.0,2.0,0,0.0,0.0,13.0,1
1505.35,1456.13,0.0,0.0,96034,41.411315,-122.697236,0.0,34.0,359.0,9,43,2.0,2.0,0.0,0.0,0,0.0,0.0,21.0,0
4016.75,4675.85,555.66,13.23,92109,32.787836,-117.232376,1.0,97.1,852.0,1,42,0.0,2.0,0.0,2.0,0,0.0,2.0,23.0,0
1882.8,2773.12,890.32,28.72,96046,40.648024,-123.465088,0.0,59.05,437.0,0,31,0.0,0.0,0.0,0.0,0,0.0,0.0,21.0,0
1083.7,1307.54,223.84,13.99,91701,34.132275,-117.611478,0.0,69.1,795.0,0,16,0.0,2.0,2.0,1.0,2,0.0,2.0,18.0,0
3807.35,4718.72,911.37,17.87,95829,38.486502,-121.334051,0.0,77.5,838.0,1,51,0.0,2.0,0.0,2.0,0,0.0,0.0,9.0,1
1527.5,1667.0,139.5,4.65,91710,33.990646,-117.663025,0.0,50.4,185.0,1,30,0.0,0.0,2.0,1.0,0,0.0,0.0,29.0,1
2199.05,2493.8,294.75,11.79,96013,40.946785,-121.719489,0.0,85.9,121.0,0,25,2.0,0.0,0.0,2.0,3,0.0,0.0,59.0,0
5897.4,7171.83,1274.43,18.47,94305,37.424342,-122.165641,2.0,85.35,948.0,0,69,2.0,2.0,0.0,1.0,0,2.0,2.0,28.0,0
4234.15,7416.97,3032.82,48.14,95497,38.696659,-123.436861,2.0,67.25,989.0,2,63,2.0,0.0,2.0,0.0,0,0.0,2.0,28.0,0
293.65,391.93,98.28,32.76,94941,37.901371,-122.572024,0.0,98.7,610.0,0,3,2.0,0.0,0.0,2.0,0,2.0,2.0,73.0,1
6744.2,9978.23,3234.03,46.87,92624,33.458754,-117.665104,1.0,95.65,152.0,4,69,0.0,0.0,2.0,2.0,0,0.0,2.0,11.0,0
280.85,415.45,134.6,33.65,92627,33.645672,-117.922613,0.0,73.9,221.0,0,4,0.0,0.0,0.0,2.0,0,2.0,0.0,30.0,1
5763.3,6240.12,476.82,8.83,96063,40.408796,-121.579609,1.0,106.55,614.0,2,54,0.0,2.0,2.0,2.0,0,0.0,2.0,21.0,1
7251.7,8955.22,1703.52,23.66,90038,34.088017,-118.327168,2.0,99.9,552.0,7,72,2.0,2.0,2.0,2.0,0,0.0,0.0,26.0,0
368.85,368.85,0.0,0.0,92653,33.606899,-117.717854,1.0,30.25,497.0,4,12,2.0,0.0,0.0,1.0,1,0.0,0.0,22.0,0
5552.05,7872.5,2320.45,42.19,92386,34.243088,-116.830015,1.0,100.9,960.0,0,55,0.0,2.0,2.0,2.0,0,0.0,2.0,51.0,0
1275.85,1505.8,229.95,3.65,94502,37.724817,-122.224363,2.0,70.5,7.0,0,63,1.0,1.0,1.0,3.0,1,1.0,1.0,0.0,0
370.65,567.21,196.56,49.14,93110,34.437945,-119.77191,0.0,88.45,882.0,0,4,0.0,0.0,0.0,2.0,0,0.0,2.0,15.0,1
342.4,434.24,91.84,5.74,91403,34.147149,-118.463365,0.0,19.7,913.0,0,16,1.0,1.0,1.0,3.0,0,1.0,1.0,0.0,1
1863.8,1898.05,34.25,1.37,95131,37.387027,-121.897775,1.0,74.3,861.0,0,25,2.0,2.0,2.0,1.0,0,2.0,0.0,21.0,1
4048.95,6802.21,2753.26,47.47,94549,37.907777,-122.127161,2.0,70.1,495.0,0,58,2.0,0.0,2.0,1.0,0,2.0,0.0,69.0,0
450.65,676.15,225.5,10.25,95528,40.497283,-123.93037,1.0,20.85,155.0,0,22,1.0,1.0,1.0,3.0,0,1.0,1.0,0.0,0
5980.55,8229.43,2108.88,29.29,93652,36.594542,-119.905245,2.0,82.3,791.0,1,72,2.0,2.0,2.0,1.0,0,2.0,2.0,30.0,0
68.8,185.16,116.36,29.09,95552,40.390301,-123.412327,2.0,19.55,568.0,0,4,1.0,1.0,1.0,3.0,3,1.0,1.0,0.0,0
415.55,448.01,28.9,5.78,92122,32.85723,-117.209774,0.0,80.6,852.0,0,5,0.0,0.0,0.0,2.0,0,0.0,0.0,52.0,1
1687.95,2254.77,566.82,31.49,90712,33.840524,-118.148403,0.0,94.7,509.0,1,18,0.0,0.0,0.0,2.0,0,0.0,2.0,20.0,1
2467.75,2925.13,457.38,16.94,95637,38.830739,-122.196202,0.0,88.3,396.0,0,27,0.0,0.0,0.0,2.0,0,2.0,0.0,11.0,1
1424.5,1588.51,34.01,1.79,91042,34.296574,-118.244839,0.0,73.85,1007.0,0,19,0.0,0.0,2.0,2.0,0,0.0,0.0,14.0,1
1008.55,1284.25,275.7,27.57,92129,32.961064,-117.134917,0.0,98.55,852.0,0,10,0.0,2.0,0.0,2.0,0,0.0,2.0,13.0,1
3640.45,5620.45,1980.0,49.5,93541,37.890145,-119.184087,0.0,70.5,520.0,1,40,0.0,0.0,0.0,2.0,0,0.0,2.0,20.0,1
5411.65,7752.15,2340.5,37.75,92410,34.106922,-117.297553,2.0,89.1,848.0,4,62,0.0,0.0,0.0,2.0,2,2.0,0.0,73.0,0
1079.05,1253.95,174.9,3.18,90035,34.051809,-118.383843,2.0,20.3,552.0,3,55,1.0,1.0,1.0,3.0,1,1.0,1.0,0.0,0
45.75,169.83,124.08,41.36,95501,40.796621,-124.15428,0.0,19.9,309.0,4,3,1.0,1.0,1.0,3.0,0,1.0,1.0,0.0,0
80.8,122.57,41.77,41.77,92121,32.898613,-117.202937,0.0,80.8,852.0,0,1,0.0,0.0,0.0,2.0,0,0.0,2.0,15.0,1
521.1,834.49,341.74,48.82,92028,33.362575,-117.299644,0.0,74.65,315.0,0,7,2.0,0.0,0.0,0.0,0,0.0,2.0,19.0,1
19.3,68.5,49.2,49.2,93067,34.420998,-119.60137,0.0,19.3,963.0,0,1,1.0,1.0,1.0,3.0,0,1.0,1.0,0.0,1
502.6,684.4,181.8,36.36,91605,34.207295,-118.400022,0.0,89.8,674.0,0,5,0.0,0.0,2.0,2.0,0,0.0,0.0,12.0,1
5154.6,7286.58,1981.98,30.03,92382,34.186211,-117.07683,2.0,79.4,837.0,1,66,2.0,2.0,2.0,1.0,0,2.0,0.0,15.0,1
7405.5,9181.92,1776.42,25.02,91335,34.200175,-118.540958,2.0,105.55,813.0,3,71,0.0,2.0,0.0,2.0,3,2.0,2.0,53.0,0
1642.75,1976.94,334.19,14.53,90742,33.719221,-118.073596,0.0,73.65,969.0,5,23,2.0,0.0,0.0,0.0,0,0.0,2.0,48.0,0
6056.15,8116.4,2060.25,30.75,92129,32.961064,-117.134917,1.0,90.6,852.0,1,67,0.0,2.0,2.0,2.0,0,0.0,2.0,5.0,1
76.4,117.56,41.16,41.16,95453,39.080469,-122.955176,0.0,76.4,506.0,6,1,0.0,0.0,2.0,2.0,0,0.0,0.0,6.0,1
3046.4,3590.4,484.0,8.8,95014,37.306612,-122.080621,2.0,57.55,235.0,1,55,2.0,2.0,2.0,1.0,0,0.0,0.0,48.0,1
1639.3,1867.36,228.06,12.67,95608,38.626128,-121.328011,0.0,88.35,160.0,0,18,2.0,0.0,0.0,2.0,0,0.0,0.0,23.0,1
1582.75,1918.6,335.85,22.39,94014,37.691561,-122.445202,0.0,105.1,239.0,0,15,2.0,2.0,0.0,2.0,0,2.0,2.0,7.0,1
5812.6,5997.04,184.44,3.18,93551,34.613476,-118.256358,0.0,98.7,722.0,1,58,0.0,0.0,0.0,2.0,0,2.0,2.0,5.0,1
40.9,127.44,86.54,43.27,94579,37.687264,-122.15728,0.0,20.0,864.0,0,2,1.0,1.0,1.0,3.0,0,1.0,1.0,0.0,0
1468.75,2040.97,572.22,31.79,95228,37.943954,-120.67108,0.0,78.2,214.0,6,18,2.0,0.0,0.0,2.0,0,2.0,0.0,19.0,0
8317.95,10385.79,2067.84,28.72,95459,38.966713,-123.586412,2.0,114.85,575.0,3,72,2.0,2.0,2.0,2.0,0,2.0,0.0,25.0,0
2781.85,4070.17,1288.32,40.26,94611,37.828416,-122.216005,1.0,84.05,688.0,0,32,0.0,0.0,0.0,2.0,0,0.0,0.0,14.0,1
2104.55,3162.71,1018.16,46.28,93932,35.989792,-121.055933,0.0,94.65,538.0,0,22,0.0,0.0,0.0,2.0,0,0.0,2.0,16.0,1
325.45,519.37,193.92,48.48,90255,33.97803,-118.217141,0.0,70.5,435.0,5,4,0.0,0.0,0.0,2.0,0,2.0,2.0,58.0,1
2231.05,2617.45,386.4,16.1,92122,32.85723,-117.209774,0.0,93.15,852.0,1,24,0.0,0.0,0.0,0.0,0,2.0,2.0,12.0,1
5744.35,6311.63,567.28,10.13,95421,38.578807,-123.19338,2.0,103.2,175.0,10,56,2.0,0.0,0.0,2.0,0,2.0,2.0,13.0,0
2447.95,3170.19,722.24,22.57,92126,32.886925,-117.152162,0.0,78.9,852.0,1,32,0.0,0.0,0.0,2.0,0,2.0,0.0,11.0,1
6056.9,7355.78,1298.88,19.68,92708,33.712036,-117.950113,1.0,92.15,342.0,0,66,0.0,0.0,0.0,2.0,0,2.0,0.0,28.0,0
5424.25,7733.46,2309.21,43.57,93656,36.452211,-119.94575,2.0,99.5,826.0,0,53,2.0,2.0,2.0,2.0,0,2.0,2.0,13.0,0
6281.45,9069.15,2787.7,45.7,94523,37.95338,-122.076886,0.0,105.55,770.0,1,61,0.0,0.0,2.0,2.0,0,2.0,2.0,24.0,1
573.75,861.15,287.4,47.9,92121,32.898613,-117.202937,0.0,95.75,852.0,0,6,0.0,0.0,0.0,2.0,0,2.0,0.0,6.0,1
1943.2,2828.34,889.87,38.69,94949,38.067204,-122.524004,0.0,90.6,679.0,0,23,2.0,0.0,0.0,0.0,0,0.0,2.0,69.0,1
318.5,468.75,150.25,30.05,92109,32.787836,-117.232376,0.0,69.05,852.0,0,5,0.0,0.0,0.0,2.0,0,0.0,0.0,11.0,1
69.35,91.38,22.03,22.03,92008,33.148116,-117.306043,0.0,69.35,156.0,0,1,0.0,0.0,0.0,2.0,0,0.0,0.0,26.0,1
1928.7,3007.02,1078.32,44.93,92036,32.980678,-116.262854,0.0,79.65,461.0,2,24,0.0,0.0,0.0,2.0,0,2.0,2.0,82.0,0
1043.4,1524.12,480.72,40.06,95374,37.316807,-120.855753,0.0,79.95,951.0,0,12,0.0,0.0,0.0,2.0,0,0.0,2.0,41.0,0
7623.2,10094.0,2470.8,34.8,91204,34.136306,-118.26036,2.0,106.8,366.0,0,71,2.0,0.0,2.0,2.0,0,0.0,0.0,21.0,0
90.1,114.43,24.33,24.33,92101,32.72523,-117.171346,0.0,90.1,852.0,1,1,0.0,0.0,0.0,2.0,3,0.0,2.0,59.0,0
134.7,210.14,75.44,37.72,96126,39.559709,-120.345639,0.0,69.8,919.0,0,2,0.0,0.0,0.0,2.0,0,0.0,0.0,27.0,1
6029.0,7689.8,1660.8,27.68,92060,33.309852,-116.823091,1.0,100.5,726.0,3,60,0.0,0.0,0.0,2.0,0,2.0,0.0,26.0,0
434.1,507.56,53.46,8.91,93218,35.846067,-119.004073,0.0,74.4,271.0,0,6,0.0,0.0,0.0,2.0,0,2.0,0.0,27.0,1
1556.85,2403.11,846.26,49.78,95410,39.225694,-123.717354,0.0,92.7,10.0,0,17,2.0,0.0,2.0,2.0,2,2.0,0.0,19.0,0
2576.2,4272.65,1696.45,48.47,91773,34.102119,-117.815532,0.0,75.2,853.0,1,35,0.0,0.0,0.0,2.0,0,0.0,0.0,12.0,1
2227.1,2698.9,471.8,16.85,92338,34.702766,-116.093376,0.0,81.05,564.0,1,28,0.0,0.0,0.0,2.0,0,0.0,2.0,13.0,1
5264.5,6040.42,775.92,12.72,96088,40.497441,-121.827524,1.0,84.9,915.0,3,61,2.0,2.0,2.0,0.0,2,2.0,2.0,48.0,0
1570.7,1639.16,68.46,3.26,95230,37.956963,-120.863055,0.0,75.3,317.0,0,21,0.0,0.0,0.0,2.0,0,0.0,0.0,51.0,0
435.0,546.9,111.9,18.65,92407,34.250069,-117.393949,0.0,69.1,848.0,0,6,0.0,0.0,0.0,2.0,0,0.0,0.0,18.0,0
333.6,429.96,96.36,24.09,95936,39.578792,-120.780786,0.0,76.65,267.0,0,4,0.0,0.0,2.0,2.0,0,0.0,0.0,17.0,1
493.65,548.39,54.74,7.82,92028,33.362575,-117.299644,2.0,64.95,315.0,0,7,0.0,0.0,2.0,0.0,0,2.0,0.0,7.0,0
1493.1,3925.67,2432.57,41.23,95258,38.169605,-121.310964,2.0,24.45,1088.0,0,59,1.0,1.0,1.0,3.0,0,1.0,1.0,0.0,0
1127.35,1287.51,160.16,7.28,94568,37.713926,-121.928425,0.0,54.45,270.0,0,22,0.0,2.0,0.0,1.0,0,0.0,0.0,7.0,1
3229.65,4478.16,1148.51,21.67,95126,37.327069,-121.916819,1.0,60.05,861.0,1,53,2.0,2.0,0.0,0.0,0,0.0,0.0,6.0,1
781.4,1226.82,435.42,48.38,95033,37.160194,-121.945611,0.0,85.3,554.0,0,9,0.0,0.0,0.0,2.0,0,2.0,2.0,8.0,0
779.25,1067.78,288.53,6.71,95223,38.32153,-120.236358,2.0,19.65,39.0,0,43,1.0,1.0,1.0,3.0,0,1.0,1.0,0.0,0
4687.9,5312.26,624.36,14.52,93101,34.419203,-119.710008,0.0,110.75,882.0,1,43,2.0,0.0,2.0,2.0,0,2.0,0.0,5.0,1
416.3,541.85,125.55,25.11,93726,36.793601,-119.761131,0.0,81.3,349.0,0,5,0.0,0.0,2.0,2.0,0,0.0,0.0,26.0,1
456.85,1245.49,788.64,32.86,92127,33.017518,-117.118456,1.0,20.15,852.0,1,24,1.0,1.0,1.0,3.0,0,1.0,1.0,0.0,0
71.0,89.84,18.84,18.84,93921,36.554618,-121.922239,0.0,71.0,158.0,1,1,0.0,0.0,0.0,2.0,0,0.0,0.0,19.0,1
70.9,110.71,39.81,39.81,93021,34.312945,-118.858169,0.0,70.9,632.0,0,1,0.0,0.0,0.0,2.0,0,0.0,0.0,23.0,1
210.65,355.82,145.17,16.13,95616,38.508735,-121.678813,2.0,19.75,244.0,6,9,1.0,1.0,1.0,3.0,2,1.0,1.0,0.0,0
454.05,1475.95,1021.9,46.45,93623,37.483535,-119.679414,0.0,19.05,325.0,0,22,1.0,1.0,1.0,3.0,1,1.0,1.0,0.0,0
19.9,31.73,11.83,11.83,92663,33.62251,-117.927024,0.0,19.9,662.0,0,1,1.0,1.0,1.0,3.0,0,1.0,1.0,0.0,0
4758.8,5813.6,1054.8,14.65,93541,37.890145,-119.184087,2.0,66.85,520.0,6,72,2.0,2.0,0.0,1.0,0,2.0,0.0,20.0,0
7869.05,10196.55,2327.5,33.25,95693,38.392559,-121.225093,2.0,113.05,1077.0,4,70,2.0,2.0,2.0,2.0,2,2.0,2.0,15.0,0
2369.3,2847.5,478.2,15.94,92345,34.361387,-117.337509,2.0,80.8,418.0,4,30,2.0,0.0,2.0,1.0,0,2.0,2.0,53.0,0
4564.9,4758.1,193.2,4.2,95012,36.784481,-121.759054,1.0,98.85,171.0,6,46,0.0,0.0,0.0,2.0,0,2.0,0.0,22.0,0
2230.85,4025.13,1830.5,36.61,93060,34.402343,-119.094824,1.0,44.8,890.0,10,50,0.0,0.0,0.0,1.0,2,0.0,0.0,41.0,0
69.65,76.88,7.23,7.23,91351,34.422519,-118.420717,0.0,69.65,149.0,0,1,0.0,0.0,0.0,2.0,0,0.0,0.0,2.0,1
7118.9,9806.0,2687.1,41.34,94403,37.538309,-122.305109,1.0,108.05,871.0,6,65,2.0,0.0,2.0,2.0,0,2.0,2.0,15.0,0
19.25,32.06,12.81,12.81,93277,36.303793,-119.375646,0.0,19.25,1038.0,0,1,1.0,1.0,1.0,3.0,7,1.0,1.0,0.0,1
6140.85,6313.04,172.19,2.57,92672,33.429488,-117.609432,2.0,92.45,851.0,0,67,2.0,2.0,2.0,2.0,0,0.0,0.0,21.0,0
1498.65,1783.5,284.85,10.55,93544,34.500091,-117.765862,2.0,52.85,536.0,0,27,0.0,2.0,2.0,1.0,0,0.0,0.0,29.0,0
3183.4,3990.12,806.72,25.21,91711,34.127621,-117.717863,0.0,96.2,191.0,0,32,2.0,0.0,0.0,2.0,0,0.0,2.0,26.0,1
5817.7,7879.6,2061.9,35.55,92399,34.04597,-117.011825,0.0,95.3,1100.0,0,58,2.0,0.0,0.0,2.0,0,0.0,2.0,73.0,0
659.65,845.26,220.3,22.03,95358,37.612612,-121.108568,0.0,70.1,620.0,1,10,0.0,0.0,0.0,2.0,0,0.0,0.0,19.0,1
5251.75,8097.4,2845.65,46.65,92342,34.757783,-117.33997,1.0,85.55,411.0,5,61,2.0,0.0,2.0,2.0,0,0.0,0.0,23.0,0
7511.3,8470.78,959.48,14.11,93238,35.852892,-118.397782,2.0,111.75,469.0,3,68,2.0,2.0,0.0,2.0,3,2.0,2.0,57.0,0
1672.35,2319.3,646.95,34.05,93710,36.822715,-119.761826,0.0,88.8,349.0,1,19,2.0,2.0,2.0,2.0,0,0.0,0.0,20.0,0
703.55,1031.42,327.87,36.43,92028,33.362575,-117.299644,0.0,74.65,315.0,0,9,0.0,2.0,2.0,1.0,0,0.0,2.0,16.0,1
4014.0,5515.92,1501.92,26.82,91913,32.64164,-116.985026,1.0,68.45,189.0,1,56,2.0,2.0,2.0,0.0,0,2.0,0.0,18.0,0
251.75,381.56,129.81,43.27,95537,40.726949,-124.217378,0.0,79.65,323.0,1,3,2.0,0.0,0.0,2.0,0,0.0,0.0,17.0,1
4630.2,6886.81,2265.96,49.26,96020,40.243494,-121.154733,2.0,99.65,182.0,10,46,2.0,2.0,0.0,2.0,1,2.0,2.0,18.0,0
4059.35,5997.3,1937.95,39.55,93563,34.39583,-117.734568,1.0,84.35,1030.0,1,49,2.0,2.0,0.0,0.0,0,2.0,2.0,10.0,1
555.4,1126.96,571.56,25.98,94576,38.554383,-122.474773,2.0,25.25,247.0,9,22,1.0,1.0,1.0,3.0,3,1.0,1.0,0.0,0
20.2,63.72,43.52,43.52,90290,34.115192,-118.61017,0.0,20.2,997.0,0,1,1.0,1.0,1.0,3.0,0,1.0,1.0,0.0,1
853.0,853.0,0.0,0.0,92124,32.827238,-117.089287,0.0,34.0,852.0,1,25,0.0,0.0,0.0,0.0,0,0.0,0.0,82.0,1
357.0,619.8,262.8,14.6,92274,33.53604,-116.119222,0.0,20.45,990.0,8,18,1.0,1.0,1.0,3.0,2,1.0,1.0,0.0,0
6529.25,7140.21,500.96,8.08,94535,38.265899,-121.939461,1.0,102.0,1004.0,0,62,2.0,2.0,2.0,2.0,0,0.0,2.0,21.0,1
2655.25,3813.75,1158.5,46.34,94109,37.794487,-122.42227,0.0,105.95,855.0,0,25,0.0,0.0,2.0,2.0,0,2.0,0.0,22.0,1
6144.55,7767.97,1623.42,27.99,92647,33.723579,-118.005441,2.0,109.45,434.0,1,58,0.0,2.0,2.0,2.0,0,2.0,2.0,24.0,1
2758.15,4134.55,1376.4,45.88,92129,32.961064,-117.134917,0.0,91.7,852.0,0,30,0.0,2.0,2.0,2.0,0,2.0,0.0,19.0,1
365.35,482.41,87.06,14.51,91792,34.024405,-117.898722,0.0,55.9,1056.0,1,6,0.0,2.0,2.0,0.0,3,0.0,0.0,20.0,1
2791.5,3271.65,480.15,10.67,94015,37.680844,-122.48131,1.0,62.7,239.0,0,45,0.0,2.0,0.0,1.0,0,2.0,0.0,17.0,1
7291.75,9967.74,2675.99,37.69,92270,33.763678,-116.429928,2.0,105.25,796.0,10,71,2.0,0.0,2.0,2.0,0,2.0,2.0,8.0,0
571.15,766.11,114.96,9.58,95834,38.646209,-121.52446,0.0,49.2,838.0,8,12,0.0,2.0,0.0,0.0,3,0.0,0.0,57.0,0
1392.25,1734.7,342.45,22.83,93624,36.397745,-120.119911,0.0,96.5,326.0,9,15,0.0,2.0,0.0,2.0,0,2.0,0.0,26.0,0
2254.2,2279.61,25.41,1.21,90071,34.052917,-118.255178,0.0,103.9,552.0,1,21,0.0,2.0,0.0,2.0,0,2.0,2.0,16.0,1
1281.0,1587.88,306.88,19.18,95524,40.825486,-124.049485,0.0,86.6,63.0,0,16,0.0,0.0,0.0,2.0,0,0.0,0.0,22.0,1
3591.25,5554.41,1893.16,49.82,93510,34.501452,-118.207862,1.0,95.0,1.0,1,38,0.0,2.0,2.0,2.0,0,0.0,2.0,27.0,0
3460.95,3946.76,485.81,13.13,90262,33.923573,-118.200669,2.0,94.3,565.0,8,37,2.0,0.0,0.0,2.0,0,2.0,0.0,58.0,0
69.9,115.56,45.66,45.66,94555,37.555473,-122.080312,0.0,69.9,346.0,0,1,0.0,0.0,0.0,2.0,0,0.0,0.0,28.0,1
2689.35,2689.35,0.0,0.0,95970,39.424957,-122.039307,1.0,45.0,789.0,0,58,0.0,0.0,0.0,0.0,0,0.0,2.0,23.0,0
4868.4,7750.07,2881.67,43.01,95123,37.238758,-121.828375,2.0,74.0,861.0,5,67,2.0,2.0,2.0,0.0,2,0.0,0.0,16.0,0
2595.25,3544.84,949.59,35.17,92227,33.03933,-115.191857,0.0,95.6,108.0,0,27,0.0,0.0,0.0,2.0,0,0.0,2.0,24.0,0
44.15,52.92,8.77,8.77,90049,34.091829,-118.491244,0.0,44.15,552.0,0,1,0.0,0.0,0.0,1.0,0,0.0,0.0,10.0,1
916.75,1498.93,492.18,37.86,93618,36.523619,-119.386868,0.0,70.15,259.0,2,13,0.0,0.0,0.0,2.0,0,0.0,0.0,19.0,1
2010.55,3723.1,1712.55,48.93,90807,33.830099,-118.182239,0.0,55.0,546.0,0,35,0.0,0.0,0.0,0.0,0,0.0,0.0,14.0,1
1005.7,1552.66,546.96,10.32,95228,37.943954,-120.67108,2.0,18.7,214.0,0,53,1.0,1.0,1.0,3.0,0,1.0,1.0,0.0,0
1517.5,2234.02,716.52,25.59,95942,40.077028,-121.494168,0.0,54.65,334.0,0,28,2.0,0.0,2.0,0.0,0,0.0,0.0,7.0,0
1509.8,2707.0,1067.2,46.4,91932,32.579134,-117.119009,1.0,64.9,442.0,0,23,0.0,0.0,0.0,0.0,0,0.0,2.0,23.0,0
3205.6,4622.61,1417.01,45.71,94519,37.990118,-122.012188,0.0,104.35,212.0,0,31,0.0,2.0,2.0,2.0,0,0.0,2.0,58.0,0
1357.1,2701.54,1361.58,20.63,93004,34.278697,-119.167798,2.0,20.55,1033.0,0,66,1.0,1.0,1.0,3.0,2,1.0,1.0,0.0,0
1326.25,2913.85,1587.6,22.05,95456,39.245911,-123.77214,2.0,20.1,531.0,6,72,1.0,1.0,1.0,3.0,2,1.0,1.0,0.0,0
156.35,204.73,8.38,4.19,95139,37.218705,-121.762429,0.0,86.85,861.0,3,2,0.0,0.0,0.0,2.0,0,0.0,0.0,11.0,1
29.7,29.7,0.0,0.0,95127,37.375156,-121.795867,0.0,29.7,861.0,0,1,0.0,2.0,0.0,0.0,0,0.0,0.0,69.0,1
2934.3,4691.93,1757.63,35.87,92273,32.790282,-115.689559,0.0,59.75,903.0,0,49,0.0,2.0,2.0,1.0,0,0.0,0.0,30.0,1
5341.8,6385.8,1044.0,20.88,90007,34.027337,-118.28515,0.0,105.95,552.0,0,50,0.0,2.0,0.0,2.0,0,2.0,2.0,13.0,1
95.6,102.27,6.67,6.67,92270,33.763678,-116.429928,0.0,95.6,796.0,0,1,0.0,2.0,0.0,2.0,0,0.0,2.0,27.0,1
4126.2,5898.45,1772.25,34.75,93268,35.184837,-119.402525,1.0,81.15,975.0,0,51,2.0,2.0,2.0,0.0,0,2.0,0.0,59.0,0
226.2,238.32,12.12,3.03,95354,37.639029,-120.964772,0.0,63.75,620.0,0,4,2.0,0.0,2.0,1.0,0,0.0,0.0,11.0,0
5121.75,7224.85,2033.1,37.65,92662,33.606336,-117.893042,1.0,94.75,662.0,0,54,0.0,0.0,2.0,2.0,0,2.0,0.0,30.0,0
3915.4,5092.2,1176.8,29.42,96143,39.246654,-120.029273,0.0,96.35,473.0,4,40,0.0,0.0,2.0,2.0,2,2.0,0.0,23.0,0
2390.45,2390.45,0.0,0.0,90504,33.867257,-118.330794,2.0,54.3,999.0,1,44,0.0,0.0,2.0,0.0,0,2.0,2.0,18.0,0
3753.2,5842.6,2089.4,33.7,96113,40.198234,-120.18089,2.0,60.15,416.0,1,62,2.0,0.0,2.0,0.0,0,2.0,0.0,15.0,0
1004.75,1004.75,0.0,0.0,94612,37.809014,-122.269739,0.0,34.3,688.0,0,29,2.0,0.0,2.0,1.0,0,0.0,0.0,27.0,0
4242.35,4528.97,286.62,5.62,92028,33.362575,-117.299644,0.0,80.0,315.0,0,51,0.0,0.0,0.0,2.0,0,2.0,0.0,16.0,1
8126.65,9372.25,1245.6,17.3,92120,32.807867,-117.060993,2.0,112.6,852.0,2,72,2.0,2.0,2.0,2.0,1,2.0,2.0,14.0,0
1422.1,1846.9,284.8,17.8,95231,37.873283,-121.292034,0.0,88.45,347.0,0,16,0.0,0.0,0.0,2.0,0,2.0,2.0,5.0,1
253.8,402.69,148.89,49.63,93306,35.449881,-118.841442,0.0,80.35,56.0,0,3,0.0,0.0,0.0,2.0,0,0.0,2.0,26.0,0
165.4,178.42,13.02,6.51,96073,40.582399,-122.195512,0.0,74.7,724.0,0,2,0.0,0.0,2.0,2.0,0,0.0,0.0,11.0,1
3346.8,4410.24,1063.44,18.99,95672,38.724322,-120.991237,2.0,61.3,812.0,7,56,0.0,2.0,2.0,0.0,3,2.0,0.0,53.0,0
2896.4,4524.08,1627.68,33.91,95405,38.439696,-122.668817,1.0,60.35,891.0,0,48,2.0,2.0,0.0,1.0,0,2.0,0.0,13.0,1
4297.6,6528.4,2230.8,42.9,94518,37.950248,-122.022455,1.0,80.2,212.0,0,52,0.0,0.0,2.0,2.0,0,0.0,0.0,14.0,0
1233.65,1597.66,412.1,31.7,92563,33.581045,-117.14719,0.0,95.25,649.0,1,13,0.0,0.0,0.0,0.0,0,0.0,2.0,6.0,1
221.35,585.01,363.66,33.06,90740,33.75462,-118.071128,0.0,20.1,900.0,0,11,1.0,1.0,1.0,3.0,3,1.0,1.0,0.0,1
6703.5,7636.6,933.1,15.05,95220,38.200231,-121.235034,1.0,106.05,0.0,8,62,2.0,0.0,2.0,2.0,2,0.0,2.0,23.0,0
810.45,905.57,95.12,2.32,90211,34.063947,-118.383001,2.0,19.85,77.0,0,41,1.0,1.0,1.0,3.0,0,1.0,1.0,0.0,0
25.7,25.7,0.0,0.0,95439,38.493888,-122.777141,0.0,25.7,352.0,0,1,0.0,0.0,0.0,0.0,0,0.0,0.0,9.0,1
1706.45,2748.65,992.2,45.1,95002,37.449537,-121.994813,0.0,80.0,20.0,1,22,0.0,0.0,0.0,2.0,0,0.0,0.0,41.0,0
334.65,458.55,123.9,41.3,91801,34.090925,-118.128164,0.0,105.9,12.0,1,3,0.0,0.0,2.0,2.0,0,2.0,0.0,2.0,1
2227.1,2698.9,471.8,16.85,92338,34.702766,-116.093376,0.0,81.05,564.0,1,28,0.0,0.0,0.0,2.0,0,0.0,2.0,13.0,1
100.4,100.4,0.0,0.0,92374,34.064073,-117.166158,0.0,24.95,806.0,1,5,0.0,0.0,0.0,1.0,0,0.0,0.0,7.0,1
2495.15,2849.0,353.85,10.11,94041,37.388349,-122.075299,1.0,72.1,646.0,0,35,2.0,0.0,0.0,1.0,2,0.0,2.0,73.0,0
1060.2,1512.3,452.1,45.21,94117,37.770533,-122.445121,0.0,100.6,855.0,0,10,0.0,0.0,0.0,2.0,0,2.0,2.0,3.0,1
6725.3,7651.35,856.05,13.17,95610,38.69508,-121.271616,2.0,104.3,190.0,5,65,0.0,2.0,0.0,2.0,1,2.0,2.0,59.0,0
2287.25,3128.84,841.59,31.17,95426,38.838088,-122.73203,0.0,85.25,204.0,0,27,0.0,0.0,0.0,2.0,0,0.0,2.0,25.0,1
69.55,118.98,49.43,49.43,93638,37.004068,-119.930027,0.0,69.55,570.0,0,1,0.0,0.0,0.0,2.0,0,0.0,2.0,48.0,1
609.05,785.93,176.88,7.37,94940,38.129308,-122.834815,2.0,24.2,584.0,1,24,1.0,1.0,1.0,3.0,3,1.0,1.0,0.0,0
3475.55,4612.19,1136.64,30.72,95838,38.646096,-121.442433,0.0,98.8,838.0,0,37,2.0,0.0,0.0,2.0,0,0.0,2.0,42.0,1
824.75,884.15,59.4,5.4,95450,38.505995,-123.187019,0.0,74.55,457.0,0,11,0.0,0.0,2.0,2.0,0,0.0,0.0,41.0,1
5589.3,7922.38,2333.08,34.31,93432,35.480896,-120.469476,1.0,80.35,231.0,7,68,0.0,0.0,0.0,2.0,0,2.0,0.0,15.0,0
20.35,50.21,29.86,29.86,91764,34.074087,-117.605618,0.0,20.35,700.0,0,1,1.0,1.0,1.0,3.0,0,1.0,1.0,0.0,0
5289.05,7226.33,1937.28,30.27,90740,33.75462,-118.071128,1.0,84.3,900.0,0,64,0.0,2.0,2.0,2.0,0,0.0,0.0,12.0,0
1511.2,1662.08,150.88,9.43,91764,34.074087,-117.605618,0.0,94.45,700.0,0,16,2.0,0.0,0.0,2.0,0,0.0,2.0,9.0,1
93.4,183.56,90.16,22.54,95222,38.071327,-120.632221,0.0,19.4,25.0,0,4,1.0,1.0,1.0,3.0,0,1.0,1.0,0.0,0
5165.7,5658.9,493.2,6.85,93230,36.29223,-119.622676,2.0,70.45,401.0,8,72,2.0,2.0,2.0,1.0,1,2.0,0.0,19.0,0
1269.1,3773.14,2504.04,37.94,93962,36.624641,-121.647195,2.0,19.95,943.0,0,66,1.0,1.0,1.0,3.0,1,1.0,1.0,0.0,0
869.9,1119.8,249.9,5.95,93705,36.78724,-119.827813,0.0,20.35,349.0,0,42,1.0,1.0,1.0,3.0,0,1.0,1.0,0.0,0
45.1,56.16,11.06,11.06,91906,32.673483,-116.472863,0.0,45.1,143.0,0,1,0.0,0.0,0.0,1.0,0,0.0,2.0,58.0,1
2070.6,3004.0,933.4,35.9,94706,37.890274,-122.295192,0.0,83.75,9.0,1,26,0.0,0.0,0.0,0.0,0,0.0,0.0,26.0,1
19.75,49.08,29.33,29.33,93535,34.712708,-117.889656,0.0,19.75,511.0,0,1,1.0,1.0,1.0,3.0,0,1.0,1.0,0.0,1
215.2,215.2,0.0,0.0,92117,32.825086,-117.199424,0.0,25.5,852.0,0,8,0.0,0.0,0.0,1.0,0,0.0,0.0,16.0,1
3472.05,4701.95,1229.9,25.1,93428,35.591387,-121.032256,1.0,71.8,139.0,9,49,0.0,2.0,2.0,1.0,0,2.0,2.0,30.0,0
4528.0,6662.52,2134.52,49.64,92121,32.898613,-117.202937,0.0,101.4,852.0,0,43,0.0,0.0,2.0,2.0,0,0.0,2.0,27.0,1
2184.35,2184.35,0.0,0.0,90405,34.005439,-118.477507,0.0,55.9,889.0,3,39,0.0,2.0,0.0,1.0,0,2.0,2.0,13.0,1
1389.35,2256.97,867.62,12.22,90240,33.956228,-118.120993,2.0,19.9,266.0,4,71,1.0,1.0,1.0,3.0,1,1.0,1.0,0.0,0
2967.35,4355.65,1308.3,43.61,95209,38.044523,-121.348048,0.0,99.7,954.0,0,30,0.0,0.0,2.0,2.0,0,0.0,0.0,8.0,1
3204.65,4353.07,1074.24,33.57,94598,37.916648,-122.008483,0.0,70.5,1043.0,1,32,0.0,2.0,0.0,2.0,0,0.0,2.0,26.0,1
5749.8,8495.52,2745.72,47.34,93225,34.827662,-118.999073,0.0,100.4,344.0,8,58,2.0,0.0,0.0,2.0,0,0.0,2.0,28.0,0
1029.75,1408.73,343.56,28.63,95466,39.094102,-123.500853,0.0,83.8,749.0,0,12,2.0,0.0,2.0,0.0,0,2.0,0.0,7.0,1
7447.7,8698.74,1211.04,16.82,96091,41.081847,-122.700545,2.0,104.1,1006.0,4,72,2.0,2.0,0.0,2.0,2,2.0,0.0,25.0,0
2288.7,2288.7,0.0,0.0,90240,33.956228,-118.120993,2.0,37.7,266.0,1,60,2.0,2.0,2.0,0.0,0,0.0,0.0,2.0,0
6254.45,6690.05,435.6,6.05,91020,34.2112,-118.230625,2.0,89.05,631.0,7,72,2.0,2.0,2.0,0.0,0,2.0,2.0,30.0,0
2203.65,2628.34,453.18,10.79,95316,37.524721,-120.757977,0.0,50.25,252.0,2,42,0.0,0.0,0.0,0.0,0,0.0,0.0,41.0,1
76.45,90.29,3.84,3.84,92121,32.898613,-117.202937,0.0,76.45,852.0,0,1,0.0,0.0,0.0,2.0,0,0.0,0.0,13.0,1
220.45,338.98,88.53,29.51,96126,39.559709,-120.345639,1.0,69.95,919.0,0,3,0.0,0.0,0.0,0.0,0,2.0,2.0,17.0,0
6579.05,6962.65,383.6,5.48,93040,34.432843,-118.730106,2.0,93.9,760.0,1,70,2.0,2.0,2.0,2.0,0,2.0,0.0,14.0,1
995.35,1544.55,499.2,38.4,94030,37.601248,-122.403099,0.0,78.75,611.0,0,13,0.0,2.0,0.0,1.0,0,2.0,2.0,23.0,0
3444.85,3674.85,230.0,4.6,95638,38.313447,-121.123886,0.0,71.05,414.0,1,50,0.0,0.0,0.0,0.0,0,0.0,0.0,24.0,1
237.2,290.44,53.24,13.31,92865,33.828779,-117.848299,0.0,65.55,701.0,0,4,2.0,0.0,0.0,0.0,0,0.0,2.0,59.0,0
20.5,46.62,26.12,26.12,95315,37.422961,-120.765493,0.0,20.5,251.0,0,1,1.0,1.0,1.0,3.0,0,1.0,1.0,0.0,1
2238.5,3018.26,779.76,32.49,94586,37.587494,-121.862856,0.0,90.35,968.0,0,24,0.0,0.0,0.0,2.0,0,0.0,2.0,23.0,1
1339.8,2241.75,901.95,42.95,91775,34.114772,-118.089431,1.0,70.5,856.0,5,21,0.0,2.0,2.0,1.0,0,0.0,0.0,30.0,0
3574.5,4480.94,906.44,21.08,91401,34.178483,-118.431791,2.0,86.45,1031.0,6,43,2.0,2.0,2.0,0.0,0,0.0,2.0,14.0,0
314.6,549.56,234.96,39.16,95542,40.057784,-123.679461,0.0,49.45,354.0,0,6,0.0,2.0,0.0,1.0,0,0.0,0.0,8.0,0
31.35,111.35,0.0,0.0,95236,38.047746,-121.030499,0.0,31.35,528.0,0,1,0.0,0.0,2.0,1.0,0,0.0,0.0,6.0,1
6404.0,8433.18,2029.18,28.58,92223,33.946982,-116.977672,2.0,90.55,65.0,2,71,2.0,2.0,2.0,0.0,0,2.0,2.0,30.0,0
693.3,835.7,142.4,14.24,96113,40.198234,-120.18089,1.0,73.55,416.0,0,10,2.0,2.0,0.0,0.0,1,2.0,2.0,26.0,0
587.45,1123.29,385.84,29.68,90012,34.065875,-118.238728,0.0,49.95,552.0,1,13,0.0,2.0,0.0,1.0,2,0.0,0.0,22.0,0
69.9,115.4,45.5,45.5,90272,34.079449,-118.548306,0.0,69.9,714.0,0,1,0.0,0.0,0.0,2.0,0,0.0,0.0,12.0,1
63.6,184.2,120.6,40.2,95978,39.904002,-121.527823,0.0,20.0,953.0,0,3,1.0,1.0,1.0,3.0,0,1.0,1.0,0.0,0
529.5,777.44,247.94,35.42,93207,35.865795,-118.69759,0.0,69.95,132.0,9,7,0.0,0.0,0.0,2.0,0,0.0,0.0,3.0,1
220.1,338.24,118.14,39.38,91103,34.167465,-118.165327,0.0,69.65,732.0,0,3,0.0,0.0,0.0,2.0,0,0.0,0.0,23.0,1
330.15,415.55,85.4,17.08,96007,40.448632,-122.306657,0.0,69.95,24.0,1,5,0.0,0.0,0.0,2.0,0,0.0,0.0,10.0,1
80.25,113.17,32.92,32.92,95346,38.121601,-120.133915,0.0,80.25,604.0,0,1,0.0,0.0,0.0,2.0,0,0.0,0.0,3.0,1
4213.9,6056.4,1842.5,33.5,95957,39.068071,-121.832638,1.0,75.0,603.0,7,55,2.0,2.0,2.0,1.0,2,0.0,0.0,51.0,0
2728.6,4041.42,1312.82,32.02,92223,33.946982,-116.977672,1.0,66.5,65.0,1,41,2.0,0.0,2.0,1.0,0,0.0,2.0,28.0,1
48.35,90.71,42.36,21.18,95136,37.270938,-121.851046,0.0,19.25,861.0,0,2,1.0,1.0,1.0,3.0,1,1.0,1.0,0.0,0
4741.45,5553.37,811.92,11.94,96120,38.735789,-119.85798,2.0,70.95,583.0,4,68,0.0,2.0,2.0,1.0,0,2.0,2.0,3.0,0
1511.2,1662.08,150.88,9.43,91764,34.074087,-117.605618,0.0,94.45,700.0,0,16,2.0,0.0,0.0,2.0,0,0.0,2.0,9.0,1
1012.4,1395.33,429.0,8.25,95018,37.089111,-122.062213,1.0,19.6,320.0,0,52,1.0,1.0,1.0,3.0,0,1.0,1.0,0.0,0
4539.35,5928.08,1388.73,27.23,91377,34.19225,-118.776874,0.0,93.8,683.0,9,51,0.0,2.0,2.0,2.0,3,0.0,2.0,75.0,0
1016.7,1084.38,67.68,1.44,95039,36.863303,-121.781632,2.0,20.05,639.0,1,47,1.0,1.0,1.0,3.0,1,1.0,1.0,0.0,0
6252.9,9202.19,2909.29,49.31,92833,33.877639,-117.961212,0.0,106.75,351.0,7,59,2.0,2.0,2.0,2.0,0,2.0,0.0,21.0,1
1270.25,1546.89,276.64,5.32,92328,36.27688,-117.033326,2.0,25.05,246.0,10,52,1.0,1.0,1.0,3.0,0,1.0,1.0,0.0,0
19.5,51.95,32.45,32.45,90265,34.074572,-118.831181,0.0,70.5,573.0,0,1,1.0,1.0,1.0,3.0,0,1.0,1.0,0.0,1
169.45,178.09,8.64,2.88,95570,41.162295,-124.027381,0.0,54.7,1005.0,0,3,0.0,0.0,0.0,1.0,0,0.0,0.0,17.0,1
773.2,1067.62,294.42,21.03,95257,38.392686,-120.415951,1.0,54.25,1076.0,0,14,0.0,0.0,2.0,1.0,0,0.0,0.0,7.0,0
540.95,619.67,78.72,6.56,94567,38.672708,-122.403219,0.0,43.8,777.0,0,12,0.0,0.0,0.0,1.0,0,0.0,0.0,17.0,0
45.3,103.67,28.37,28.37,96029,39.84784,-122.544556,0.0,45.3,327.0,0,1,0.0,0.0,0.0,1.0,0,0.0,0.0,7.0,1
973.45,1374.89,401.44,30.88,92868,33.787796,-117.875928,0.0,79.8,701.0,0,13,0.0,0.0,2.0,2.0,0,2.0,0.0,3.0,1
3762.0,5104.73,1342.73,36.29,92027,33.141265,-116.967221,0.0,99.5,305.0,1,37,0.0,0.0,0.0,2.0,0,2.0,2.0,27.0,1
3744.05,5152.27,1408.22,38.06,92109,32.787836,-117.232376,0.0,101.1,852.0,0,37,0.0,0.0,0.0,2.0,0,2.0,0.0,19.0,1
2723.15,3682.25,959.1,31.97,91423,34.146957,-118.432138,0.0,89.9,913.0,0,30,2.0,0.0,0.0,2.0,0,0.0,2.0,2.0,0
1139.2,1398.92,298.2,21.3,94706,37.890274,-122.295192,0.0,85.15,9.0,1,14,0.0,0.0,0.0,2.0,0,0.0,2.0,42.0,1
655.85,1116.65,460.8,15.36,95624,38.434138,-121.30587,0.0,19.65,297.0,1,30,1.0,1.0,1.0,3.0,0,1.0,1.0,0.0,1
2264.05,2585.17,321.12,13.38,93627,36.520537,-120.118055,0.0,93.55,412.0,1,24,0.0,0.0,0.0,2.0,0,0.0,2.0,12.0,1
278.85,975.9,697.05,46.47,94115,37.786031,-122.437301,2.0,19.35,855.0,2,15,1.0,1.0,1.0,3.0,3,1.0,1.0,0.0,0
20.05,27.71,7.66,7.66,96040,40.789799,-121.474529,0.0,20.05,404.0,0,1,1.0,1.0,1.0,3.0,3,1.0,1.0,0.0,0
390.85,551.95,161.1,8.95,90680,33.801869,-117.995068,1.0,20.15,949.0,0,18,1.0,1.0,1.0,3.0,0,1.0,1.0,0.0,1
69.65,100.78,31.13,31.13,93662,36.545322,-119.642281,0.0,69.65,905.0,0,1,0.0,0.0,0.0,2.0,0,0.0,0.0,5.0,1
5118.95,6892.73,1773.78,37.74,91770,34.065108,-118.082791,0.0,107.35,832.0,1,47,2.0,0.0,0.0,2.0,0,2.0,2.0,7.0,1
435.4,931.2,495.8,49.58,92122,32.85723,-117.209774,0.0,44.85,852.0,0,10,0.0,0.0,0.0,1.0,0,0.0,0.0,17.0,1
95.05,115.05,0.0,0.0,95526,40.372532,-123.525626,0.0,31.0,112.0,1,3,2.0,0.0,0.0,1.0,1,0.0,0.0,19.0,1
1035.5,2706.78,1699.98,29.31,96002,40.527834,-122.318749,2.0,19.15,805.0,0,58,1.0,1.0,1.0,3.0,0,1.0,1.0,0.0,0
1025.15,1000.08,0.0,0.0,90803,33.760458,-118.129725,2.0,35.65,546.0,8,29,0.0,0.0,2.0,1.0,1,2.0,0.0,20.0,0
118.3,192.88,74.58,37.29,92121,32.898613,-117.202937,0.0,62.05,852.0,0,2,0.0,0.0,0.0,0.0,0,0.0,2.0,20.0,1
7534.65,10308.75,2774.1,39.63,91356,34.157137,-118.548511,1.0,109.5,979.0,1,70,2.0,2.0,2.0,2.0,0,2.0,2.0,26.0,1
7887.25,10411.33,2404.08,33.39,93614,37.212191,-119.749323,2.0,109.55,203.0,9,72,0.0,2.0,2.0,2.0,3,2.0,2.0,52.0,0
1424.2,2682.52,1258.32,22.47,93656,36.452211,-119.94575,2.0,24.8,826.0,0,56,1.0,1.0,1.0,3.0,3,1.0,1.0,0.0,0
2497.2,3795.58,1238.38,47.63,95602,38.99003,-121.114408,0.0,95.0,48.0,0,26,0.0,2.0,2.0,2.0,0,0.0,0.0,26.0,1
3626.1,5020.5,1394.4,39.84,96052,40.704293,-122.803899,1.0,102.35,525.0,0,35,0.0,0.0,2.0,2.0,0,2.0,2.0,48.0,1
112.3,176.28,63.98,9.14,94541,37.674002,-122.076796,0.0,19.25,408.0,0,7,1.0,1.0,1.0,3.0,0,1.0,1.0,0.0,1
4391.45,5124.18,732.73,15.59,96044,41.962127,-122.527696,1.0,96.1,430.0,1,47,0.0,2.0,2.0,2.0,2,2.0,2.0,52.0,0
3371.75,3948.95,577.2,15.6,95568,41.444606,-123.471895,2.0,90.0,931.0,8,37,2.0,0.0,0.0,2.0,0,2.0,0.0,19.0,0
4533.9,5269.02,595.12,13.84,91767,34.083086,-117.737997,1.0,107.55,776.0,1,43,2.0,0.0,0.0,0.0,0,2.0,0.0,18.0,1
7679.65,10685.12,2991.6,41.55,95824,38.517295,-121.439819,2.0,108.3,838.0,1,72,2.0,2.0,2.0,2.0,2,2.0,2.0,25.0,0
7111.3,8574.34,1463.04,22.86,92688,33.624654,-117.611733,2.0,108.95,799.0,0,64,2.0,2.0,0.0,2.0,0,2.0,0.0,24.0,0
2043.45,2251.2,207.75,8.31,93705,36.78724,-119.827813,0.0,84.8,349.0,0,25,0.0,0.0,0.0,2.0,0,0.0,2.0,22.0,1
3199.0,4069.73,870.73,17.77,90716,33.830431,-118.074071,2.0,66.15,406.0,0,49,2.0,0.0,0.0,1.0,0,0.0,0.0,13.0,0
702.05,954.65,296.36,9.56,91007,34.128284,-118.047732,0.0,20.65,36.0,10,31,1.0,1.0,1.0,3.0,1,1.0,1.0,0.0,0
1719.15,1908.01,188.86,2.66,93627,36.520537,-120.118055,2.0,24.55,412.0,0,71,1.0,1.0,1.0,3.0,0,1.0,1.0,0.0,0
1218.65,4124.15,2905.5,44.7,96090,40.021787,-122.127576,2.0,19.55,983.0,0,65,1.0,1.0,1.0,3.0,0,1.0,1.0,0.0,0
996.45,2686.06,1689.61,41.21,94954,38.235021,-122.557332,0.0,25.25,745.0,0,41,1.0,1.0,1.0,3.0,0,1.0,1.0,0.0,0
2516.2,2744.37,275.21,9.49,93307,35.280113,-118.962329,0.0,84.9,56.0,0,29,0.0,0.0,0.0,2.0,0,0.0,2.0,21.0,0
55.55,118.87,33.32,33.32,94587,37.59485,-122.051521,0.0,55.55,1019.0,0,1,0.0,0.0,0.0,1.0,0,0.0,2.0,48.0,0
1782.05,2435.15,653.1,9.33,92673,33.4725,-117.584273,2.0,25.4,851.0,10,70,1.0,1.0,1.0,3.0,1,1.0,1.0,0.0,0
633.4,633.4,0.0,0.0,93201,35.869626,-119.498771,0.0,48.75,15.0,1,13,0.0,0.0,0.0,1.0,0,2.0,2.0,8.0,1
4976.15,5400.47,424.32,8.16,90743,33.728273,-118.085304,1.0,95.7,970.0,8,52,0.0,0.0,2.0,2.0,3,2.0,0.0,20.0,0
2048.8,2443.92,315.12,13.13,91948,32.830852,-116.444601,0.0,84.85,642.0,0,24,0.0,0.0,2.0,2.0,0,2.0,0.0,14.0,0
1850.65,2921.61,1070.96,48.68,95370,37.982716,-120.343732,0.0,87.0,934.0,9,22,0.0,0.0,0.0,2.0,0,2.0,0.0,18.0,0
2550.9,2580.9,0.0,0.0,92592,33.507255,-117.029473,0.0,49.15,984.0,0,52,0.0,0.0,2.0,1.0,0,0.0,2.0,18.0,1
6640.7,8444.71,1813.8,30.23,95970,39.424957,-122.039307,2.0,110.8,789.0,1,60,2.0,0.0,2.0,2.0,0,2.0,2.0,14.0,0
1573.05,3116.55,1543.5,24.5,95618,38.544002,-121.685559,2.0,25.25,244.0,8,63,1.0,1.0,1.0,3.0,3,1.0,1.0,0.0,0
1184.0,1772.0,588.0,49.0,92123,32.808814,-117.134694,1.0,95.7,852.0,0,12,0.0,0.0,0.0,2.0,0,2.0,2.0,23.0,0
54.9,99.26,44.36,44.36,90068,34.137411,-118.328915,0.0,54.9,552.0,0,1,0.0,2.0,2.0,1.0,0,0.0,2.0,58.0,1
3990.6,5187.39,1196.79,29.19,92203,33.752938,-116.230055,0.0,98.05,445.0,0,41,0.0,0.0,0.0,2.0,0,2.0,2.0,4.0,0
6325.25,7633.07,1307.82,18.42,92257,33.345825,-115.596574,2.0,90.35,667.0,1,71,2.0,2.0,2.0,1.0,0,2.0,2.0,29.0,0
331.3,584.28,252.98,36.14,91010,34.145695,-117.95982,1.0,49.75,269.0,4,7,0.0,2.0,0.0,1.0,0,0.0,2.0,85.0,1
1071.6,3124.56,2052.96,39.48,95556,41.269521,-123.546958,1.0,20.85,708.0,2,52,1.0,1.0,1.0,3.0,3,1.0,1.0,0.0,0
45.4,83.71,38.31,38.31,95659,38.788898,-121.608624,0.0,45.4,666.0,0,1,0.0,0.0,0.0,0.0,0,0.0,0.0,26.0,1
75.3,79.43,4.13,4.13,92806,33.83796,-117.870494,0.0,75.3,23.0,0,1,0.0,2.0,0.0,2.0,0,0.0,0.0,51.0,1
6143.15,7373.82,1127.46,16.34,95587,39.955587,-123.681175,0.0,89.95,751.0,1,69,0.0,0.0,2.0,2.0,0,0.0,0.0,4.0,1
669.45,791.61,122.16,20.36,95301,37.321233,-120.656354,0.0,109.9,46.0,0,6,2.0,0.0,2.0,2.0,0,2.0,2.0,10.0,1
235.05,276.21,41.16,13.72,95321,37.902968,-119.667544,0.0,84.3,390.0,0,3,0.0,0.0,2.0,2.0,0,0.0,2.0,26.0,0
223.45,223.45,0.0,0.0,91789,34.018354,-117.85492,0.0,40.0,1042.0,0,5,2.0,2.0,0.0,0.0,0,2.0,2.0,59.0,1
25.2,25.2,0.0,0.0,92371,34.441123,-117.537886,0.0,25.2,747.0,0,1,0.0,0.0,0.0,1.0,0,0.0,2.0,73.0,1
55.0,102.22,47.22,47.22,92373,34.003243,-117.138286,0.0,55.0,806.0,0,1,0.0,0.0,0.0,0.0,0,0.0,2.0,53.0,1
1758.6,2393.63,635.03,27.61,92586,33.707483,-117.200006,0.0,75.6,964.0,0,23,0.0,0.0,0.0,2.0,0,0.0,0.0,23.0,1
5822.3,7794.78,1972.48,30.82,93927,36.248708,-121.386617,2.0,93.4,382.0,2,64,0.0,2.0,0.0,2.0,1,2.0,2.0,11.0,0
6145.2,8680.97,2535.77,41.57,95639,38.375325,-121.507935,1.0,98.45,427.0,4,61,2.0,0.0,2.0,2.0,1,0.0,2.0,21.0,0
770.5,1187.56,417.06,46.34,92086,33.323705,-116.626907,0.0,86.25,1045.0,0,9,2.0,0.0,0.0,2.0,0,0.0,0.0,59.0,0
4238.45,4978.2,739.75,13.45,95670,38.602723,-121.279913,0.0,79.4,794.0,9,55,2.0,0.0,2.0,2.0,3,0.0,0.0,53.0,0
937.6,1576.0,638.4,45.6,93550,34.536232,-118.082935,0.0,65.45,722.0,1,14,0.0,2.0,2.0,0.0,1,0.0,0.0,19.0,1
20.0,45.99,25.99,25.99,92509,34.004379,-117.447864,0.0,20.0,827.0,0,1,1.0,1.0,1.0,3.0,0,1.0,1.0,0.0,0
506.9,569.55,62.65,8.95,95444,38.434362,-122.86891,0.0,69.0,379.0,1,7,0.0,0.0,0.0,2.0,0,0.0,2.0,73.0,1
2287.25,3128.84,841.59,31.17,95426,38.838088,-122.73203,0.0,85.25,204.0,0,27,0.0,0.0,0.0,2.0,0,0.0,2.0,25.0,1
20.2,68.45,48.25,48.25,91203,34.153338,-118.262974,0.0,20.2,366.0,0,1,1.0,1.0,1.0,3.0,0,1.0,1.0,0.0,1
2867.75,3142.88,275.13,10.19,92028,33.362575,-117.299644,0.0,104.3,315.0,5,27,2.0,2.0,0.0,2.0,0,0.0,0.0,27.0,1
44.15,52.92,8.77,8.77,90049,34.091829,-118.491244,0.0,44.15,552.0,0,1,0.0,0.0,0.0,1.0,0,0.0,0.0,10.0,1
1210.4,1555.76,345.36,14.39,92117,32.825086,-117.199424,0.0,49.55,852.0,0,24,0.0,2.0,0.0,1.0,0,0.0,0.0,28.0,1
70.6,97.72,27.12,27.12,92126,32.886925,-117.152162,0.0,70.6,852.0,0,1,0.0,0.0,0.0,2.0,0,0.0,0.0,23.0,1
5321.25,6515.63,1194.38,19.58,90064,34.037251,-118.423573,2.0,88.65,552.0,0,61,2.0,0.0,2.0,1.0,0,2.0,2.0,22.0,0
389.6,500.6,101.0,20.2,92126,32.886925,-117.152162,0.0,81.0,852.0,0,5,0.0,0.0,0.0,2.0,0,0.0,0.0,23.0,1
930.4,1286.7,356.3,35.63,96037,41.528541,-122.955018,0.0,95.2,383.0,0,10,0.0,0.0,0.0,2.0,0,0.0,2.0,18.0,1
740.8,913.39,172.59,15.69,95351,37.621458,-121.012295,0.0,66.35,620.0,1,11,2.0,0.0,0.0,1.0,0,0.0,2.0,12.0,1
267.35,560.69,293.34,48.89,92111,32.805518,-117.169052,0.0,49.65,852.0,0,6,2.0,0.0,0.0,1.0,0,0.0,0.0,22.0,1
1032.05,2461.87,1429.82,29.18,94947,38.112166,-122.634384,1.0,20.7,679.0,0,49,1.0,1.0,1.0,3.0,0,1.0,1.0,0.0,0
161.65,253.33,91.68,11.46,92883,33.762351,-117.488725,2.0,20.85,217.0,0,8,1.0,1.0,1.0,3.0,0,1.0,1.0,0.0,0
208.45,360.49,152.04,38.01,93309,35.342891,-119.064803,0.0,49.25,56.0,0,4,0.0,0.0,2.0,0.0,0,0.0,0.0,5.0,0
1156.1,1414.55,258.45,17.23,92630,33.644849,-117.684254,0.0,79.4,502.0,0,15,0.0,0.0,0.0,2.0,0,0.0,0.0,12.0,1
54.9,99.26,44.36,44.36,90068,34.137411,-118.328915,0.0,54.9,552.0,0,1,0.0,2.0,2.0,1.0,0,0.0,2.0,58.0,1
79.1,121.4,42.3,42.3,92130,32.957195,-117.202542,0.0,79.1,852.0,0,1,0.0,0.0,0.0,2.0,0,0.0,0.0,16.0,1
1494.5,1494.5,0.0,0.0,90701,33.867593,-118.080637,0.0,40.6,42.0,0,39,2.0,0.0,0.0,0.0,0,0.0,2.0,26.0,0
2130.45,3005.95,886.2,25.32,95910,39.467828,-120.841386,0.0,61.0,14.0,4,35,0.0,2.0,2.0,1.0,0,2.0,0.0,30.0,0
1054.6,1161.5,86.9,3.95,95442,38.368744,-122.522642,0.0,48.8,364.0,0,22,0.0,2.0,0.0,1.0,0,0.0,0.0,30.0,1
55.2,90.8,35.6,35.6,91411,34.17847,-118.459472,0.0,55.2,1031.0,0,1,0.0,0.0,0.0,1.0,0,0.0,2.0,58.0,1
1144.5,1354.72,130.22,7.66,95922,39.432127,-121.099287,0.0,70.0,145.0,0,17,0.0,0.0,0.0,2.0,0,0.0,0.0,17.0,1
6405.0,8546.71,2141.71,35.11,90028,34.099869,-118.326843,1.0,104.4,552.0,1,61,0.0,0.0,2.0,2.0,0,2.0,0.0,17.0,1
609.9,993.18,383.28,47.91,92109,32.787836,-117.232376,0.0,74.5,852.0,1,8,0.0,2.0,0.0,2.0,0,0.0,0.0,23.0,1
207.35,207.35,0.0,0.0,91607,34.165783,-118.399795,2.0,50.95,1029.0,0,4,0.0,0.0,2.0,1.0,0,0.0,0.0,10.0,0
653.25,963.12,309.87,34.43,92026,33.21846,-117.116916,0.0,69.5,305.0,0,9,2.0,2.0,0.0,1.0,0,2.0,2.0,51.0,0
1651.95,1819.55,216.98,11.42,91335,34.200175,-118.540958,0.0,84.75,813.0,0,19,0.0,2.0,0.0,2.0,0,2.0,0.0,41.0,0
145.0,514.04,369.04,46.13,95937,38.931425,-121.946081,1.0,19.75,275.0,1,8,1.0,1.0,1.0,3.0,0,1.0,1.0,0.0,1
723.4,1132.09,408.69,45.41,90069,34.093781,-118.381061,0.0,79.55,1058.0,0,9,0.0,0.0,0.0,2.0,0,0.0,2.0,23.0,1
3715.65,5989.05,2273.4,42.1,92119,32.802959,-117.027095,1.0,70.15,852.0,1,54,0.0,0.0,0.0,1.0,0,0.0,2.0,12.0,1
2576.2,4272.65,1696.45,48.47,91773,34.102119,-117.815532,0.0,75.2,853.0,1,35,0.0,0.0,0.0,2.0,0,0.0,0.0,12.0,1
267.4,289.54,22.14,7.38,93010,34.227846,-119.079903,0.0,83.9,138.0,3,3,2.0,0.0,0.0,2.0,0,0.0,0.0,11.0,1
3969.4,5661.28,1691.88,36.78,95422,38.965804,-122.631779,0.0,85.0,194.0,0,46,0.0,2.0,0.0,2.0,0,0.0,2.0,29.0,1
7611.85,8617.57,1005.72,14.79,90403,34.031529,-118.491156,2.0,110.0,889.0,4,68,2.0,0.0,2.0,2.0,0,2.0,2.0,47.0,1
209.9,337.94,128.04,42.68,95568,41.444606,-123.471895,0.0,65.25,931.0,0,3,2.0,0.0,0.0,0.0,0,0.0,0.0,27.0,0
732.5,1009.7,277.2,30.8,95692,39.043387,-121.409837,0.0,84.4,1066.0,0,9,0.0,0.0,0.0,2.0,0,0.0,0.0,18.0,1
6236.75,7609.55,1372.8,22.88,95385,37.609095,-121.263381,0.0,104.95,1034.0,0,60,2.0,2.0,0.0,2.0,0,2.0,2.0,48.0,0
109.3,303.34,194.04,32.34,93267,36.141319,-119.129075,0.0,20.65,957.0,0,6,1.0,1.0,1.0,3.0,0,1.0,1.0,0.0,0
74.7,86.04,11.34,11.34,95949,39.099204,-121.137962,0.0,74.7,378.0,0,1,0.0,0.0,0.0,2.0,0,0.0,0.0,20.0,1
47.5,47.5,0.0,0.0,93591,34.598221,-117.79593,0.0,24.45,722.0,0,2,0.0,0.0,0.0,1.0,0,0.0,0.0,6.0,1
1415.55,1933.13,517.58,36.97,93427,34.631362,-120.238218,0.0,100.55,117.0,0,14,0.0,0.0,2.0,2.0,0,0.0,2.0,27.0,1
7285.7,9802.1,2516.4,34.95,95462,38.471049,-123.015549,2.0,99.4,626.0,7,72,0.0,0.0,2.0,2.0,0,0.0,2.0,48.0,0
1682.05,1682.05,0.0,0.0,93530,36.560498,-117.962461,1.0,60.0,464.0,8,28,2.0,0.0,2.0,1.0,3,2.0,2.0,52.0,0
75.8,90.28,14.48,14.48,95422,38.965804,-122.631779,0.0,75.8,194.0,0,1,0.0,0.0,2.0,2.0,0,0.0,0.0,26.0,1
156.35,204.73,8.38,4.19,95139,37.218705,-121.762429,0.0,86.85,861.0,3,2,0.0,0.0,0.0,2.0,0,0.0,0.0,11.0,1
2660.2,3572.7,912.5,36.5,95628,38.652065,-121.25441,0.0,102.8,311.0,0,25,0.0,2.0,2.0,2.0,0,0.0,0.0,30.0,1
2447.95,3170.19,722.24,22.57,92126,32.886925,-117.152162,0.0,78.9,852.0,1,32,0.0,0.0,0.0,2.0,0,2.0,0.0,11.0,1
3109.9,3378.07,311.55,10.05,93111,34.460197,-119.802602,2.0,99.45,882.0,0,31,2.0,0.0,0.0,2.0,0,2.0,2.0,14.0,0
5357.75,7799.44,2441.69,34.39,92694,33.569186,-117.640055,2.0,73.5,494.0,7,71,2.0,2.0,2.0,1.0,0,0.0,0.0,5.0,0
1048.85,1451.05,402.2,40.22,95212,38.049457,-121.21653,0.0,94.9,954.0,0,10,0.0,0.0,0.0,2.0,0,2.0,2.0,41.0,1
890.6,1047.83,157.23,17.47,93206,35.451402,-119.488413,0.0,94.85,125.0,1,9,2.0,0.0,2.0,2.0,0,2.0,0.0,6.0,1
449.75,818.93,369.18,41.02,91932,32.579134,-117.119009,0.0,55.35,442.0,0,9,0.0,0.0,0.0,1.0,3,0.0,0.0,27.0,1
2095.0,2885.46,790.46,35.93,95524,40.825486,-124.049485,0.0,100.75,63.0,0,22,0.0,2.0,0.0,2.0,0,0.0,2.0,17.0,1
44.1,48.51,4.41,4.41,90024,34.066303,-118.435479,0.0,44.1,552.0,0,1,0.0,0.0,0.0,1.0,0,0.0,0.0,30.0,1
5025.0,5642.11,607.11,12.39,94518,37.950248,-122.022455,0.0,99.4,212.0,1,49,0.0,0.0,2.0,2.0,0,2.0,2.0,46.0,0
680.05,938.61,258.56,32.32,92401,34.105935,-117.2914,0.0,83.55,848.0,1,8,0.0,0.0,2.0,0.0,0,0.0,0.0,25.0,1
53.5,68.08,14.58,14.58,95736,39.00978,-120.978273,0.0,53.5,1052.0,0,1,0.0,0.0,0.0,1.0,0,0.0,0.0,73.0,1
72.1,79.87,7.77,7.77,92078,33.119028,-117.166036,1.0,72.1,868.0,0,1,0.0,0.0,0.0,2.0,0,0.0,0.0,22.0,0
1454.25,1509.69,55.44,2.31,95327,37.84771,-120.486589,1.0,56.25,454.0,7,24,0.0,2.0,0.0,0.0,3,2.0,0.0,53.0,0
69.95,97.53,27.58,27.58,95460,39.305545,-123.743697,0.0,69.95,598.0,0,1,0.0,0.0,0.0,2.0,0,0.0,0.0,16.0,1
793.55,868.65,75.1,7.51,94970,37.921137,-122.657562,0.0,79.25,952.0,0,10,0.0,0.0,0.0,2.0,0,0.0,0.0,18.0,1
2220.1,3330.07,1109.97,41.11,95537,40.726949,-124.217378,1.0,85.9,323.0,7,27,0.0,2.0,0.0,2.0,0,2.0,0.0,14.0,0
50.65,65.43,14.78,14.78,92122,32.85723,-117.209774,0.0,50.65,852.0,0,1,0.0,0.0,2.0,1.0,0,0.0,2.0,59.0,1
45.25,57.14,11.89,11.89,90037,34.002642,-118.287596,1.0,45.25,552.0,0,1,0.0,0.0,0.0,1.0,0,0.0,0.0,12.0,0
661.25,956.28,285.03,31.67,95372,37.990574,-120.261821,0.0,79.35,936.0,1,9,0.0,0.0,0.0,0.0,0,2.0,0.0,59.0,1
6690.75,8542.71,1851.96,28.06,92841,33.786738,-117.982564,2.0,100.8,355.0,0,66,0.0,0.0,2.0,2.0,0,0.0,0.0,20.0,0
1739.6,2764.24,1024.64,32.02,91103,34.167465,-118.165327,0.0,54.2,732.0,0,32,0.0,0.0,2.0,1.0,0,0.0,0.0,3.0,0
8127.6,8842.3,714.7,10.21,95519,40.965011,-124.015255,1.0,115.55,594.0,0,70,2.0,2.0,2.0,2.0,0,2.0,2.0,52.0,1
6589.6,9893.23,3303.63,46.53,93219,35.858054,-119.305858,2.0,91.25,280.0,7,71,2.0,2.0,2.0,1.0,0,2.0,2.0,3.0,0
3883.3,5374.78,1491.48,27.62,92806,33.83796,-117.870494,0.0,69.9,23.0,0,54,2.0,2.0,2.0,0.0,0,0.0,0.0,24.0,0
6585.35,9462.27,2876.92,40.52,95562,40.485849,-124.163234,2.0,93.7,818.0,2,71,0.0,0.0,0.0,2.0,0,0.0,2.0,17.0,1
74.9,134.7,49.8,24.9,92028,33.362575,-117.299644,0.0,44.65,315.0,0,2,0.0,0.0,0.0,1.0,0,0.0,0.0,11.0,1
1046.1,1311.71,153.0,12.75,96050,41.816595,-122.948287,0.0,94.2,477.0,0,12,0.0,0.0,0.0,2.0,0,0.0,2.0,24.0,1
1235.55,1337.19,101.64,7.26,95363,37.410236,-121.320337,0.0,86.1,735.0,1,14,0.0,0.0,0.0,2.0,0,0.0,0.0,42.0,1
2536.55,3463.91,927.36,22.08,90031,34.085807,-118.206617,0.0,59.65,552.0,0,42,0.0,2.0,2.0,0.0,0,2.0,0.0,26.0,0
1369.8,2027.94,658.14,47.01,96091,41.081847,-122.700545,0.0,100.2,1006.0,1,14,0.0,0.0,2.0,2.0,0,0.0,0.0,19.0,1
979.05,1170.69,191.64,15.97,94572,38.027218,-122.23463,1.0,85.15,829.0,0,12,0.0,2.0,0.0,2.0,0,0.0,0.0,19.0,0
2415.95,3036.18,625.24,28.42,92706,33.765893,-117.881533,0.0,100.65,881.0,0,22,0.0,0.0,2.0,2.0,0,0.0,2.0,73.0,0
164.6,200.78,36.18,4.02,91710,33.990646,-117.663025,1.0,19.9,185.0,0,9,1.0,1.0,1.0,3.0,0,1.0,1.0,0.0,0
1029.8,1445.75,415.95,8.85,93620,37.045728,-120.630682,2.0,20.25,263.0,0,47,1.0,1.0,1.0,3.0,0,1.0,1.0,0.0,0
96.45,160.95,34.5,17.25,95563,40.89866,-123.539754,0.0,45.0,843.0,0,2,0.0,0.0,0.0,0.0,0,0.0,0.0,3.0,1
4896.35,6125.79,1189.44,18.88,96002,40.527834,-122.318749,0.0,80.3,805.0,9,63,0.0,0.0,2.0,2.0,2,2.0,0.0,48.0,0
389.6,500.6,101.0,20.2,92126,32.886925,-117.152162,0.0,81.0,852.0,0,5,0.0,0.0,0.0,2.0,0,0.0,0.0,23.0,1
2550.9,2580.9,0.0,0.0,92592,33.507255,-117.029473,0.0,49.15,984.0,0,52,0.0,0.0,2.0,1.0,0,0.0,2.0,18.0,1
5961.1,6595.94,634.84,10.76,95553,40.210895,-123.86,1.0,99.5,617.0,1,59,0.0,0.0,0.0,2.0,0,2.0,2.0,5.0,1
91.7,108.93,17.23,17.23,96022,40.336392,-122.448533,0.0,91.7,223.0,0,1,2.0,0.0,2.0,2.0,0,0.0,2.0,52.0,1
257.5,485.8,228.3,22.83,95014,37.306612,-122.080621,2.0,25.75,235.0,5,10,1.0,1.0,1.0,3.0,1,1.0,1.0,0.0,0
3512.9,4524.86,1011.96,18.74,95470,39.298065,-123.25211,2.0,65.3,810.0,0,54,0.0,2.0,2.0,1.0,0,0.0,0.0,16.0,0
3810.55,4456.57,646.02,17.46,95682,38.598936,-120.963092,0.0,100.05,914.0,0,37,0.0,0.0,0.0,2.0,0,2.0,2.0,22.0,0
4016.2,4615.21,599.01,14.61,94021,37.266388,-122.26308,1.0,101.1,542.0,0,41,2.0,0.0,0.0,2.0,0,2.0,2.0,9.0,0
3173.35,5241.65,2068.3,48.1,91303,34.19829,-118.602203,1.0,71.9,147.0,5,43,2.0,2.0,0.0,1.0,0,0.0,2.0,51.0,0
233.7,261.36,27.66,9.22,92122,32.85723,-117.209774,0.0,81.35,852.0,0,3,0.0,0.0,2.0,2.0,0,0.0,0.0,14.0,1
1087.25,2808.75,1721.5,31.3,91916,32.912664,-116.635387,0.0,20.0,253.0,4,55,1.0,1.0,1.0,3.0,1,1.0,1.0,0.0,0
59.2,72.78,13.58,13.58,90063,34.044271,-118.185237,0.0,59.2,552.0,0,1,0.0,0.0,0.0,1.0,3,2.0,2.0,24.0,1
438.0,565.38,127.38,21.23,90254,33.86532,-118.396336,0.0,75.5,417.0,4,6,0.0,0.0,0.0,2.0,0,0.0,0.0,13.0,1
778.1,1015.38,237.28,29.66,92201,33.713891,-116.237257,0.0,95.65,445.0,0,8,0.0,0.0,0.0,2.0,0,0.0,2.0,12.0,1
324.3,496.54,172.24,43.06,95237,38.166791,-121.14207,0.0,79.9,537.0,0,4,0.0,0.0,0.0,2.0,0,0.0,2.0,46.0,1
29.7,29.7,0.0,0.0,95127,37.375156,-121.795867,0.0,29.7,861.0,0,1,0.0,2.0,0.0,0.0,0,0.0,0.0,69.0,1
819.95,1452.23,632.28,14.37,91962,32.800671,-116.483363,2.0,19.55,754.0,0,44,1.0,1.0,1.0,3.0,2,1.0,1.0,0.0,0
4443.45,5001.08,427.63,10.43,90033,34.050198,-118.210946,0.0,106.3,552.0,0,41,0.0,0.0,2.0,2.0,0,2.0,2.0,22.0,1
70.15,118.12,47.97,47.97,93426,35.842889,-121.004862,0.0,70.15,106.0,0,1,0.0,0.0,0.0,2.0,0,0.0,0.0,8.0,1
1463.7,1463.7,0.0,0.0,90732,33.744119,-118.31448,1.0,35.2,874.0,0,43,0.0,2.0,0.0,0.0,0,2.0,0.0,4.0,0
80.0,115.71,35.71,35.71,93263,35.490705,-119.286833,0.0,80.0,907.0,1,1,0.0,0.0,0.0,0.0,0,0.0,2.0,3.0,1
6252.9,9202.19,2909.29,49.31,92833,33.877639,-117.961212,0.0,106.75,351.0,7,59,2.0,2.0,2.0,2.0,0,2.0,0.0,21.0,1
374.5,830.1,455.6,22.78,92239,33.889605,-115.257009,0.0,19.4,254.0,0,20,1.0,1.0,1.0,3.0,3,1.0,1.0,0.0,1
7674.55,10756.15,2931.6,41.88,93465,35.536115,-120.739231,1.0,109.5,986.0,1,70,2.0,0.0,2.0,2.0,0,2.0,2.0,59.0,1
24.6,24.6,0.0,0.0,94060,37.22565,-122.297533,0.0,24.6,744.0,0,1,0.0,0.0,0.0,1.0,0,0.0,0.0,12.0,1
2708.2,4313.32,1605.12,42.24,92672,33.429488,-117.609432,1.0,70.6,851.0,0,38,2.0,2.0,2.0,1.0,0,0.0,0.0,22.0,0
3019.5,3135.22,65.72,2.12,91607,34.165783,-118.399795,0.0,93.8,1029.0,1,31,0.0,0.0,2.0,2.0,0,2.0,0.0,17.0,1
4807.45,4807.45,0.0,0.0,94116,37.74441,-122.486764,2.0,65.55,855.0,0,72,2.0,2.0,2.0,0.0,0,2.0,2.0,10.0,0
6449.15,9077.03,2627.88,43.08,95327,37.84771,-120.486589,1.0,103.9,454.0,3,61,2.0,0.0,2.0,2.0,1,2.0,2.0,19.0,0
4056.75,5605.2,1548.45,41.85,96080,40.186772,-122.388361,0.0,106.75,803.0,0,37,0.0,2.0,2.0,2.0,0,0.0,0.0,2.0,1
78.05,117.46,29.41,29.41,93601,37.375816,-119.739935,0.0,78.05,6.0,0,1,0.0,0.0,0.0,2.0,0,0.0,2.0,59.0,1
5728.55,8253.59,2525.04,35.07,92021,32.832706,-116.873258,2.0,80.8,284.0,8,72,2.0,2.0,0.0,0.0,0,2.0,2.0,53.0,0
6654.1,9245.46,2591.36,40.49,91351,34.422519,-118.420717,1.0,102.45,149.0,10,64,2.0,0.0,2.0,2.0,0,2.0,2.0,69.0,0
92.45,119.91,27.46,13.73,93221,36.301689,-119.018233,0.0,47.8,310.0,0,2,0.0,2.0,0.0,1.0,0,0.0,0.0,11.0,1
2407.3,3311.86,904.56,37.69,95864,38.585826,-121.376263,0.0,98.75,838.0,0,24,0.0,0.0,0.0,2.0,0,2.0,2.0,18.0,1
385.55,963.89,578.34,34.02,96067,41.33832,-122.290756,0.0,21.1,643.0,0,17,1.0,1.0,1.0,3.0,0,1.0,1.0,0.0,0
2145.0,2285.0,0.0,0.0,92397,34.358321,-117.618263,0.0,45.3,1093.0,3,48,0.0,2.0,0.0,0.0,0,2.0,2.0,58.0,1
5574.35,9036.31,3461.96,48.76,90042,34.11572,-118.192754,2.0,77.55,552.0,10,71,0.0,2.0,0.0,0.0,3,2.0,2.0,71.0,0
20.5,40.35,19.85,19.85,92111,32.805518,-117.169052,0.0,20.5,852.0,0,1,1.0,1.0,1.0,3.0,0,1.0,1.0,0.0,1
371.9,486.98,115.08,28.77,92122,32.85723,-117.209774,0.0,84.8,852.0,5,4,0.0,0.0,2.0,2.0,0,2.0,2.0,19.0,1
5763.3,6240.12,476.82,8.83,96063,40.408796,-121.579609,1.0,106.55,614.0,2,54,0.0,2.0,2.0,2.0,0,0.0,2.0,21.0,1
56.0,75.83,19.83,6.61,94938,38.021772,-122.691744,0.0,18.8,499.0,0,3,1.0,1.0,1.0,3.0,0,1.0,1.0,0.0,0
1059.55,1207.87,148.32,12.36,95601,38.431407,-120.8421,0.0,84.45,21.0,0,12,0.0,0.0,0.0,2.0,0,0.0,0.0,23.0,1
1329.15,1713.52,384.37,22.61,92067,33.012751,-117.200617,0.0,83.55,798.0,0,17,0.0,0.0,2.0,2.0,0,0.0,0.0,19.0,0
39.65,59.65,0.0,0.0,90022,34.02381,-118.156582,0.0,39.65,552.0,0,1,0.0,0.0,0.0,1.0,0,2.0,0.0,8.0,1
7475.85,8153.85,658.0,9.4,95833,38.619049,-121.517552,1.0,107.9,838.0,2,70,2.0,0.0,2.0,2.0,2,2.0,2.0,17.0,0
50.45,74.15,23.7,23.7,95223,38.32153,-120.236358,0.0,50.45,39.0,0,1,0.0,0.0,0.0,0.0,0,2.0,0.0,17.0,1
1692.6,1804.58,111.98,5.09,92110,32.76501,-117.19938,0.0,74.4,852.0,0,22,0.0,0.0,0.0,2.0,0,0.0,0.0,23.0,1
3807.35,4718.72,911.37,17.87,95829,38.486502,-121.334051,0.0,77.5,838.0,1,51,0.0,2.0,0.0,2.0,0,0.0,0.0,9.0,1
521.1,834.49,341.74,48.82,92028,33.362575,-117.299644,0.0,74.65,315.0,0,7,2.0,0.0,0.0,0.0,0,0.0,2.0,19.0,1
69.6,104.11,34.51,34.51,90254,33.86532,-118.396336,0.0,69.6,417.0,0,1,0.0,0.0,0.0,2.0,0,0.0,0.0,15.0,1
4888.7,6516.7,1578.0,31.56,91384,34.506627,-118.699048,0.0,95.05,168.0,1,50,0.0,0.0,2.0,2.0,0,2.0,0.0,4.0,1
5968.4,7732.5,1764.1,27.14,92368,34.647959,-117.296957,2.0,92.7,709.0,3,65,0.0,2.0,2.0,2.0,0,0.0,0.0,26.0,0
2499.3,4101.05,1601.75,37.25,93204,35.916943,-120.129921,0.0,56.15,50.0,3,43,0.0,0.0,0.0,1.0,0,0.0,0.0,20.0,1
50.5,90.08,39.58,39.58,95914,39.396585,-121.38029,0.0,50.5,59.0,0,1,0.0,0.0,0.0,1.0,0,2.0,0.0,28.0,1
2341.5,4218.96,1877.46,48.14,94404,37.556094,-122.272437,0.0,59.85,871.0,4,39,0.0,0.0,0.0,0.0,2,2.0,0.0,23.0,0
1008.55,1284.25,275.7,27.57,92129,32.961064,-117.134917,0.0,98.55,852.0,0,10,0.0,2.0,0.0,2.0,0,0.0,2.0,13.0,1
5574.75,6202.64,636.02,10.78,93665,36.959731,-120.653519,0.0,93.85,937.0,0,59,0.0,0.0,0.0,2.0,0,0.0,0.0,15.0,1
1046.1,1311.71,153.0,12.75,96050,41.816595,-122.948287,0.0,94.2,477.0,0,12,0.0,0.0,0.0,2.0,0,0.0,2.0,24.0,1
1129.1,1273.3,144.2,10.3,94571,38.148862,-121.737696,0.0,89.8,822.0,0,14,0.0,0.0,0.0,2.0,0,0.0,2.0,29.0,1
529.5,777.44,247.94,35.42,93207,35.865795,-118.69759,0.0,69.95,132.0,9,7,0.0,0.0,0.0,2.0,0,0.0,0.0,3.0,1
3923.8,4331.34,267.54,6.37,93523,34.966777,-117.961179,1.0,94.45,283.0,5,42,0.0,2.0,2.0,2.0,3,0.0,0.0,69.0,0
633.85,717.28,83.43,9.27,95612,38.384648,-121.578701,0.0,75.2,192.0,0,9,0.0,0.0,0.0,2.0,0,0.0,0.0,28.0,0
4872.45,7302.51,2300.06,46.94,91768,34.067932,-117.785168,0.0,99.8,776.0,1,49,0.0,0.0,0.0,2.0,0,2.0,2.0,73.0,1
3756.4,3865.42,113.2,2.83,92253,33.695532,-116.310571,0.0,93.4,492.0,0,40,0.0,0.0,2.0,2.0,0,2.0,0.0,22.0,0
1254.7,2342.16,1087.46,49.43,95404,38.526941,-122.709096,0.0,59.0,891.0,0,22,0.0,2.0,2.0,0.0,0,0.0,0.0,17.0,1
55.0,102.22,47.22,47.22,92373,34.003243,-117.138286,0.0,55.0,806.0,0,1,0.0,0.0,0.0,0.0,0,0.0,2.0,53.0,1
7303.05,9162.09,1859.04,25.82,90405,34.005439,-118.477507,1.0,104.15,889.0,1,72,0.0,2.0,2.0,2.0,0,0.0,2.0,59.0,0
51.6,106.54,54.94,27.47,94928,38.34719,-122.697822,0.0,19.85,830.0,0,2,1.0,1.0,1.0,3.0,0,1.0,1.0,0.0,0
1752.55,1910.88,203.94,11.33,90065,34.108833,-118.229715,0.0,95.45,552.0,0,18,0.0,0.0,0.0,2.0,3,0.0,2.0,52.0,1
2351.8,3253.74,901.94,34.69,92408,34.084909,-117.258107,0.0,91.25,848.0,0,26,0.0,0.0,0.0,2.0,0,0.0,0.0,27.0,1
2317.1,2544.36,227.26,10.33,94618,37.84551,-122.235181,0.0,101.35,688.0,0,22,0.0,2.0,0.0,2.0,0,0.0,2.0,19.0,1
4735.2,5816.36,1001.16,18.54,92602,33.720359,-117.733655,2.0,87.1,449.0,0,54,2.0,2.0,0.0,1.0,0,2.0,2.0,26.0,0
24.6,24.6,0.0,0.0,94060,37.22565,-122.297533,0.0,24.6,744.0,0,1,0.0,0.0,0.0,1.0,0,0.0,0.0,12.0,1
5222.3,6559.3,1337.0,19.1,93669,37.287758,-119.548156,1.0,74.1,1084.0,7,70,2.0,2.0,2.0,1.0,0,2.0,2.0,21.0,0
4653.25,7069.33,2426.07,36.21,95864,38.585826,-121.376263,1.0,69.35,838.0,6,67,2.0,2.0,2.0,1.0,1,2.0,0.0,24.0,0
496.9,557.73,60.83,8.69,90262,33.923573,-118.200669,0.0,75.15,565.0,1,7,0.0,0.0,0.0,2.0,5,2.0,0.0,53.0,1
165.0,222.72,57.72,28.86,95010,36.977025,-121.952864,0.0,79.7,153.0,1,2,0.0,0.0,2.0,2.0,0,2.0,0.0,26.0,1
19.75,25.07,5.32,5.32,94568,37.713926,-121.928425,0.0,19.75,270.0,0,1,1.0,1.0,1.0,3.0,0,1.0,1.0,0.0,0
78.8,106.84,28.04,28.04,92870,33.881158,-117.854783,0.0,78.8,764.0,1,1,0.0,0.0,0.0,2.0,0,0.0,0.0,30.0,1
7234.8,8933.18,1588.38,23.02,95415,39.025867,-123.381544,1.0,105.1,101.0,1,69,2.0,2.0,2.0,2.0,3,2.0,0.0,48.0,0
5720.95,7615.81,1894.86,32.67,92025,33.081478,-117.033814,1.0,99.15,305.0,0,58,0.0,2.0,2.0,2.0,0,0.0,2.0,14.0,0
5597.65,6564.66,967.01,16.39,90003,33.964131,-118.272783,0.0,94.75,552.0,4,59,0.0,2.0,2.0,2.0,0,0.0,0.0,14.0,0
69.55,118.98,49.43,49.43,93638,37.004068,-119.930027,0.0,69.55,570.0,0,1,0.0,0.0,0.0,2.0,0,0.0,2.0,48.0,1
655.9,941.65,285.75,31.75,92130,32.957195,-117.202542,0.0,75.75,852.0,1,9,0.0,0.0,0.0,2.0,0,2.0,0.0,25.0,1
5040.2,7183.46,2143.26,34.02,95008,37.279689,-121.954567,1.0,80.0,142.0,9,63,2.0,2.0,2.0,1.0,0,2.0,2.0,18.0,0
2006.1,2505.56,499.46,19.21,94538,37.505768,-121.962472,0.0,78.8,346.0,0,26,0.0,0.0,0.0,2.0,0,0.0,2.0,15.0,0
5150.55,5437.27,291.4,4.7,92252,34.167236,-116.281511,2.0,84.95,460.0,1,62,2.0,2.0,2.0,0.0,0,0.0,2.0,28.0,0
5135.15,7423.58,2288.43,48.69,95648,38.922812,-121.312005,0.0,104.1,527.0,2,47,0.0,0.0,2.0,2.0,0,2.0,2.0,21.0,0
1275.7,2090.98,815.28,33.97,96065,40.877552,-121.885884,0.0,51.15,630.0,0,24,0.0,2.0,0.0,1.0,0,0.0,0.0,22.0,0
834.15,983.91,109.76,6.86,90056,33.987945,-118.370442,0.0,53.9,552.0,0,16,2.0,0.0,2.0,1.0,0,0.0,0.0,8.0,1
169.8,197.94,28.14,14.07,95006,37.171727,-122.142961,0.0,85.7,104.0,0,2,0.0,0.0,0.0,2.0,0,0.0,2.0,6.0,1
55.8,82.02,26.22,26.22,92356,34.508417,-116.856103,0.0,55.8,563.0,0,1,0.0,2.0,0.0,0.0,0,2.0,0.0,22.0,1
934.1,1145.3,111.2,11.12,92126,32.886925,-117.152162,0.0,92.5,852.0,1,10,2.0,0.0,2.0,2.0,0,2.0,0.0,30.0,1
237.75,382.77,145.02,48.34,90732,33.744119,-118.31448,0.0,77.0,874.0,0,3,0.0,0.0,0.0,2.0,0,0.0,0.0,20.0,1
4882.8,6224.25,1341.45,29.81,92408,34.084909,-117.258107,0.0,107.75,848.0,0,45,0.0,0.0,2.0,2.0,0,2.0,2.0,27.0,0
2877.05,4391.18,1514.13,36.93,95961,39.082568,-121.55325,1.0,68.6,698.0,0,41,2.0,0.0,0.0,1.0,0,2.0,2.0,30.0,0
80.8,122.57,41.77,41.77,92121,32.898613,-117.202937,0.0,80.8,852.0,0,1,0.0,0.0,0.0,2.0,0,0.0,2.0,15.0,1
778.1,1015.38,237.28,29.66,92201,33.713891,-116.237257,0.0,95.65,445.0,0,8,0.0,0.0,0.0,2.0,0,0.0,2.0,12.0,1
3004.15,3754.22,747.62,25.78,92555,33.907361,-117.109972,0.0,98.5,634.0,1,29,0.0,0.0,0.0,2.0,0,2.0,2.0,28.0,1
2673.45,2982.67,239.22,8.86,93543,34.505273,-117.955054,1.0,100.5,532.0,0,27,0.0,0.0,0.0,2.0,0,2.0,2.0,73.0,0
2191.7,2191.7,0.0,0.0,94937,38.099323,-122.945723,1.0,54.85,447.0,0,39,2.0,0.0,0.0,1.0,3,2.0,2.0,29.0,0
4036.0,4427.17,391.17,10.03,93291,36.391777,-119.372842,2.0,99.75,1038.0,0,39,0.0,0.0,0.0,2.0,0,2.0,0.0,13.0,0
467.15,973.81,506.66,23.03,95765,38.823278,-121.281856,1.0,20.3,828.0,0,22,1.0,1.0,1.0,3.0,0,1.0,1.0,0.0,0
174.45,249.85,75.4,37.7,92606,33.703976,-117.824172,0.0,79.95,449.0,0,2,0.0,0.0,0.0,2.0,0,0.0,0.0,73.0,0
1978.65,2108.65,0.0,0.0,93631,36.478239,-119.52137,2.0,39.4,474.0,5,48,2.0,2.0,2.0,1.0,3,0.0,0.0,52.0,0
74.6,106.76,22.16,22.16,93221,36.301689,-119.018233,0.0,74.6,310.0,0,1,0.0,0.0,0.0,2.0,0,2.0,0.0,47.0,1
8529.5,10321.58,1792.08,24.89,93428,35.591387,-121.032256,2.0,117.15,139.0,1,72,2.0,2.0,2.0,2.0,0,2.0,2.0,5.0,0
1564.4,1713.36,148.96,7.84,93516,34.95703,-117.73045,0.0,86.85,102.0,8,19,0.0,0.0,0.0,2.0,0,0.0,0.0,16.0,0
777.35,897.75,120.4,3.01,95558,40.274302,-124.210902,2.0,20.15,746.0,1,40,1.0,1.0,1.0,3.0,3,1.0,1.0,0.0,0
916.0,2453.92,1537.92,32.04,91001,34.196837,-118.142236,2.0,19.85,18.0,0,48,1.0,1.0,1.0,3.0,0,1.0,1.0,0.0,0
79.6,101.32,21.72,21.72,91722,34.097345,-117.906736,0.0,79.6,227.0,0,1,0.0,0.0,0.0,2.0,0,0.0,2.0,52.0,1
458.1,795.22,337.12,48.16,92407,34.250069,-117.393949,0.0,66.85,848.0,0,7,0.0,0.0,0.0,1.0,0,0.0,2.0,85.0,0
973.1,1280.48,307.38,6.54,94963,38.00474,-122.663717,2.0,19.65,857.0,7,47,1.0,1.0,1.0,3.0,0,1.0,1.0,0.0,0
384.25,628.55,244.3,48.86,92869,33.792791,-117.789749,0.0,80.2,701.0,0,5,0.0,0.0,0.0,2.0,0,0.0,0.0,59.0,0
5682.25,6821.29,1139.04,15.82,95916,39.657228,-121.37778,2.0,78.45,75.0,10,72,2.0,2.0,2.0,1.0,0,2.0,2.0,13.0,0
1421.75,1665.02,243.27,9.01,90304,33.936827,-118.359824,1.0,48.7,446.0,10,27,0.0,2.0,0.0,1.0,0,0.0,0.0,5.0,0
244.65,384.45,139.8,46.6,95835,38.685069,-121.543709,0.0,79.4,838.0,0,3,0.0,0.0,0.0,2.0,0,0.0,0.0,76.0,1
3486.65,5711.15,2224.5,44.49,95672,38.724322,-120.991237,2.0,70.5,812.0,10,50,2.0,2.0,0.0,0.0,2,0.0,0.0,28.0,0
95.45,101.04,5.59,5.59,91744,34.031441,-117.936436,0.0,95.45,491.0,0,1,0.0,0.0,0.0,2.0,0,0.0,2.0,2.0,1
360.35,1065.15,704.8,44.05,94920,37.885629,-122.46858,1.0,19.3,70.0,0,16,1.0,1.0,1.0,3.0,0,1.0,1.0,0.0,0
373.0,373.0,0.0,0.0,95814,38.584505,-121.491956,1.0,39.55,838.0,0,9,0.0,2.0,2.0,0.0,0,2.0,0.0,19.0,0
792.15,792.15,0.0,0.0,95945,39.194539,-120.988066,1.0,44.45,378.0,1,17,0.0,2.0,0.0,1.0,2,2.0,0.0,52.0,0
3097.0,3778.7,681.7,20.05,93960,36.414216,-121.360597,0.0,90.05,928.0,10,34,0.0,0.0,0.0,2.0,3,2.0,2.0,57.0,0
7133.1,7941.66,808.56,11.23,95968,39.435756,-121.552071,1.0,97.25,719.0,7,72,0.0,0.0,2.0,2.0,0,0.0,2.0,20.0,0
70.15,72.39,2.24,2.24,92692,33.60693,-117.644253,0.0,70.15,619.0,0,1,0.0,0.0,0.0,2.0,0,0.0,0.0,6.0,1
1258.3,2030.25,661.95,44.13,92592,33.507255,-117.029473,0.0,83.05,984.0,2,15,2.0,0.0,0.0,2.0,0,2.0,0.0,3.0,1
5293.4,8158.99,2865.59,42.77,95386,37.669516,-120.626964,2.0,79.7,1048.0,0,67,0.0,2.0,0.0,1.0,0,2.0,2.0,3.0,1
483.7,756.83,273.13,24.83,95493,39.222323,-122.985488,0.0,44.05,1085.0,1,11,0.0,0.0,0.0,1.0,0,0.0,0.0,30.0,1
352.65,394.25,41.6,8.32,93907,36.77462,-121.664714,0.0,64.35,841.0,0,5,2.0,2.0,0.0,1.0,0,0.0,0.0,22.0,0
307.4,437.12,129.72,32.43,92347,34.983808,-117.239306,0.0,80.35,422.0,3,4,0.0,0.0,0.0,2.0,0,0.0,0.0,13.0,1
92.25,92.25,0.0,0.0,91030,34.110444,-118.156957,0.0,29.9,941.0,5,3,2.0,0.0,0.0,1.0,0,0.0,0.0,41.0,0
4837.6,7120.87,2283.27,44.77,92028,33.362575,-117.299644,1.0,94.8,315.0,0,51,0.0,2.0,2.0,2.0,0,0.0,2.0,58.0,1
289.3,786.4,497.1,33.14,95409,38.468893,-122.580539,0.0,19.4,891.0,0,15,1.0,1.0,1.0,3.0,0,1.0,1.0,0.0,1
6688.95,6812.79,123.84,1.72,93240,35.607875,-118.466318,2.0,93.25,504.0,2,72,2.0,2.0,2.0,0.0,0,2.0,2.0,7.0,0
645.8,944.04,298.24,37.28,90270,33.988572,-118.186565,2.0,76.15,589.0,0,8,2.0,2.0,2.0,1.0,1,0.0,2.0,14.0,0
1931.75,1973.36,41.61,2.19,93606,36.798882,-120.019511,0.0,99.95,87.0,0,19,0.0,0.0,2.0,2.0,0,0.0,2.0,18.0,1
62.0,142.5,80.5,40.25,93906,36.722898,-121.633648,0.0,24.85,841.0,0,2,1.0,1.0,1.0,3.0,0,1.0,1.0,0.0,0
7213.75,8775.75,1562.0,22.0,95922,39.432127,-121.099287,2.0,99.2,145.0,6,71,0.0,0.0,2.0,2.0,0,2.0,2.0,27.0,0
2265.25,3020.12,754.87,26.03,93223,36.29878,-119.201028,0.0,80.15,316.0,1,29,0.0,0.0,2.0,2.0,0,0.0,0.0,47.0,1
316.9,379.9,63.0,12.6,90039,34.110845,-118.259595,0.0,69.7,552.0,0,5,0.0,0.0,0.0,2.0,3,0.0,0.0,58.0,1
2184.35,2184.35,0.0,0.0,90405,34.005439,-118.477507,0.0,55.9,889.0,3,39,0.0,2.0,0.0,1.0,0,2.0,2.0,13.0,1
24.75,24.75,0.0,0.0,95123,37.238758,-121.828375,0.0,24.75,861.0,0,1,0.0,0.0,0.0,1.0,3,0.0,0.0,57.0,1
1133.9,1443.54,352.95,23.53,93625,36.625792,-119.672483,0.0,74.2,343.0,0,15,0.0,0.0,0.0,2.0,0,0.0,0.0,9.0,1
830.7,1327.7,497.0,49.7,95431,38.348884,-122.51699,0.0,80.05,294.0,0,10,0.0,0.0,2.0,2.0,0,0.0,0.0,10.0,1
1625.0,2055.58,368.97,17.57,95412,38.731055,-123.316553,1.0,77.5,28.0,1,21,2.0,2.0,2.0,0.0,0,0.0,0.0,14.0,1
1178.75,2055.01,876.26,39.83,93262,36.527243,-118.594938,0.0,54.7,906.0,1,22,0.0,0.0,2.0,0.0,0,2.0,0.0,16.0,0
3233.6,4608.44,1374.84,36.18,96039,41.831901,-123.487478,0.0,83.9,402.0,0,38,0.0,2.0,2.0,2.0,0,2.0,2.0,48.0,1
3423.5,3423.5,0.0,0.0,90603,33.945318,-117.992066,2.0,54.6,1069.0,1,64,2.0,0.0,2.0,1.0,0,0.0,2.0,30.0,0
20.05,23.28,3.23,3.23,94028,37.369709,-122.215844,0.0,20.05,783.0,0,1,1.0,1.0,1.0,3.0,0,1.0,1.0,0.0,0
6396.45,7038.45,642.0,10.7,92325,34.248061,-117.29028,0.0,105.9,230.0,0,60,0.0,0.0,2.0,2.0,0,2.0,2.0,71.0,1
25.15,25.15,0.0,0.0,93206,35.451402,-119.488413,0.0,25.15,125.0,0,1,0.0,0.0,0.0,1.0,0,0.0,0.0,5.0,1
264.8,307.64,42.84,14.28,90047,33.958149,-118.308441,0.0,85.3,552.0,0,3,0.0,0.0,0.0,2.0,0,0.0,2.0,21.0,1
1511.2,1662.08,150.88,9.43,91764,34.074087,-117.605618,0.0,94.45,700.0,0,16,2.0,0.0,0.0,2.0,0,0.0,2.0,9.0,1
3221.25,4779.37,1595.16,25.32,96021,39.913777,-122.289984,2.0,50.65,216.0,6,63,0.0,2.0,0.0,1.0,1,0.0,0.0,11.0,0
1993.8,2261.98,268.18,12.19,95955,39.281194,-122.226568,0.0,70.5,588.0,0,22,2.0,0.0,0.0,2.0,0,0.0,0.0,23.0,1
1785.65,2593.73,808.08,28.86,92507,33.976328,-117.319786,0.0,60.9,827.0,7,28,2.0,2.0,2.0,0.0,0,0.0,0.0,24.0,0
191.35,298.27,106.92,35.64,92028,33.362575,-117.299644,0.0,69.35,315.0,0,3,2.0,0.0,0.0,0.0,0,0.0,2.0,6.0,1
2319.8,4211.6,1891.8,42.04,91748,33.976753,-117.897367,1.0,54.15,836.0,1,45,2.0,0.0,2.0,0.0,0,0.0,0.0,26.0,1
419.35,496.42,77.07,11.01,92835,33.902211,-117.914922,2.0,51.3,351.0,0,7,0.0,0.0,2.0,0.0,0,0.0,0.0,18.0,0
1023.9,1613.18,589.28,36.83,95838,38.646096,-121.442433,0.0,59.4,838.0,0,16,2.0,0.0,0.0,1.0,0,0.0,0.0,16.0,1
7322.5,7926.34,603.84,8.88,91790,34.066964,-117.937007,1.0,105.75,1056.0,9,68,2.0,0.0,2.0,2.0,2,2.0,2.0,17.0,0
799.65,855.95,56.3,5.63,92126,32.886925,-117.152162,0.0,74.75,852.0,0,10,0.0,0.0,0.0,2.0,0,0.0,0.0,26.0,1
5673.7,7013.26,1339.56,21.96,90039,34.110845,-118.259595,1.0,96.5,552.0,1,61,0.0,0.0,0.0,2.0,0,0.0,2.0,2.0,0
330.25,865.29,535.04,33.44,93924,36.414611,-121.6386,0.0,20.6,159.0,0,16,1.0,1.0,1.0,3.0,0,1.0,1.0,0.0,0
50.55,73.11,22.56,22.56,95388,37.421299,-120.599587,0.0,50.55,1083.0,0,1,0.0,0.0,0.0,0.0,0,0.0,0.0,2.0,1
20.6,22.08,1.48,1.48,91752,33.999992,-117.535395,0.0,20.6,615.0,0,1,1.0,1.0,1.0,3.0,0,1.0,1.0,0.0,0
368.1,447.06,48.96,12.24,94108,37.791998,-122.408653,0.0,90.05,855.0,0,4,0.0,0.0,2.0,2.0,0,0.0,2.0,11.0,1
474.8,647.25,172.45,34.49,91773,34.102119,-117.815532,0.0,85.2,853.0,0,5,0.0,0.0,0.0,2.0,0,0.0,2.0,46.0,1
255.6,255.6,0.0,0.0,92309,35.28952,-116.092214,1.0,49.25,55.0,0,6,2.0,0.0,0.0,0.0,0,0.0,2.0,48.0,0
44.15,52.92,8.77,8.77,90049,34.091829,-118.491244,0.0,44.15,552.0,0,1,0.0,0.0,0.0,1.0,0,0.0,0.0,10.0,1
2758.15,4134.55,1376.4,45.88,92129,32.961064,-117.134917,0.0,91.7,852.0,0,30,0.0,2.0,2.0,2.0,0,2.0,0.0,19.0,1
261.3,346.58,85.28,6.56,94518,37.950248,-122.022455,2.0,20.4,212.0,0,13,1.0,1.0,1.0,3.0,0,1.0,1.0,0.0,0
1943.9,2737.14,823.23,30.49,90036,34.070291,-118.349191,2.0,70.55,552.0,0,27,0.0,0.0,0.0,2.0,0,0.0,0.0,16.0,0
1295.4,1936.82,641.42,24.67,95247,38.147852,-120.440124,1.0,51.55,648.0,0,26,0.0,0.0,0.0,0.0,0,0.0,0.0,59.0,0
225.85,382.95,157.1,15.71,92676,33.782346,-117.635263,1.0,19.5,920.0,0,10,1.0,1.0,1.0,3.0,0,1.0,1.0,0.0,0
44.3,87.25,42.95,42.95,94515,38.629618,-122.593216,0.0,44.3,135.0,0,1,0.0,0.0,0.0,1.0,0,0.0,0.0,9.0,0
2338.35,2433.6,95.25,3.81,91911,32.607964,-117.059459,0.0,95.7,189.0,7,25,2.0,0.0,0.0,2.0,0,0.0,2.0,8.0,0
270.6,624.0,353.4,23.56,96046,40.648024,-123.465088,1.0,19.65,437.0,0,15,1.0,1.0,1.0,3.0,0,1.0,1.0,0.0,0
1914.5,3514.34,1599.84,22.22,91604,34.139082,-118.39275,2.0,26.45,959.0,1,72,1.0,1.0,1.0,3.0,0,1.0,1.0,0.0,0
5289.8,6568.0,1278.2,18.26,92662,33.606336,-117.893042,2.0,76.95,662.0,1,70,2.0,2.0,0.0,1.0,0,0.0,2.0,18.0,0
1388.45,3668.97,2280.52,32.12,95832,38.445939,-121.496855,2.0,19.8,838.0,5,71,1.0,1.0,1.0,3.0,1,1.0,1.0,0.0,0
1337.45,1726.65,389.2,27.8,93271,36.413433,-118.854708,0.0,92.9,994.0,0,14,0.0,0.0,0.0,2.0,0,0.0,2.0,17.0,0
386.5,890.76,504.26,26.54,95368,37.713152,-121.08739,1.0,19.7,840.0,0,19,1.0,1.0,1.0,3.0,0,1.0,1.0,0.0,0
3457.9,4335.3,882.36,24.51,95050,37.351214,-121.952417,0.0,97.35,883.0,3,36,0.0,0.0,2.0,2.0,0,2.0,0.0,27.0,1
1396.25,3053.39,1657.14,23.34,95148,37.339533,-121.777179,2.0,19.8,861.0,9,71,1.0,1.0,1.0,3.0,2,1.0,1.0,0.0,0
994.55,1708.1,713.55,47.57,92130,32.957195,-117.202542,0.0,64.65,852.0,0,15,0.0,2.0,0.0,1.0,0,0.0,2.0,26.0,1
75.3,101.36,26.06,26.06,90742,33.719221,-118.073596,0.0,75.3,969.0,0,1,0.0,0.0,0.0,2.0,0,2.0,0.0,3.0,1
5071.9,5190.85,118.95,1.83,96117,40.507272,-120.338228,2.0,79.4,530.0,10,65,2.0,0.0,2.0,0.0,1,0.0,2.0,13.0,0
75.75,84.1,8.35,8.35,92027,33.141265,-116.967221,0.0,75.75,305.0,0,1,0.0,0.0,0.0,2.0,0,0.0,0.0,23.0,1
1884.65,1884.65,0.0,0.0,91733,34.04622,-118.053753,2.0,59.45,938.0,0,33,0.0,2.0,2.0,1.0,0,2.0,0.0,16.0,0
298.7,298.7,0.0,0.0,93618,36.523619,-119.386868,0.0,45.0,259.0,0,6,0.0,0.0,0.0,0.0,0,0.0,2.0,52.0,0
1191.2,1984.0,662.8,33.14,96117,40.507272,-120.338228,0.0,59.2,530.0,0,20,2.0,2.0,0.0,1.0,0,0.0,0.0,17.0,0
2515.3,3559.72,1044.42,40.17,96140,39.227434,-120.091806,0.0,98.35,161.0,0,26,0.0,0.0,0.0,2.0,0,2.0,2.0,27.0,1
1501.75,2669.29,1167.54,19.14,93666,36.545353,-119.338535,2.0,25.0,962.0,5,61,1.0,1.0,1.0,3.0,0,1.0,1.0,0.0,0
5224.35,8373.29,3008.94,45.59,91362,34.191842,-118.822796,0.0,80.45,992.0,0,66,0.0,0.0,2.0,2.0,0,0.0,0.0,24.0,1
3590.2,3590.2,0.0,0.0,93612,36.814539,-119.711868,2.0,59.85,200.0,1,60,2.0,2.0,0.0,1.0,0,2.0,2.0,19.0,0
7323.15,10642.35,3319.2,46.1,90044,33.952714,-118.292061,1.0,101.35,552.0,6,72,0.0,0.0,2.0,2.0,0,2.0,2.0,23.0,0
201.1,241.02,39.92,9.98,92676,33.782346,-117.635263,0.0,51.75,920.0,0,4,0.0,0.0,0.0,1.0,0,0.0,0.0,13.0,1
2201.75,3624.15,1422.4,44.45,95978,39.904002,-121.527823,1.0,70.5,953.0,7,32,2.0,2.0,2.0,1.0,0,0.0,2.0,6.0,0
108.05,138.9,30.85,6.17,90071,34.052917,-118.255178,0.0,19.85,552.0,0,5,1.0,1.0,1.0,3.0,0,1.0,1.0,0.0,1
1466.1,2643.6,1177.5,47.1,95514,40.309088,-123.668201,1.0,55.1,91.0,2,25,2.0,0.0,0.0,1.0,1,0.0,0.0,25.0,0
89.3,119.53,30.23,30.23,93664,37.223,-119.001021,0.0,89.3,910.0,0,1,0.0,0.0,0.0,2.0,0,0.0,0.0,30.0,1
2431.95,2431.95,0.0,0.0,93522,36.319181,-117.593053,2.0,46.2,242.0,0,54,0.0,2.0,2.0,1.0,0,0.0,2.0,7.0,0
8078.1,8748.34,670.24,9.44,90604,33.929704,-118.01208,2.0,115.15,1069.0,7,71,2.0,2.0,2.0,2.0,0,2.0,2.0,9.0,0
1615.1,1717.84,102.74,4.67,95606,38.809804,-122.241383,0.0,75.8,115.0,3,22,0.0,0.0,0.0,2.0,3,0.0,0.0,58.0,0
662.65,835.28,205.84,25.73,91204,34.136306,-118.26036,0.0,84.5,366.0,0,8,0.0,0.0,0.0,2.0,2,0.0,2.0,19.0,1
7250.15,8103.45,853.3,12.19,93641,36.696759,-119.024051,2.0,104.0,616.0,0,70,2.0,2.0,0.0,2.0,0,0.0,2.0,42.0,1
5785.65,6804.09,1018.44,14.76,95831,38.494832,-121.529447,0.0,84.9,838.0,7,69,0.0,2.0,2.0,2.0,0,0.0,0.0,14.0,0
280.85,415.45,134.6,33.65,92627,33.645672,-117.922613,0.0,73.9,221.0,0,4,0.0,0.0,0.0,2.0,0,2.0,0.0,30.0,1
49.95,93.44,43.49,43.49,95642,38.336216,-120.76901,0.0,49.95,452.0,0,1,0.0,0.0,0.0,0.0,0,0.0,0.0,4.0,1
3358.65,4996.93,1647.24,44.52,95978,39.904002,-121.527823,1.0,90.6,953.0,0,37,2.0,2.0,2.0,1.0,0,2.0,2.0,6.0,0
20.3,24.39,4.09,4.09,93654,36.636638,-119.421842,0.0,20.3,811.0,0,1,1.0,1.0,1.0,3.0,0,1.0,1.0,0.0,0
267.35,560.69,293.34,48.89,92111,32.805518,-117.169052,0.0,49.65,852.0,0,6,2.0,0.0,0.0,1.0,0,0.0,0.0,22.0,1
6448.85,6864.29,415.44,5.77,92833,33.877639,-117.961212,2.0,89.55,351.0,4,72,2.0,2.0,2.0,1.0,0,2.0,0.0,24.0,0
83.75,144.85,61.1,12.22,92110,32.76501,-117.19938,0.0,70.5,852.0,0,5,1.0,1.0,1.0,3.0,1,1.0,1.0,0.0,0
38.7,88.12,49.42,24.71,92270,33.763678,-116.429928,0.0,20.65,796.0,0,2,1.0,1.0,1.0,3.0,0,1.0,1.0,0.0,1
1298.7,2342.61,1043.91,16.57,92866,33.784597,-117.844535,2.0,20.6,701.0,0,63,1.0,1.0,1.0,3.0,0,1.0,1.0,0.0,0
450.8,614.25,163.45,23.35,96136,40.345949,-120.081187,0.0,70.75,1054.0,0,7,2.0,0.0,0.0,1.0,0,0.0,2.0,6.0,1
1059.55,1207.87,148.32,12.36,95601,38.431407,-120.8421,0.0,84.45,21.0,0,12,0.0,0.0,0.0,2.0,0,0.0,0.0,23.0,1
2497.2,3795.58,1238.38,47.63,95602,38.99003,-121.114408,0.0,95.0,48.0,0,26,0.0,2.0,2.0,2.0,0,0.0,0.0,26.0,1
20.05,38.2,18.15,18.15,93240,35.607875,-118.466318,0.0,20.05,504.0,0,1,1.0,1.0,1.0,3.0,0,1.0,1.0,0.0,0
440.2,440.2,0.0,0.0,95942,40.077028,-121.494168,0.0,25.65,334.0,0,17,0.0,0.0,0.0,0.0,0,0.0,0.0,11.0,0
7658.3,8946.38,1288.08,17.89,95465,38.415003,-122.998726,2.0,107.45,690.0,1,72,2.0,2.0,2.0,2.0,2,2.0,2.0,19.0,0
4264.0,4238.33,0.0,0.0,92021,32.832706,-116.873258,2.0,60.0,284.0,3,72,2.0,0.0,2.0,1.0,0,2.0,2.0,16.0,0
6385.95,7423.95,938.0,13.4,91914,32.688506,-116.938632,1.0,90.25,189.0,0,70,2.0,0.0,2.0,2.0,0,2.0,0.0,3.0,0
74.5,110.94,36.44,36.44,93040,34.432843,-118.730106,0.0,74.5,760.0,0,1,0.0,0.0,0.0,2.0,0,0.0,0.0,16.0,1
6668.0,9303.0,2635.0,38.75,93544,34.500091,-117.765862,2.0,99.55,536.0,9,68,2.0,2.0,0.0,2.0,3,0.0,2.0,28.0,0
2498.4,3452.76,954.36,26.51,91767,34.083086,-117.737997,1.0,65.4,776.0,0,36,2.0,0.0,2.0,0.0,0,0.0,2.0,85.0,1
198.0,198.0,0.0,0.0,92109,32.787836,-117.232376,0.0,45.7,852.0,0,5,0.0,0.0,0.0,1.0,0,0.0,0.0,15.0,1
6849.4,8784.86,1935.46,27.26,93286,36.464635,-119.094348,2.0,95.75,1089.0,9,71,0.0,0.0,2.0,2.0,2,2.0,2.0,12.0,0
5610.25,8454.25,2844.0,47.4,95252,38.156971,-120.849231,1.0,94.4,1028.0,9,60,0.0,0.0,2.0,0.0,0,0.0,2.0,29.0,1
529.5,777.44,247.94,35.42,93207,35.865795,-118.69759,0.0,69.95,132.0,9,7,0.0,0.0,0.0,2.0,0,0.0,0.0,3.0,1
7156.2,9310.25,2154.05,32.15,92227,33.03933,-115.191857,2.0,108.75,108.0,1,67,2.0,2.0,0.0,2.0,0,2.0,2.0,28.0,1
1630.4,1630.4,0.0,0.0,95064,37.007882,-122.065975,1.0,40.3,885.0,0,39,2.0,2.0,2.0,1.0,0,0.0,0.0,19.0,0
261.25,303.81,42.56,10.64,95709,38.748316,-120.675512,0.0,68.65,140.0,0,4,0.0,0.0,2.0,1.0,0,0.0,2.0,23.0,1
1344.5,3425.48,2080.98,31.53,94583,37.766556,-121.976784,2.0,19.75,877.0,7,66,1.0,1.0,1.0,3.0,2,1.0,1.0,0.0,0
3655.45,4294.37,568.92,17.24,94542,37.656695,-122.048361,0.0,110.45,408.0,0,33,2.0,0.0,2.0,2.0,0,2.0,2.0,25.0,1
97.1,97.1,0.0,0.0,92117,32.825086,-117.199424,0.0,44.6,852.0,1,2,0.0,0.0,0.0,0.0,0,0.0,2.0,51.0,1
4089.45,6146.79,2057.34,40.34,92648,33.679659,-118.016195,2.0,83.25,434.0,1,51,2.0,2.0,2.0,1.0,0,2.0,2.0,9.0,0
1334.0,1478.48,144.48,2.58,91206,34.162515,-118.203869,1.0,24.9,366.0,0,56,1.0,1.0,1.0,3.0,0,1.0,1.0,0.0,1
8333.95,8664.43,330.48,4.59,95139,37.218705,-121.762429,2.0,114.65,861.0,1,72,2.0,2.0,2.0,2.0,0,2.0,0.0,27.0,0
229.4,229.4,0.0,0.0,96134,41.813521,-121.492666,0.0,50.95,1009.0,0,5,0.0,0.0,2.0,0.0,0,0.0,2.0,26.0,0
2576.2,4272.65,1696.45,48.47,91773,34.102119,-117.815532,0.0,75.2,853.0,1,35,0.0,0.0,0.0,2.0,0,0.0,0.0,12.0,1
1148.1,1684.62,536.52,44.71,90260,33.88856,-118.351813,0.0,96.05,516.0,0,12,0.0,0.0,0.0,0.0,0,0.0,2.0,25.0,1
174.3,184.3,0.0,0.0,95045,36.810568,-121.503022,0.0,44.55,862.0,0,4,0.0,0.0,0.0,0.0,0,0.0,2.0,20.0,1
372.45,816.25,443.8,31.7,93664,37.223,-119.001021,0.0,25.55,910.0,1,14,1.0,1.0,1.0,3.0,1,1.0,1.0,0.0,0
5794.65,8527.45,2732.8,48.8,93201,35.869626,-119.498771,1.0,104.55,15.0,0,56,0.0,2.0,0.0,2.0,0,2.0,0.0,12.0,1
2333.85,2333.85,0.0,0.0,91105,34.13946,-118.166649,0.0,50.9,732.0,10,45,0.0,2.0,0.0,1.0,2,0.0,2.0,18.0,0
4981.15,8001.79,3020.64,48.72,91902,32.67117,-117.00232,0.0,80.4,99.0,0,62,2.0,0.0,2.0,1.0,0,2.0,2.0,2.0,0
2265.25,3020.12,754.87,26.03,93223,36.29878,-119.201028,0.0,80.15,316.0,1,29,0.0,0.0,2.0,2.0,0,0.0,0.0,47.0,1
1802.55,3860.9,2087.28,28.99,90640,34.015217,-118.109962,2.0,25.0,627.0,0,72,1.0,1.0,1.0,3.0,0,1.0,1.0,0.0,0
4297.95,4994.24,696.29,14.21,95949,39.099204,-121.137962,0.0,85.3,378.0,1,49,0.0,0.0,2.0,2.0,0,0.0,0.0,23.0,0
6431.05,8791.39,2360.34,43.71,95316,37.524721,-120.757977,1.0,115.6,252.0,2,54,2.0,2.0,2.0,2.0,0,2.0,0.0,12.0,0
170.85,209.39,38.54,19.27,95681,38.984756,-121.345074,0.0,93.85,912.0,0,2,0.0,0.0,0.0,2.0,0,0.0,0.0,18.0,1
6287.25,9151.29,2864.04,49.38,92117,32.825086,-117.199424,1.0,108.85,852.0,1,58,0.0,2.0,2.0,2.0,0,2.0,0.0,19.0,1
70.45,123.32,42.87,42.87,95116,37.350284,-121.852855,0.0,70.45,861.0,0,1,0.0,0.0,0.0,2.0,0,0.0,0.0,8.0,1
3551.65,3879.74,328.09,7.63,93653,37.252057,-119.95783,0.0,86.1,802.0,10,43,0.0,2.0,2.0,2.0,0,2.0,0.0,20.0,0
1250.85,1799.81,548.96,11.68,94074,37.331762,-122.341444,1.0,26.9,858.0,7,47,1.0,1.0,1.0,3.0,0,1.0,1.0,0.0,0
202.15,257.1,54.95,10.99,93510,34.501452,-118.207862,0.0,44.05,1.0,0,5,0.0,0.0,0.0,1.0,0,0.0,0.0,29.0,0
101.1,101.1,0.0,0.0,95493,39.222323,-122.985488,0.0,35.1,1085.0,3,3,2.0,2.0,0.0,0.0,0,0.0,0.0,25.0,0
47.5,47.5,0.0,0.0,93591,34.598221,-117.79593,0.0,24.45,722.0,0,2,0.0,0.0,0.0,1.0,0,0.0,0.0,6.0,1
1539.45,1865.68,326.23,19.19,96125,39.600599,-120.636358,0.0,89.4,917.0,1,17,0.0,2.0,0.0,2.0,0,2.0,0.0,22.0,1
1253.8,4259.44,3005.64,45.54,93529,37.730269,-119.055813,2.0,19.7,463.0,0,66,1.0,1.0,1.0,3.0,0,1.0,1.0,0.0,0
365.65,512.69,147.04,36.76,94590,38.104705,-122.247387,0.0,89.6,1025.0,0,4,0.0,0.0,2.0,2.0,0,0.0,0.0,20.0,1
1525.35,1525.35,0.0,0.0,92129,32.961064,-117.134917,1.0,40.2,852.0,7,37,2.0,2.0,0.0,0.0,2,2.0,0.0,52.0,0
1254.7,2342.16,1087.46,49.43,95404,38.526941,-122.709096,0.0,59.0,891.0,0,22,0.0,2.0,2.0,0.0,0,0.0,0.0,17.0,1
631.85,949.73,257.88,36.84,92341,34.244411,-117.072654,0.0,89.35,380.0,0,7,0.0,0.0,0.0,2.0,0,2.0,0.0,17.0,1
3807.35,4718.72,911.37,17.87,95829,38.486502,-121.334051,0.0,77.5,838.0,1,51,0.0,2.0,0.0,2.0,0,0.0,0.0,9.0,1
1931.3,1931.3,0.0,0.0,90247,33.890853,-118.297967,1.0,70.5,357.0,0,43,2.0,0.0,0.0,1.0,0,2.0,2.0,11.0,0
70.2,92.54,22.34,22.34,95204,37.974498,-121.319568,0.0,70.2,954.0,0,1,0.0,0.0,0.0,2.0,0,0.0,0.0,12.0,0
7220.35,8630.71,1410.36,20.44,92109,32.787836,-117.232376,1.0,104.7,852.0,0,69,2.0,0.0,2.0,2.0,0,0.0,2.0,3.0,1
90.6,122.28,31.68,31.68,94105,37.789168,-122.395009,0.0,90.6,855.0,0,1,0.0,0.0,0.0,2.0,0,0.0,2.0,22.0,1
670.65,919.86,249.21,19.17,94598,37.916648,-122.008483,0.0,52.1,1043.0,0,13,0.0,2.0,0.0,0.0,1,0.0,2.0,59.0,0
219.0,219.0,0.0,0.0,95635,38.921333,-120.897718,0.0,43.25,385.0,0,5,2.0,2.0,2.0,0.0,0,2.0,0.0,59.0,1
3161.6,4884.4,1682.8,48.08,90504,33.867257,-118.330794,0.0,89.65,999.0,4,35,0.0,0.0,2.0,2.0,3,0.0,0.0,53.0,0
6700.05,9268.85,2568.8,39.52,95668,38.833554,-121.498102,2.0,104.1,769.0,0,65,2.0,0.0,0.0,2.0,3,2.0,2.0,57.0,0
4273.45,5062.63,789.18,18.79,92120,32.807867,-117.060993,0.0,101.75,852.0,0,42,0.0,0.0,2.0,2.0,0,0.0,2.0,16.0,1
6910.3,9685.69,2775.39,39.09,92335,34.087558,-117.464096,2.0,97.2,329.0,7,71,0.0,2.0,0.0,2.0,2,0.0,2.0,69.0,0
1139.2,1398.92,298.2,21.3,94706,37.890274,-122.295192,0.0,85.15,9.0,1,14,0.0,0.0,0.0,2.0,0,0.0,2.0,42.0,1
1035.7,1620.52,584.82,10.83,90278,33.873395,-118.37019,2.0,20.5,807.0,0,54,1.0,1.0,1.0,3.0,0,1.0,1.0,0.0,0
2094.65,3566.53,1471.88,47.48,93605,37.17277,-119.2997,2.0,73.55,83.0,0,31,0.0,2.0,0.0,2.0,0,0.0,0.0,8.0,0
6332.75,9041.35,2708.6,46.7,90732,33.744119,-118.31448,1.0,107.75,874.0,0,58,0.0,2.0,2.0,2.0,0,2.0,2.0,19.0,0
2745.7,3218.92,473.22,14.34,92408,34.084909,-117.258107,0.0,86.15,848.0,1,33,0.0,0.0,0.0,2.0,0,0.0,2.0,28.0,1
7299.65,10507.21,3207.56,47.17,95005,37.078873,-122.090386,0.0,105.3,71.0,1,68,0.0,0.0,2.0,2.0,0,2.0,0.0,29.0,1
2728.6,4041.42,1312.82,32.02,92223,33.946982,-116.977672,1.0,66.5,65.0,1,41,2.0,0.0,2.0,1.0,0,0.0,2.0,28.0,1
6697.2,9880.32,3183.12,44.21,94536,37.572273,-121.964583,2.0,91.35,346.0,0,72,2.0,2.0,2.0,1.0,0,2.0,2.0,22.0,0
453.75,638.15,184.4,36.88,92126,32.886925,-117.152162,0.0,84.5,852.0,3,5,0.0,2.0,0.0,2.0,0,2.0,0.0,8.0,1
6841.45,7104.34,262.89,3.81,92332,34.9436,-115.287901,1.0,99.5,307.0,10,69,0.0,0.0,0.0,2.0,0,2.0,2.0,4.0,0
4447.55,5801.87,1354.32,20.52,95033,37.160194,-121.945611,2.0,68.75,554.0,0,66,2.0,2.0,2.0,0.0,0,2.0,0.0,10.0,0
4847.05,5813.65,966.6,16.11,92881,33.833686,-117.513063,1.0,80.55,217.0,0,60,2.0,0.0,0.0,0.0,0,2.0,2.0,18.0,0
385.9,424.14,38.24,9.56,92356,34.508417,-116.856103,0.0,101.15,563.0,3,4,0.0,0.0,0.0,2.0,0,2.0,2.0,48.0,1
264.85,379.12,114.27,38.09,90292,33.977468,-118.445475,0.0,84.75,581.0,1,3,0.0,0.0,0.0,2.0,0,0.0,2.0,30.0,1
6692.65,9625.13,2932.48,45.82,94609,37.834341,-122.26437,2.0,104.4,688.0,0,64,0.0,0.0,2.0,2.0,0,2.0,2.0,14.0,0
1296.15,1445.57,149.42,2.41,94502,37.724817,-122.224363,2.0,20.3,7.0,1,62,1.0,1.0,1.0,3.0,2,1.0,1.0,0.0,0
903.6,903.6,0.0,0.0,92506,33.930931,-117.361788,1.0,43.75,827.0,0,22,0.0,0.0,2.0,1.0,0,2.0,2.0,16.0,1
83.4,126.46,43.06,43.06,94555,37.555473,-122.080312,0.0,83.4,346.0,0,1,2.0,2.0,2.0,2.0,0,0.0,0.0,9.0,0
4671.7,4671.7,0.0,0.0,91911,32.607964,-117.059459,2.0,67.2,189.0,0,72,2.0,2.0,2.0,0.0,3,2.0,2.0,71.0,0
3969.4,5661.28,1691.88,36.78,95422,38.965804,-122.631779,0.0,85.0,194.0,0,46,0.0,2.0,0.0,2.0,0,0.0,2.0,29.0,1
7707.7,9822.08,2114.38,29.78,95595,40.170357,-123.417298,2.0,109.25,1102.0,7,71,2.0,0.0,2.0,2.0,0,2.0,2.0,22.0,0
3899.05,4660.99,761.94,22.41,92530,33.655421,-117.391751,1.0,116.25,501.0,0,34,2.0,2.0,2.0,2.0,0,2.0,2.0,13.0,0
6137.0,6664.94,527.94,8.38,93702,36.739385,-119.753649,1.0,99.9,349.0,0,63,0.0,0.0,2.0,2.0,0,0.0,2.0,59.0,1
637.55,978.95,341.4,11.38,96114,40.294034,-120.512622,2.0,19.05,456.0,1,30,1.0,1.0,1.0,3.0,0,1.0,1.0,0.0,0
1201.65,3289.81,2088.16,33.68,92281,33.03679,-115.60503,2.0,20.05,1063.0,0,62,1.0,1.0,1.0,3.0,0,1.0,1.0,0.0,0
1390.6,1574.65,184.05,12.27,92139,32.677716,-117.047666,0.0,88.15,852.0,1,15,0.0,0.0,0.0,2.0,0,0.0,2.0,76.0,1
41.85,41.85,0.0,0.0,94014,37.691561,-122.445202,0.0,24.35,239.0,0,2,0.0,0.0,0.0,1.0,0,0.0,0.0,11.0,1
1058.6,1343.04,284.44,21.88,95831,38.494832,-121.529447,0.0,84.45,838.0,0,13,0.0,0.0,2.0,2.0,0,2.0,0.0,4.0,1
343.6,976.7,633.1,48.7,94964,37.942551,-122.491642,1.0,24.5,875.0,8,13,1.0,1.0,1.0,3.0,2,1.0,1.0,0.0,0
8075.35,10598.23,2522.88,35.04,92114,32.707892,-117.05512,2.0,109.75,852.0,1,72,2.0,2.0,0.0,2.0,0,2.0,0.0,22.0,0
442.85,493.57,50.72,12.68,95668,38.833554,-121.498102,0.0,99.8,769.0,0,4,0.0,0.0,2.0,2.0,0,2.0,2.0,10.0,1
1929.95,2766.35,836.4,27.88,90746,33.859171,-118.252272,1.0,64.5,163.0,0,30,0.0,0.0,2.0,0.0,0,2.0,0.0,6.0,0
3373.4,4224.74,851.34,20.27,90292,33.977468,-118.445475,2.0,78.45,581.0,0,42,2.0,0.0,0.0,1.0,0,2.0,2.0,15.0,0
4855.35,6004.47,1149.12,15.96,94586,37.587494,-121.862856,2.0,68.4,968.0,7,72,2.0,2.0,2.0,1.0,1,0.0,0.0,26.0,0
6823.4,9371.25,2571.52,40.18,92107,32.741852,-117.243453,2.0,105.25,852.0,5,64,2.0,0.0,2.0,2.0,0,0.0,2.0,30.0,0
3475.55,4612.19,1136.64,30.72,95838,38.646096,-121.442433,0.0,98.8,838.0,0,37,2.0,0.0,0.0,2.0,0,0.0,2.0,42.0,1
644.35,797.72,153.37,21.91,93662,36.545322,-119.642281,0.0,95.6,905.0,1,7,0.0,0.0,0.0,0.0,0,0.0,0.0,11.0,1
3734.25,5535.07,1800.82,47.39,95920,39.449794,-121.936372,0.0,99.55,124.0,0,38,2.0,0.0,0.0,2.0,0,0.0,0.0,2.0,1
69.85,81.98,12.13,12.13,95232,38.358464,-120.579304,0.0,69.85,365.0,0,1,0.0,0.0,0.0,2.0,0,0.0,0.0,19.0,1
2804.45,3014.75,210.3,7.01,92130,32.957195,-117.202542,0.0,94.1,852.0,1,30,2.0,0.0,2.0,2.0,0,0.0,0.0,24.0,1
4750.95,5880.09,1129.14,22.14,90640,34.015217,-118.109962,0.0,93.8,627.0,1,51,0.0,2.0,0.0,2.0,0,2.0,0.0,30.0,1
8312.4,8432.64,120.24,1.67,94526,37.815459,-121.977203,2.0,115.55,241.0,1,72,2.0,2.0,2.0,2.0,0,2.0,2.0,59.0,0
1313.55,1833.92,520.37,30.61,95954,39.933852,-121.584371,0.0,76.65,572.0,0,17,0.0,0.0,0.0,2.0,0,2.0,0.0,7.0,1
3169.55,5491.35,2321.8,44.65,90077,34.102084,-118.451629,0.0,61.35,552.0,3,52,2.0,0.0,2.0,0.0,0,0.0,0.0,3.0,0
3077.0,3077.0,0.0,0.0,94015,37.680844,-122.48131,1.0,60.15,239.0,0,51,2.0,2.0,0.0,1.0,0,2.0,2.0,10.0,0
50.6,62.46,11.86,11.86,90621,33.874224,-117.993368,0.0,50.6,118.0,0,1,0.0,2.0,0.0,0.0,2,0.0,0.0,13.0,1
20.15,53.73,33.58,33.58,90024,34.066303,-118.435479,0.0,20.15,552.0,0,1,1.0,1.0,1.0,3.0,0,1.0,1.0,0.0,1
854.45,1445.45,591.0,49.25,92372,34.459322,-117.629729,1.0,75.85,757.0,0,12,2.0,0.0,0.0,1.0,0,0.0,2.0,47.0,0
77.15,77.15,0.0,0.0,90502,33.833181,-118.292062,0.0,40.4,999.0,0,2,2.0,0.0,2.0,1.0,0,2.0,0.0,8.0,1
7508.55,8761.11,1252.56,18.42,96061,40.331975,-121.460674,2.0,109.05,609.0,1,68,2.0,2.0,0.0,2.0,3,2.0,2.0,53.0,0
174.2,297.17,122.97,40.99,91750,34.144703,-117.770299,0.0,64.6,493.0,0,3,2.0,0.0,0.0,0.0,0,0.0,0.0,48.0,0
1013.2,1106.7,93.5,1.87,93621,36.789213,-119.140338,2.0,19.8,274.0,5,50,1.0,1.0,1.0,3.0,0,1.0,1.0,0.0,0
19.4,22.54,3.14,3.14,94005,37.684694,-122.40712,0.0,70.5,113.0,0,1,1.0,1.0,1.0,3.0,0,1.0,1.0,0.0,1
5464.65,6465.0,1000.35,17.55,92117,32.825086,-117.199424,2.0,95.25,852.0,0,57,0.0,0.0,0.0,2.0,0,2.0,2.0,15.0,1
908.15,2333.69,1425.54,30.99,91905,32.677097,-116.304991,2.0,19.2,105.0,0,46,1.0,1.0,1.0,3.0,0,1.0,1.0,0.0,0
937.5,1350.77,413.27,24.31,95674,38.954144,-121.482536,1.0,55.85,821.0,0,17,0.0,0.0,0.0,1.0,0,2.0,0.0,21.0,1
712.75,722.75,0.0,0.0,90027,34.127194,-118.295647,0.0,50.75,552.0,0,14,0.0,0.0,0.0,0.0,0,2.0,2.0,6.0,1
3580.3,3702.4,122.1,3.3,94590,38.104705,-122.247387,0.0,96.55,1025.0,0,37,0.0,0.0,0.0,2.0,0,0.0,0.0,2.0,1
100.35,250.65,150.3,25.05,90240,33.956228,-118.120993,2.0,20.1,266.0,4,6,1.0,1.0,1.0,3.0,1,1.0,1.0,0.0,0
2939.8,4077.19,1137.39,36.69,90201,33.970343,-118.171368,1.0,93.8,66.0,2,31,0.0,0.0,0.0,2.0,0,2.0,2.0,52.0,0
349.65,561.3,211.65,42.33,95742,38.591134,-121.161585,0.0,75.55,794.0,0,5,0.0,0.0,0.0,2.0,0,2.0,0.0,9.0,1
69.65,100.78,31.13,31.13,93662,36.545322,-119.642281,0.0,69.65,905.0,0,1,0.0,0.0,0.0,2.0,0,0.0,0.0,5.0,1
49.75,91.54,41.79,41.79,93305,35.391733,-118.984109,0.0,49.75,56.0,0,1,0.0,2.0,0.0,1.0,0,0.0,0.0,14.0,0
1826.7,2667.9,841.2,42.06,90265,34.074572,-118.831181,0.0,96.8,573.0,7,20,2.0,0.0,2.0,2.0,3,0.0,0.0,23.0,0
2249.1,2581.45,332.35,14.45,94941,37.901371,-122.572024,0.0,98.7,610.0,0,23,0.0,0.0,2.0,2.0,0,0.0,2.0,19.0,0
1582.75,1918.6,335.85,22.39,94014,37.691561,-122.445202,0.0,105.1,239.0,0,15,2.0,2.0,0.0,2.0,0,2.0,2.0,7.0,1
958.1,1934.6,976.5,23.25,90056,33.987945,-118.370442,1.0,20.65,552.0,0,42,1.0,1.0,1.0,3.0,0,1.0,1.0,0.0,0
50.75,93.78,43.03,43.03,91748,33.976753,-117.897367,0.0,50.75,836.0,0,1,0.0,0.0,2.0,1.0,0,0.0,0.0,3.0,1
85.45,108.42,22.97,22.97,93675,36.719141,-119.202677,0.0,85.45,946.0,0,1,0.0,0.0,0.0,2.0,0,2.0,0.0,23.0,1
3457.45,4695.88,1273.44,22.74,96014,41.388397,-122.794636,2.0,59.8,136.0,1,56,0.0,2.0,2.0,1.0,2,2.0,0.0,13.0,0
322.5,509.82,187.32,26.76,95246,38.264262,-120.515133,0.0,44.65,645.0,0,7,0.0,0.0,0.0,1.0,0,0.0,0.0,46.0,0
832.05,1276.14,456.9,45.69,94946,38.065359,-122.665566,0.0,84.7,664.0,0,10,0.0,2.0,0.0,2.0,0,0.0,0.0,18.0,1
7386.05,10461.38,3075.33,44.57,94710,37.872902,-122.303708,1.0,105.2,74.0,0,69,2.0,0.0,2.0,2.0,0,0.0,2.0,28.0,0
754.65,932.54,127.89,14.21,91303,34.19829,-118.602203,0.0,85.35,147.0,1,9,0.0,0.0,0.0,2.0,0,0.0,0.0,5.0,1
101.65,154.25,42.6,21.3,95225,38.183918,-120.898817,0.0,54.15,123.0,0,2,0.0,0.0,2.0,1.0,0,0.0,0.0,7.0,0
113.55,124.89,11.34,5.67,91301,34.129058,-118.759788,0.0,56.7,4.0,1,2,0.0,2.0,0.0,1.0,3,0.0,0.0,53.0,1
7922.75,11315.79,3263.04,45.32,93926,36.52588,-121.396719,2.0,110.9,373.0,5,72,2.0,0.0,2.0,2.0,1,2.0,2.0,11.0,0
2249.95,2708.38,458.43,21.83,96071,40.656287,-121.428965,0.0,106.1,696.0,1,21,2.0,0.0,0.0,2.0,0,2.0,2.0,59.0,1
4036.85,5544.45,1507.6,37.69,92241,33.832799,-116.250973,0.0,104.5,255.0,0,40,0.0,0.0,2.0,2.0,0,2.0,2.0,15.0,1
1066.9,1401.9,225.0,18.75,93954,36.125529,-120.864443,0.0,86.55,866.0,0,12,0.0,0.0,0.0,2.0,0,0.0,2.0,25.0,0
6717.9,7909.83,1191.93,17.79,92078,33.119028,-117.166036,2.0,105.65,868.0,8,67,2.0,0.0,0.0,2.0,3,2.0,2.0,22.0,0
1007.8,2503.63,1495.83,29.33,93033,34.156629,-119.117218,1.0,19.1,712.0,0,51,1.0,1.0,1.0,3.0,0,1.0,1.0,0.0,0
1131.2,1145.28,14.08,1.28,95355,37.672906,-120.946594,0.0,99.55,620.0,1,11,0.0,0.0,0.0,2.0,0,2.0,0.0,14.0,1
2983.65,2983.65,0.0,0.0,92780,33.735802,-117.818805,1.0,44.8,1013.0,1,68,0.0,2.0,2.0,1.0,2,0.0,0.0,19.0,0
5623.7,7979.48,2325.78,39.42,93637,36.902954,-120.194274,0.0,99.45,570.0,0,59,0.0,2.0,2.0,2.0,0,2.0,2.0,12.0,0
1637.4,1637.4,0.0,0.0,90029,34.089953,-118.294824,0.0,39.3,552.0,1,40,0.0,0.0,2.0,0.0,0,0.0,0.0,3.0,1
18.85,59.34,40.49,40.49,95984,40.022184,-121.062384,0.0,18.85,1014.0,0,1,1.0,1.0,1.0,3.0,0,1.0,1.0,0.0,1
876.15,997.72,136.74,3.18,91208,34.195386,-118.238508,2.0,19.55,366.0,0,43,1.0,1.0,1.0,3.0,0,1.0,1.0,0.0,0
2018.4,2542.77,524.37,15.89,94124,37.731505,-122.384532,2.0,61.05,855.0,3,33,2.0,2.0,2.0,1.0,0,0.0,0.0,52.0,0
610.75,1052.1,441.35,33.95,95569,40.363446,-123.835041,0.0,50.55,804.0,0,13,2.0,0.0,0.0,1.0,0,0.0,2.0,59.0,0
155.65,166.57,10.92,3.64,90013,34.044639,-118.240413,0.0,63.6,552.0,0,3,2.0,0.0,0.0,1.0,0,0.0,0.0,25.0,1
102.5,102.5,0.0,0.0,94602,37.803883,-122.208417,0.0,25.2,688.0,0,4,0.0,0.0,0.0,1.0,0,0.0,0.0,19.0,1
2656.3,3461.52,805.22,21.19,95340,37.255637,-120.493537,0.0,68.15,602.0,0,38,2.0,0.0,2.0,1.0,0,0.0,2.0,24.0,0
1852.85,2120.81,267.96,12.76,90501,33.833699,-118.314387,0.0,82.35,999.0,0,21,0.0,0.0,2.0,2.0,0,0.0,2.0,48.0,1
2088.75,3258.69,1169.94,34.41,92843,33.764018,-117.931507,1.0,64.4,355.0,0,34,2.0,2.0,2.0,1.0,0,0.0,0.0,4.0,1
5867.0,6890.0,1023.0,17.05,95324,37.394536,-120.890747,1.0,97.95,421.0,10,60,0.0,0.0,2.0,2.0,0,2.0,0.0,21.0,0
3527.6,3894.75,367.15,10.49,92701,33.748478,-117.858918,0.0,100.25,881.0,0,35,0.0,0.0,0.0,2.0,0,2.0,2.0,17.0,1
20.1,36.91,16.81,16.81,92028,33.362575,-117.299644,0.0,20.1,315.0,0,1,1.0,1.0,1.0,3.0,0,1.0,1.0,0.0,1
1158.85,1843.83,684.98,11.81,96085,41.737962,-123.07557,2.0,19.85,898.0,9,58,1.0,1.0,1.0,3.0,3,1.0,1.0,0.0,0
1893.95,2180.15,286.2,10.6,94588,37.685052,-121.912061,0.0,75.5,771.0,1,27,0.0,0.0,0.0,2.0,0,0.0,0.0,23.0,1
5497.05,6191.88,694.83,12.19,92266,33.3249,-114.758334,0.0,70.5,725.0,0,57,0.0,2.0,0.0,2.0,0,0.0,2.0,16.0,0
418.8,438.8,0.0,0.0,90262,33.923573,-118.200669,0.0,45.4,565.0,0,9,0.0,0.0,0.0,0.0,0,0.0,2.0,20.0,1
816.8,1176.8,360.0,40.0,96108,41.750354,-120.403885,0.0,90.1,245.0,0,9,0.0,0.0,0.0,2.0,0,2.0,0.0,4.0,0
3361.05,3977.83,516.78,15.66,91977,32.726627,-116.994608,1.0,103.75,944.0,1,33,2.0,2.0,0.0,2.0,0,2.0,2.0,24.0,1
3734.25,5535.07,1800.82,47.39,95920,39.449794,-121.936372,0.0,99.55,124.0,0,38,2.0,0.0,0.0,2.0,0,0.0,0.0,2.0,1
84.5,184.12,99.62,49.81,91352,34.231053,-118.338307,0.0,70.5,965.0,0,2,0.0,0.0,0.0,1.0,0,0.0,2.0,41.0,1
672.2,1886.28,1214.08,43.36,92630,33.644849,-117.684254,1.0,25.55,502.0,7,28,1.0,1.0,1.0,3.0,0,1.0,1.0,0.0,0
7711.25,8735.35,1024.1,14.63,93004,34.278697,-119.167798,2.0,114.95,1033.0,0,70,2.0,2.0,2.0,2.0,0,2.0,2.0,30.0,0
6705.7,6906.04,200.34,3.18,93254,34.956577,-119.750142,2.0,110.1,656.0,8,63,2.0,2.0,2.0,2.0,0,2.0,2.0,15.0,0
3532.85,5050.96,1518.11,41.03,93012,34.205504,-118.993111,0.0,95.15,138.0,2,37,0.0,0.0,2.0,2.0,1,2.0,2.0,15.0,0
58.15,103.51,45.36,15.12,96130,40.559177,-120.612113,0.0,19.8,971.0,0,3,1.0,1.0,1.0,3.0,0,1.0,1.0,0.0,1
1334.5,2536.74,1202.24,23.12,95653,38.674276,-121.961866,2.0,25.6,571.0,0,52,1.0,1.0,1.0,3.0,1,1.0,1.0,0.0,0
2419.0,3010.85,591.85,16.91,93940,36.362741,-121.869685,0.0,70.55,628.0,0,35,0.0,0.0,0.0,2.0,0,0.0,0.0,30.0,0
5979.7,8697.8,2718.1,38.83,90601,34.007353,-118.033683,2.0,84.1,1069.0,4,70,2.0,0.0,2.0,1.0,3,2.0,2.0,24.0,0
5971.25,7038.14,1066.89,17.49,90732,33.744119,-118.31448,2.0,101.05,874.0,2,61,0.0,0.0,2.0,2.0,0,0.0,2.0,21.0,0
1207.0,1816.96,609.96,35.88,93215,35.772244,-119.209689,0.0,70.8,250.0,0,17,0.0,0.0,0.0,2.0,0,0.0,0.0,52.0,0
1337.5,2128.93,791.43,11.47,92009,33.098018,-117.258203,2.0,20.15,156.0,6,69,1.0,1.0,1.0,3.0,3,1.0,1.0,0.0,0
21.0,37.66,16.66,16.66,91605,34.207295,-118.400022,0.0,21.0,674.0,1,1,1.0,1.0,1.0,3.0,0,1.0,1.0,0.0,1
346.4,417.7,71.3,14.26,94304,37.386978,-122.177746,0.0,70.05,723.0,0,5,0.0,0.0,0.0,1.0,0,2.0,2.0,26.0,1
233.7,261.36,27.66,9.22,92122,32.85723,-117.209774,0.0,81.35,852.0,0,3,0.0,0.0,2.0,2.0,0,0.0,0.0,14.0,1
24.05,44.31,20.26,20.26,93306,35.449881,-118.841442,0.0,24.05,56.0,0,1,1.0,1.0,1.0,3.0,0,1.0,1.0,0.0,1
127.1,227.52,90.42,30.14,92028,33.362575,-117.299644,0.0,45.0,315.0,0,3,0.0,0.0,0.0,1.0,0,0.0,0.0,6.0,1
74.7,86.04,11.34,11.34,95949,39.099204,-121.137962,0.0,74.7,378.0,0,1,0.0,0.0,0.0,2.0,0,0.0,0.0,20.0,1
706.85,706.85,0.0,0.0,93706,36.654614,-119.903674,0.0,54.45,349.0,1,13,2.0,2.0,0.0,0.0,0,0.0,2.0,71.0,1
2917.5,4603.51,1579.9,45.14,94579,37.687264,-122.15728,0.0,85.3,864.0,0,35,2.0,0.0,2.0,2.0,0,0.0,2.0,41.0,1
198.1,297.1,99.0,8.25,95461,38.787446,-122.58675,0.0,19.4,605.0,0,12,1.0,1.0,1.0,3.0,1,1.0,1.0,0.0,0
8297.5,10237.91,1872.98,26.38,92708,33.712036,-117.950113,2.0,116.05,342.0,5,71,2.0,2.0,2.0,2.0,1,2.0,2.0,18.0,0
226.45,226.45,0.0,0.0,91104,34.165383,-118.123752,0.0,30.45,732.0,0,8,0.0,2.0,0.0,0.0,0,0.0,0.0,4.0,1
1752.55,1910.88,203.94,11.33,90065,34.108833,-118.229715,0.0,95.45,552.0,0,18,0.0,0.0,0.0,2.0,3,0.0,2.0,52.0,1
308.7,421.14,112.44,28.11,91331,34.255442,-118.421314,0.0,74.95,716.0,1,4,0.0,0.0,0.0,2.0,0,0.0,0.0,27.0,1
185.55,203.27,17.72,8.86,94947,38.112166,-122.634384,0.0,89.55,679.0,1,2,0.0,0.0,0.0,2.0,0,0.0,2.0,23.0,1
692.1,1185.85,493.75,19.75,93245,36.303666,-119.825657,2.0,24.75,524.0,0,25,1.0,1.0,1.0,3.0,0,1.0,1.0,0.0,1
3990.75,5547.91,1557.16,35.39,95832,38.445939,-121.496855,1.0,89.15,838.0,0,44,0.0,0.0,2.0,2.0,0,2.0,2.0,19.0,0
147.15,239.61,92.46,46.23,91731,34.079934,-118.046695,0.0,70.4,289.0,1,2,0.0,0.0,0.0,2.0,0,0.0,0.0,21.0,1
7856.0,9465.56,1609.56,23.67,93060,34.402343,-119.094824,2.0,113.15,890.0,1,68,2.0,2.0,2.0,2.0,0,2.0,2.0,22.0,1
536.4,799.2,262.8,43.8,93013,34.441398,-119.513163,0.0,93.55,162.0,0,6,0.0,0.0,0.0,2.0,0,0.0,2.0,5.0,1
4837.6,7120.87,2283.27,44.77,92028,33.362575,-117.299644,1.0,94.8,315.0,0,51,0.0,2.0,2.0,2.0,0,0.0,2.0,58.0,1
181.65,257.85,66.2,33.1,90034,34.030578,-118.399613,1.0,95.5,552.0,10,2,0.0,0.0,0.0,2.0,0,2.0,0.0,11.0,0
3435.6,4253.04,817.44,17.03,95240,38.123544,-121.159078,1.0,69.55,539.0,3,48,2.0,0.0,0.0,1.0,0,2.0,2.0,15.0,0
433.75,651.75,218.0,10.9,92019,32.785165,-116.862648,1.0,19.35,284.0,0,20,1.0,1.0,1.0,3.0,0,1.0,1.0,0.0,0
2665.0,4220.84,1555.84,48.62,91762,34.057256,-117.667677,2.0,79.5,700.0,0,32,0.0,0.0,0.0,2.0,0,0.0,0.0,12.0,0
272.95,515.85,261.45,17.43,95991,39.02741,-121.614982,0.0,19.8,1099.0,4,15,1.0,1.0,1.0,3.0,1,1.0,1.0,0.0,0
816.8,1326.4,509.6,39.2,95122,37.32886,-121.834567,0.0,63.15,861.0,3,13,0.0,2.0,0.0,0.0,3,2.0,2.0,25.0,0
732.5,1009.7,277.2,30.8,95692,39.043387,-121.409837,0.0,84.4,1066.0,0,9,0.0,0.0,0.0,2.0,0,0.0,0.0,18.0,1
442.85,493.57,50.72,12.68,95668,38.833554,-121.498102,0.0,99.8,769.0,0,4,0.0,0.0,2.0,2.0,0,2.0,2.0,10.0,1
3092.65,3454.45,361.8,6.7,92582,33.806708,-117.02007,0.0,55.0,859.0,0,54,0.0,0.0,2.0,0.0,2,0.0,0.0,16.0,1
1783.75,2132.89,349.14,15.18,94599,38.421458,-122.365048,0.0,79.1,1097.0,0,23,2.0,0.0,2.0,2.0,0,0.0,0.0,46.0,0
1588.75,1957.25,305.8,15.29,92154,32.578103,-117.012975,1.0,76.0,852.0,7,20,0.0,2.0,0.0,0.0,3,0.0,2.0,59.0,0
7674.55,10756.15,2931.6,41.88,93465,35.536115,-120.739231,1.0,109.5,986.0,1,70,2.0,0.0,2.0,2.0,0,2.0,2.0,59.0,1
1107.2,2578.8,1471.6,28.3,90302,33.975332,-118.355252,2.0,21.0,446.0,0,52,1.0,1.0,1.0,3.0,0,1.0,1.0,0.0,0
6613.65,9400.55,2786.9,44.95,91762,34.057256,-117.667677,1.0,104.3,700.0,5,62,2.0,2.0,0.0,2.0,0,2.0,2.0,5.0,0
3351.55,4710.14,1392.32,43.51,95222,38.071327,-120.632221,0.0,104.9,25.0,1,32,2.0,0.0,0.0,2.0,0,2.0,0.0,22.0,1
1714.95,4875.91,3160.96,49.39,90019,34.049841,-118.33846,2.0,25.55,552.0,9,64,1.0,1.0,1.0,3.0,0,1.0,1.0,0.0,0
1077.05,1584.84,507.79,29.87,94549,37.907777,-122.127161,0.0,66.7,495.0,1,17,2.0,0.0,2.0,1.0,3,2.0,0.0,53.0,0
1033.0,1897.5,894.0,17.88,95962,39.342587,-121.249833,1.0,19.35,704.0,0,50,1.0,1.0,1.0,3.0,0,1.0,1.0,0.0,0
2847.4,3116.76,269.36,9.62,93624,36.397745,-120.119911,1.0,106.1,326.0,1,28,0.0,2.0,2.0,2.0,0,0.0,2.0,24.0,1
20.75,57.03,36.28,36.28,94618,37.84551,-122.235181,0.0,20.75,688.0,0,1,1.0,1.0,1.0,3.0,0,1.0,1.0,0.0,0
216.2,709.88,493.68,44.88,92056,33.194742,-117.29032,0.0,19.7,692.0,0,11,1.0,1.0,1.0,3.0,1,1.0,1.0,0.0,0
293.3,293.3,0.0,0.0,94596,37.900662,-122.052782,0.0,40.1,1043.0,0,7,0.0,0.0,2.0,1.0,0,0.0,2.0,19.0,1
2276.1,2252.6,0.0,0.0,95838,38.646096,-121.442433,1.0,70.5,838.0,9,52,0.0,2.0,0.0,1.0,2,2.0,2.0,19.0,0
4220.35,5107.59,887.24,21.64,91950,32.67102,-117.095235,2.0,99.65,652.0,0,41,2.0,0.0,2.0,2.0,0,0.0,2.0,59.0,0
50.45,60.18,9.73,9.73,92027,33.141265,-116.967221,0.0,50.45,305.0,1,1,0.0,0.0,0.0,1.0,2,2.0,0.0,29.0,1
7553.6,10729.2,3175.6,46.7,95640,38.33788,-120.954202,2.0,110.8,448.0,2,68,0.0,2.0,2.0,2.0,0,2.0,2.0,14.0,0
4619.55,5694.12,1074.57,21.07,91730,34.10097,-117.57882,1.0,93.5,795.0,2,51,0.0,2.0,2.0,2.0,0,2.0,0.0,46.0,0
1253.15,2069.57,816.42,37.11,94517,37.881842,-121.848111,0.0,55.1,193.0,0,22,2.0,2.0,0.0,1.0,0,0.0,0.0,15.0,0
2239.65,2815.45,575.8,28.79,95497,38.696659,-123.436861,0.0,105.85,989.0,3,20,0.0,0.0,2.0,2.0,0,2.0,2.0,16.0,1
2490.15,2667.25,177.1,5.06,95322,37.147198,-121.120161,2.0,69.15,397.0,0,35,2.0,2.0,2.0,0.0,0,2.0,0.0,20.0,0
2184.35,2184.35,0.0,0.0,90405,34.005439,-118.477507,0.0,55.9,889.0,3,39,0.0,2.0,0.0,1.0,0,2.0,2.0,13.0,1
1093.1,1782.45,689.35,40.55,90032,34.078821,-118.177576,0.0,64.7,552.0,0,17,0.0,0.0,0.0,0.0,0,0.0,2.0,41.0,1
2200.25,3009.17,808.92,38.52,90059,33.927254,-118.249826,0.0,104.4,552.0,1,21,0.0,2.0,0.0,2.0,0,2.0,2.0,59.0,1
3626.1,5020.5,1394.4,39.84,96052,40.704293,-122.803899,1.0,102.35,525.0,0,35,0.0,0.0,2.0,2.0,0,2.0,2.0,48.0,1
25.25,25.25,0.0,0.0,92084,33.22784,-117.200024,0.0,25.25,1039.0,0,1,0.0,0.0,0.0,1.0,0,0.0,0.0,15.0,1
1165.6,1875.86,710.26,41.78,94103,37.773147,-122.411287,0.0,70.5,855.0,0,17,0.0,0.0,0.0,2.0,0,0.0,0.0,16.0,0
5614.45,7178.85,1464.4,26.15,92707,33.714829,-117.872941,1.0,100.3,881.0,2,56,0.0,0.0,2.0,2.0,0,0.0,2.0,7.0,1
416.45,557.03,140.58,15.62,92108,32.774046,-117.142454,0.0,45.15,852.0,0,9,0.0,0.0,0.0,1.0,0,0.0,0.0,2.0,1
88.8,148.4,49.6,49.6,96084,40.923558,-122.059933,0.0,88.8,835.0,0,1,0.0,0.0,0.0,2.0,0,2.0,0.0,20.0,1
3874.1,5125.35,1251.25,19.25,95123,37.238758,-121.828375,1.0,61.35,861.0,0,65,0.0,2.0,2.0,1.0,2,2.0,0.0,19.0,0
487.75,861.99,374.24,46.78,94087,37.3511,-122.037311,0.0,60.0,967.0,0,8,0.0,2.0,0.0,1.0,0,0.0,0.0,24.0,0
49.25,57.63,8.38,8.38,95655,38.549822,-121.266725,0.0,49.25,587.0,3,1,2.0,0.0,0.0,1.0,1,0.0,0.0,19.0,1
332.45,501.77,169.32,42.33,95815,38.608405,-121.449942,0.0,80.8,838.0,0,4,2.0,0.0,0.0,2.0,0,0.0,2.0,76.0,1
1474.9,2169.7,694.8,23.16,96008,40.722733,-122.109666,0.0,50.0,67.0,10,30,0.0,0.0,0.0,1.0,0,2.0,0.0,6.0,0
7943.45,11169.77,3226.32,44.81,93066,34.297628,-119.014627,2.0,111.65,932.0,0,72,2.0,0.0,2.0,2.0,0,2.0,0.0,14.0,0
2964.8,4396.24,1431.44,49.36,91506,34.169706,-118.323548,0.0,103.95,119.0,1,29,0.0,0.0,0.0,2.0,1,2.0,0.0,19.0,0
8468.2,10682.2,2214.0,30.75,92311,34.965648,-117.001509,2.0,114.05,61.0,5,72,2.0,2.0,2.0,2.0,0,2.0,2.0,3.0,0
868.5,1065.13,146.63,13.33,92130,32.957195,-117.202542,0.0,79.5,852.0,1,11,0.0,0.0,0.0,2.0,0,0.0,0.0,19.0,1
4273.45,5062.63,789.18,18.79,92120,32.807867,-117.060993,0.0,101.75,852.0,0,42,0.0,0.0,2.0,2.0,0,0.0,2.0,16.0,1
1240.25,1240.25,0.0,0.0,92211,33.762759,-116.324817,0.0,54.15,720.0,0,24,0.0,0.0,2.0,1.0,0,2.0,2.0,52.0,1
25.3,35.3,0.0,0.0,92121,32.898613,-117.202937,0.0,25.3,852.0,0,1,0.0,0.0,0.0,0.0,3,0.0,0.0,51.0,1
903.6,903.6,0.0,0.0,92506,33.930931,-117.361788,1.0,43.75,827.0,0,22,0.0,0.0,2.0,1.0,0,2.0,2.0,16.0,1
58.85,132.74,73.89,24.63,95664,38.803731,-121.043799,0.0,19.75,752.0,0,3,1.0,1.0,1.0,3.0,0,1.0,1.0,0.0,1
129.6,129.6,0.0,0.0,91790,34.066964,-117.937007,0.0,29.05,1056.0,2,4,0.0,2.0,0.0,1.0,0,0.0,0.0,13.0,0
3655.45,4294.37,568.92,17.24,94542,37.656695,-122.048361,0.0,110.45,408.0,0,33,2.0,0.0,2.0,2.0,0,2.0,2.0,25.0,1
4993.4,6610.08,1616.68,31.09,95938,39.607831,-121.777959,0.0,98.15,277.0,6,52,0.0,2.0,2.0,2.0,1,2.0,2.0,28.0,0
7882.25,9023.45,1141.2,15.85,93512,37.653947,-118.231443,2.0,110.8,73.0,8,72,2.0,0.0,2.0,2.0,0,2.0,0.0,2.0,0
75.75,84.1,8.35,8.35,92027,33.141265,-116.967221,0.0,75.75,305.0,0,1,0.0,0.0,0.0,2.0,0,0.0,0.0,23.0,1
1558.7,2158.04,599.34,28.54,91962,32.800671,-116.483363,0.0,73.7,754.0,0,21,0.0,0.0,0.0,2.0,0,0.0,2.0,42.0,0
1432.55,4104.47,2671.92,37.11,95446,38.52576,-123.013347,2.0,20.55,395.0,5,72,1.0,1.0,1.0,3.0,1,1.0,1.0,0.0,0
70.45,85.73,15.28,15.28,90720,33.79499,-118.065591,0.0,70.45,549.0,1,1,0.0,0.0,0.0,2.0,2,0.0,0.0,30.0,1
5794.45,7921.89,2127.44,37.99,90292,33.977468,-118.445475,0.0,105.35,581.0,0,56,2.0,2.0,0.0,2.0,0,0.0,2.0,24.0,0
6094.25,6963.69,872.64,12.12,92881,33.833686,-117.513063,2.0,70.5,217.0,1,72,2.0,2.0,0.0,0.0,0,2.0,2.0,23.0,0
4779.45,6068.94,1289.49,24.33,96061,40.331975,-121.460674,0.0,92.55,609.0,5,53,2.0,0.0,2.0,2.0,2,0.0,0.0,52.0,0
145.4,162.4,17.0,8.5,91744,34.031441,-117.936436,0.0,73.55,491.0,1,2,0.0,0.0,2.0,2.0,0,0.0,2.0,59.0,1
819.55,845.71,26.16,3.27,95993,39.075694,-121.70606,0.0,100.85,1099.0,0,8,0.0,0.0,2.0,2.0,0,0.0,2.0,6.0,1
73.65,113.53,39.88,39.88,92590,33.475493,-117.219551,0.0,73.65,984.0,0,1,0.0,0.0,0.0,2.0,0,0.0,0.0,19.0,1
1519.0,4297.2,2778.2,47.9,93422,35.453912,-120.69461,2.0,24.7,44.0,0,58,1.0,1.0,1.0,3.0,0,1.0,1.0,0.0,0
1971.15,2124.42,153.27,3.93,95307,37.553469,-120.952825,2.0,49.8,178.0,0,39,2.0,0.0,0.0,1.0,0,0.0,0.0,15.0,0
23.45,23.45,0.0,0.0,95121,37.304681,-121.809955,0.0,23.45,861.0,3,1,0.0,0.0,0.0,1.0,0,0.0,0.0,21.0,1
231.8,322.55,90.75,30.25,94402,37.556634,-122.317723,0.0,76.05,871.0,0,3,0.0,0.0,0.0,2.0,0,0.0,0.0,28.0,1
3692.85,3867.57,174.72,4.48,93656,36.452211,-119.94575,1.0,95.55,826.0,0,39,2.0,2.0,0.0,2.0,0,2.0,2.0,71.0,1
2841.55,3838.7,997.15,26.95,96007,40.448632,-122.306657,0.0,76.25,24.0,0,37,0.0,0.0,0.0,2.0,0,0.0,0.0,17.0,1
2896.4,4524.08,1627.68,33.91,95405,38.439696,-122.668817,1.0,60.35,891.0,0,48,2.0,2.0,0.0,1.0,0,2.0,0.0,13.0,1
1527.35,1773.05,245.7,13.65,93618,36.523619,-119.386868,0.0,90.0,259.0,0,18,0.0,0.0,2.0,2.0,0,0.0,0.0,5.0,1
56.25,82.39,26.14,26.14,96069,40.689243,-122.037023,0.0,56.25,684.0,0,1,0.0,0.0,0.0,1.0,0,0.0,2.0,22.0,1
392.65,621.1,228.45,45.69,95830,38.490508,-121.284171,0.0,75.15,838.0,0,5,2.0,0.0,0.0,0.0,0,2.0,2.0,4.0,0
947.3,1457.9,510.6,42.55,90717,33.794209,-118.317354,0.0,78.1,543.0,0,12,0.0,0.0,0.0,2.0,0,0.0,2.0,18.0,1
914.0,1421.5,507.5,36.25,93465,35.536115,-120.739231,0.0,71.0,986.0,0,14,0.0,0.0,0.0,2.0,0,0.0,0.0,52.0,1
128.6,233.78,105.18,17.53,92507,33.976328,-117.319786,0.0,19.55,827.0,0,6,1.0,1.0,1.0,3.0,1,1.0,1.0,0.0,0
2354.8,4110.78,1755.98,46.21,91010,34.145695,-117.95982,1.0,62.3,269.0,0,38,2.0,0.0,0.0,0.0,0,2.0,2.0,14.0,1
7250.15,8103.45,853.3,12.19,93641,36.696759,-119.024051,2.0,104.0,616.0,0,70,2.0,2.0,0.0,2.0,0,0.0,2.0,42.0,1
5436.45,6103.85,667.4,9.4,91915,32.605012,-116.97595,2.0,76.05,189.0,6,71,0.0,0.0,0.0,2.0,1,2.0,0.0,10.0,0
318.5,468.75,150.25,30.05,92109,32.787836,-117.232376,0.0,69.05,852.0,0,5,0.0,0.0,0.0,2.0,0,0.0,0.0,11.0,1
70.9,110.71,39.81,39.81,93021,34.312945,-118.858169,0.0,70.9,632.0,0,1,0.0,0.0,0.0,2.0,0,0.0,0.0,23.0,1
3713.95,4739.95,1026.0,22.8,94089,37.421633,-122.009613,0.0,84.55,967.0,8,45,0.0,2.0,0.0,2.0,0,2.0,0.0,15.0,0
20.75,28.32,7.57,7.57,91325,34.236683,-118.517588,0.0,20.75,677.0,0,1,1.0,1.0,1.0,3.0,1,1.0,1.0,0.0,0
253.8,349.09,95.29,7.33,95409,38.468893,-122.580539,1.0,19.95,891.0,0,13,1.0,1.0,1.0,3.0,0,1.0,1.0,0.0,0
4889.2,6230.82,1341.62,27.38,90402,34.035849,-118.503508,0.0,98.35,889.0,7,49,0.0,0.0,2.0,2.0,3,0.0,2.0,57.0,0
521.3,528.2,6.9,1.15,92109,32.787836,-117.232376,0.0,90.1,852.0,0,6,0.0,0.0,2.0,2.0,0,0.0,0.0,3.0,1
98.5,111.44,12.94,6.47,95828,38.486938,-121.395805,0.0,45.15,838.0,0,2,0.0,0.0,0.0,1.0,0,0.0,0.0,21.0,1
6585.35,9462.27,2876.92,40.52,95562,40.485849,-124.163234,2.0,93.7,818.0,2,71,0.0,0.0,0.0,2.0,0,0.0,2.0,17.0,1
1729.35,2832.1,1002.75,40.11,94591,38.105733,-122.186338,0.0,69.75,1025.0,0,25,0.0,0.0,0.0,2.0,0,0.0,0.0,18.0,0
2697.4,3732.18,1034.78,33.38,91040,34.282704,-118.312929,0.0,86.55,966.0,0,31,0.0,0.0,0.0,2.0,0,0.0,0.0,27.0,1
333.55,500.43,166.88,41.72,96073,40.582399,-122.195512,0.0,84.05,724.0,0,4,0.0,0.0,2.0,2.0,0,2.0,2.0,69.0,1
4759.55,5913.47,1153.92,18.03,95961,39.082568,-121.55325,2.0,74.35,698.0,2,64,2.0,2.0,2.0,0.0,0,2.0,2.0,42.0,0
69.6,115.81,46.21,46.21,92027,33.141265,-116.967221,0.0,69.6,305.0,0,1,0.0,0.0,0.0,2.0,0,0.0,2.0,58.0,1
6028.95,8293.14,2264.19,31.89,95140,37.382909,-121.634151,1.0,85.45,640.0,0,71,0.0,2.0,2.0,2.0,1,0.0,0.0,30.0,0
663.55,1045.24,381.69,42.41,90015,34.039224,-118.266293,0.0,76.85,552.0,0,9,0.0,0.0,0.0,2.0,0,0.0,0.0,8.0,0
1028.75,1770.29,741.54,14.54,92027,33.141265,-116.967221,2.0,19.95,305.0,10,51,1.0,1.0,1.0,3.0,1,1.0,1.0,0.0,0
1863.8,1898.05,34.25,1.37,95131,37.387027,-121.897775,1.0,74.3,861.0,0,25,2.0,2.0,2.0,1.0,0,2.0,0.0,21.0,1
50.1,96.59,46.49,46.49,94937,38.099323,-122.945723,0.0,50.1,447.0,0,1,0.0,0.0,0.0,1.0,0,0.0,0.0,14.0,1
69.55,99.33,29.78,29.78,92327,34.875144,-116.821698,0.0,69.55,238.0,0,1,0.0,0.0,0.0,2.0,0,0.0,0.0,13.0,1
1453.1,1453.1,0.0,0.0,93245,36.303666,-119.825657,0.0,30.2,524.0,0,49,0.0,0.0,0.0,0.0,0,2.0,0.0,58.0,0
405.7,766.37,366.57,40.73,92704,33.719869,-117.907063,0.0,43.75,881.0,0,9,0.0,0.0,0.0,1.0,0,0.0,0.0,29.0,0
3184.25,3184.25,0.0,0.0,91737,34.245289,-117.642503,1.0,60.45,795.0,1,53,2.0,0.0,2.0,1.0,0,2.0,2.0,13.0,1
1070.15,2387.67,1317.52,30.64,95046,37.084697,-121.606417,2.0,25.1,870.0,0,43,1.0,1.0,1.0,3.0,3,1.0,1.0,0.0,0
76.45,90.29,3.84,3.84,92121,32.898613,-117.202937,0.0,76.45,852.0,0,1,0.0,0.0,0.0,2.0,0,0.0,0.0,13.0,1
2452.7,2452.7,0.0,0.0,95624,38.434138,-121.30587,0.0,41.05,297.0,1,59,0.0,0.0,2.0,1.0,0,0.0,2.0,69.0,1
1359.45,1494.63,135.18,7.51,92536,33.482243,-116.827173,2.0,73.55,5.0,0,18,0.0,0.0,2.0,2.0,0,0.0,0.0,24.0,0
5535.8,7940.06,2404.26,42.18,92352,34.2565,-117.19335,1.0,95.0,500.0,3,57,0.0,0.0,2.0,2.0,2,0.0,2.0,22.0,0
2656.5,3751.77,1095.27,33.19,94566,37.633361,-121.862395,0.0,80.6,771.0,1,33,0.0,0.0,2.0,0.0,0,0.0,0.0,15.0,1
93.7,93.7,0.0,0.0,95982,39.172777,-121.805845,0.0,36.45,972.0,1,3,0.0,0.0,0.0,1.0,0,0.0,0.0,20.0,1
1315.0,1315.0,0.0,0.0,95230,37.956963,-120.863055,2.0,36.65,317.0,0,37,0.0,0.0,2.0,1.0,0,2.0,0.0,29.0,0
1597.25,2111.87,514.62,28.59,92126,32.886925,-117.152162,0.0,90.7,852.0,0,18,0.0,0.0,0.0,2.0,0,2.0,2.0,26.0,1
3243.45,3342.07,115.63,3.73,95350,37.671806,-121.007575,0.0,104.2,620.0,4,31,2.0,0.0,0.0,2.0,0,2.0,2.0,13.0,1
6579.05,6962.65,383.6,5.48,93040,34.432843,-118.730106,2.0,93.9,760.0,1,70,2.0,2.0,2.0,2.0,0,2.0,0.0,14.0,1
3862.55,5630.03,1767.48,40.17,91754,34.050322,-118.147037,0.0,84.8,629.0,0,44,0.0,0.0,2.0,2.0,0,2.0,0.0,6.0,1
2231.05,2617.45,386.4,16.1,92122,32.85723,-117.209774,0.0,93.15,852.0,1,24,0.0,0.0,0.0,0.0,0,2.0,2.0,12.0,1
1914.9,2746.5,831.6,37.8,95642,38.336216,-120.76901,0.0,94.7,452.0,7,22,0.0,0.0,0.0,2.0,0,2.0,2.0,15.0,1
39.65,59.65,0.0,0.0,90022,34.02381,-118.156582,0.0,39.65,552.0,0,1,0.0,0.0,0.0,1.0,0,2.0,0.0,8.0,1
1266.1,1424.44,158.34,11.31,94904,37.946617,-122.563571,0.0,90.45,381.0,0,14,0.0,0.0,0.0,2.0,0,0.0,0.0,24.0,1
45.6,83.04,37.44,37.44,92845,33.782955,-118.026456,0.0,45.6,355.0,0,1,0.0,0.0,0.0,1.0,0,0.0,0.0,9.0,0
19.45,68.41,48.96,48.96,95545,40.342928,-124.063329,0.0,19.45,426.0,0,1,1.0,1.0,1.0,3.0,0,1.0,1.0,0.0,1
1267.05,3442.6,2175.55,33.47,96059,40.426679,-121.850421,2.0,19.85,578.0,5,65,1.0,1.0,1.0,3.0,1,1.0,1.0,0.0,0
412.5,602.45,219.95,43.99,94945,38.135897,-122.563683,0.0,80.0,679.0,0,5,0.0,0.0,0.0,2.0,0,0.0,2.0,42.0,1
331.6,923.95,592.35,39.49,92128,33.000269,-117.072093,2.0,19.6,852.0,0,15,1.0,1.0,1.0,3.0,0,1.0,1.0,0.0,0
3139.8,3139.8,0.0,0.0,91362,34.191842,-118.822796,2.0,45.25,992.0,11,72,2.0,2.0,2.0,1.0,0,2.0,0.0,17.0,0
24.25,24.25,0.0,0.0,93262,36.527243,-118.594938,0.0,24.25,906.0,0,1,0.0,0.0,0.0,1.0,0,0.0,0.0,7.0,1
609.9,993.18,383.28,47.91,92109,32.787836,-117.232376,0.0,74.5,852.0,1,8,0.0,2.0,0.0,2.0,0,0.0,0.0,23.0,1
106.55,156.21,49.66,24.83,92028,33.362575,-117.299644,0.0,49.4,315.0,0,2,0.0,0.0,0.0,0.0,0,0.0,2.0,52.0,1
19.75,31.66,11.91,11.91,94608,37.83726,-122.287648,0.0,19.75,300.0,0,1,1.0,1.0,1.0,3.0,3,1.0,1.0,0.0,1
196.95,356.55,159.6,39.9,91105,34.13946,-118.166649,0.0,45.3,732.0,0,4,0.0,0.0,0.0,0.0,0,0.0,0.0,20.0,1
7039.45,8133.57,1094.12,16.09,94132,37.722302,-122.491129,2.0,103.75,855.0,6,68,2.0,0.0,2.0,2.0,3,0.0,2.0,53.0,0
2460.55,2460.55,0.0,0.0,92091,32.99356,-117.207121,2.0,45.2,798.0,0,54,2.0,2.0,0.0,0.0,0,0.0,0.0,10.0,0
5999.85,8713.47,2713.62,38.22,92692,33.60693,-117.644253,2.0,82.0,619.0,0,71,2.0,2.0,0.0,1.0,0,2.0,2.0,23.0,0
3067.2,3954.96,887.76,24.66,95686,38.157794,-121.520223,0.0,84.9,991.0,0,36,0.0,0.0,0.0,2.0,0,0.0,2.0,22.0,1
7149.35,10509.91,3360.56,49.42,91723,34.084747,-117.886844,2.0,102.1,227.0,0,68,0.0,2.0,2.0,2.0,0,2.0,2.0,7.0,0
3008.15,3409.37,341.22,10.34,95463,39.182916,-123.552571,0.0,95.0,653.0,1,33,2.0,0.0,0.0,2.0,0,2.0,2.0,22.0,0
346.4,417.7,71.3,14.26,94304,37.386978,-122.177746,0.0,70.05,723.0,0,5,0.0,0.0,0.0,1.0,0,2.0,2.0,26.0,1
4025.6,5717.1,1591.5,31.83,93727,36.751489,-119.68072,1.0,75.5,349.0,1,50,2.0,2.0,0.0,0.0,1,0.0,2.0,47.0,0
20.15,47.74,27.59,27.59,92398,35.013299,-116.834092,0.0,20.15,1094.0,0,1,1.0,1.0,1.0,3.0,0,1.0,1.0,0.0,0
21.0,37.66,16.66,16.66,91605,34.207295,-118.400022,0.0,21.0,674.0,1,1,1.0,1.0,1.0,3.0,0,1.0,1.0,0.0,1
6529.25,7140.21,500.96,8.08,94535,38.265899,-121.939461,1.0,102.0,1004.0,0,62,2.0,2.0,2.0,2.0,0,0.0,2.0,21.0,1
7849.85,10065.97,2216.12,32.59,94805,37.941456,-122.320968,2.0,114.7,816.0,5,68,2.0,2.0,2.0,2.0,1,2.0,2.0,24.0,0
1077.95,1198.78,120.83,2.81,92626,33.678591,-117.905471,2.0,24.25,221.0,4,43,1.0,1.0,1.0,3.0,2,1.0,1.0,0.0,0
6281.45,9069.15,2787.7,45.7,94523,37.95338,-122.076886,0.0,105.55,770.0,1,61,0.0,0.0,2.0,2.0,0,2.0,2.0,24.0,1
3655.45,4294.37,568.92,17.24,94542,37.656695,-122.048361,0.0,110.45,408.0,0,33,2.0,0.0,2.0,2.0,0,2.0,2.0,25.0,1
134.05,178.51,44.46,22.23,92304,34.559882,-115.637164,0.0,84.05,22.0,9,2,0.0,0.0,0.0,2.0,0,0.0,0.0,13.0,0
1111.85,1754.3,642.45,42.83,95374,37.316807,-120.855753,0.0,79.75,951.0,0,15,0.0,0.0,2.0,2.0,0,0.0,0.0,21.0,1
201.1,241.02,39.92,9.98,92676,33.782346,-117.635263,0.0,51.75,920.0,0,4,0.0,0.0,0.0,1.0,0,0.0,0.0,13.0,1
3582.4,3582.4,0.0,0.0,92337,34.049671,-117.468896,0.0,60.2,329.0,10,60,2.0,0.0,2.0,1.0,0,2.0,2.0,2.0,0
4055.5,4175.5,0.0,0.0,91977,32.726627,-116.994608,2.0,60.25,944.0,7,69,2.0,2.0,0.0,1.0,0,2.0,2.0,59.0,0
2460.15,4539.35,2079.2,45.2,93108,34.457541,-119.631072,2.0,54.35,882.0,0,46,2.0,0.0,0.0,1.0,0,2.0,0.0,17.0,1
75.35,103.84,28.49,28.49,91304,34.224377,-118.632656,0.0,75.35,147.0,0,1,0.0,0.0,0.0,2.0,0,0.0,0.0,18.0,1
2277.65,2513.99,236.34,9.09,92126,32.886925,-117.152162,0.0,89.15,852.0,0,26,0.0,0.0,2.0,2.0,0,0.0,0.0,12.0,1
613.4,981.8,368.4,46.05,94561,37.999406,-121.686241,0.0,84.0,689.0,1,8,0.0,0.0,0.0,2.0,0,0.0,0.0,22.0,1
71.65,100.11,28.46,28.46,92532,33.705836,-117.318204,0.0,71.65,501.0,0,1,0.0,0.0,0.0,2.0,0,0.0,0.0,12.0,1
620.35,834.62,214.27,30.61,92028,33.362575,-117.299644,0.0,86.8,315.0,0,7,0.0,0.0,0.0,2.0,0,0.0,2.0,59.0,1
6851.65,8302.09,1450.44,21.33,93591,34.598221,-117.79593,0.0,100.2,722.0,1,68,0.0,0.0,2.0,0.0,0,0.0,2.0,24.0,1
79.05,110.39,31.34,31.34,92592,33.507255,-117.029473,0.0,79.05,984.0,0,1,0.0,0.0,0.0,2.0,0,0.0,2.0,52.0,1
8425.3,11868.34,3443.04,47.82,94104,37.791222,-122.402241,2.0,115.55,855.0,2,72,2.0,2.0,2.0,2.0,0,2.0,2.0,21.0,0
1710.9,4179.78,2468.88,34.29,93426,35.842889,-121.004862,2.0,25.4,106.0,2,72,1.0,1.0,1.0,3.0,0,1.0,1.0,0.0,0
2479.25,3602.57,1123.32,30.36,93645,37.140104,-119.657092,1.0,68.1,682.0,1,37,2.0,2.0,0.0,1.0,0,2.0,0.0,11.0,0
201.0,201.0,0.0,0.0,93647,36.600185,-119.175655,0.0,48.55,710.0,4,4,0.0,0.0,2.0,1.0,0,0.0,2.0,76.0,1
1171.5,2833.2,1678.08,34.96,92845,33.782955,-118.026456,1.0,25.05,355.0,0,48,1.0,1.0,1.0,3.0,0,1.0,1.0,0.0,0
1704.95,1796.75,91.8,5.4,96050,41.816595,-122.948287,1.0,98.6,477.0,1,17,2.0,0.0,0.0,2.0,0,2.0,2.0,8.0,1
1348.9,1427.72,78.82,5.63,91306,34.209532,-118.577563,1.0,105.95,1080.0,3,14,2.0,2.0,2.0,2.0,0,0.0,2.0,23.0,1
6605.55,6910.19,304.64,4.76,96016,40.936285,-121.572692,2.0,104.05,167.0,1,64,2.0,2.0,2.0,2.0,0,0.0,2.0,8.0,0
49.95,94.93,44.98,44.98,92257,33.345825,-115.596574,0.0,49.95,667.0,0,1,0.0,0.0,2.0,1.0,0,0.0,0.0,27.0,0
78.45,96.82,18.37,18.37,90007,34.027337,-118.28515,0.0,78.45,552.0,0,1,0.0,0.0,0.0,2.0,0,0.0,0.0,13.0,1
2122.05,3280.62,1158.57,42.91,90059,33.927254,-118.249826,0.0,81.45,552.0,0,27,0.0,0.0,2.0,2.0,0,0.0,0.0,5.0,1
809.75,821.81,12.06,1.34,94010,37.57028,-122.365778,0.0,90.8,120.0,0,9,0.0,0.0,0.0,2.0,0,0.0,2.0,9.0,1
1152.7,1751.98,599.28,27.24,93463,34.624399,-120.137875,0.0,54.2,929.0,1,22,2.0,2.0,0.0,1.0,0,0.0,0.0,21.0,1
6110.75,6893.39,782.64,10.87,95428,39.83307,-123.178765,2.0,85.9,226.0,9,72,2.0,2.0,0.0,1.0,0,2.0,2.0,24.0,0
1424.5,1588.51,34.01,1.79,91042,34.296574,-118.244839,0.0,73.85,1007.0,0,19,0.0,0.0,2.0,2.0,0,0.0,0.0,14.0,1
5060.9,7845.28,2644.38,48.97,94947,38.112166,-122.634384,1.0,94.1,679.0,0,54,0.0,0.0,0.0,2.0,0,2.0,2.0,42.0,0
2879.9,4560.15,1680.25,35.75,93463,34.624399,-120.137875,2.0,65.0,929.0,0,47,2.0,2.0,0.0,1.0,0,2.0,0.0,13.0,0
496.9,557.73,60.83,8.69,90262,33.923573,-118.200669,0.0,75.15,565.0,1,7,0.0,0.0,0.0,2.0,5,2.0,0.0,53.0,1
2250.65,3242.45,991.8,26.1,91342,34.321621,-118.399841,0.0,57.15,974.0,0,38,0.0,2.0,2.0,1.0,0,0.0,0.0,27.0,1
3186.65,4406.81,1220.16,39.36,93615,36.497895,-119.285484,0.0,99.95,236.0,0,31,0.0,0.0,2.0,2.0,0,0.0,0.0,4.0,1
2200.7,2364.64,210.6,5.4,95118,37.255479,-121.889838,2.0,53.85,861.0,0,39,2.0,0.0,0.0,1.0,0,0.0,0.0,16.0,0
1498.2,2219.51,770.88,35.04,96009,41.083464,-121.107929,1.0,69.5,78.0,1,22,0.0,0.0,2.0,1.0,0,0.0,2.0,76.0,1
1087.7,2607.89,1520.19,26.67,91941,32.759327,-116.99726,2.0,20.1,488.0,9,57,1.0,1.0,1.0,3.0,3,1.0,1.0,0.0,0
52.0,187.99,135.99,45.33,96003,40.677649,-122.29467,2.0,19.1,805.0,9,3,1.0,1.0,1.0,3.0,2,1.0,1.0,0.0,0
2341.55,2758.31,416.76,18.12,95554,40.267158,-123.805913,0.0,93.5,650.0,0,23,0.0,0.0,0.0,2.0,0,0.0,2.0,23.0,0
6194.1,8012.25,1818.15,26.35,91980,32.587557,-116.636816,2.0,86.9,981.0,9,69,2.0,2.0,0.0,1.0,3,2.0,2.0,53.0,0
1410.25,2569.73,1159.48,41.41,92114,32.707892,-117.05512,0.0,49.9,852.0,6,28,0.0,0.0,0.0,1.0,1,0.0,0.0,30.0,0
4822.85,6802.69,1979.84,43.04,91501,34.188339,-118.300942,1.0,105.2,119.0,0,46,2.0,2.0,2.0,2.0,0,0.0,2.0,71.0,1
1414.65,4211.13,2796.48,38.84,93307,35.280113,-118.962329,2.0,19.8,56.0,10,72,1.0,1.0,1.0,3.0,2,1.0,1.0,0.0,0
200.0,400.5,200.5,20.05,95005,37.078873,-122.090386,2.0,20.0,71.0,4,10,1.0,1.0,1.0,3.0,3,1.0,1.0,0.0,0
3249.4,5140.0,1890.6,41.1,92653,33.606899,-117.717854,0.0,72.8,497.0,0,46,0.0,0.0,0.0,2.0,0,0.0,0.0,26.0,0
4903.15,5151.54,248.39,4.21,92592,33.507255,-117.029473,1.0,82.95,984.0,10,59,0.0,2.0,2.0,2.0,0,2.0,0.0,21.0,0
140.4,264.54,124.14,41.38,95257,38.392686,-120.415951,0.0,54.2,1076.0,0,3,0.0,0.0,0.0,1.0,0,0.0,0.0,5.0,0
646.85,796.86,150.01,21.43,93234,36.217864,-120.080117,0.0,84.55,436.0,1,7,0.0,0.0,0.0,2.0,0,0.0,0.0,12.0,1
4348.65,6343.89,1995.24,38.37,95975,39.225634,-121.156163,0.0,84.1,834.0,1,52,0.0,2.0,0.0,2.0,0,0.0,0.0,14.0,1
20.65,22.12,1.47,1.47,92881,33.833686,-117.513063,0.0,20.65,217.0,0,1,1.0,1.0,1.0,3.0,0,1.0,1.0,0.0,0
1129.75,1664.79,535.04,48.64,91502,34.177267,-118.31003,0.0,100.75,119.0,0,11,0.0,0.0,0.0,2.0,0,2.0,2.0,28.0,1
1334.0,1478.48,144.48,2.58,91206,34.162515,-118.203869,1.0,24.9,366.0,0,56,1.0,1.0,1.0,3.0,0,1.0,1.0,0.0,1
474.8,647.25,172.45,34.49,91773,34.102119,-117.815532,0.0,85.2,853.0,0,5,0.0,0.0,0.0,2.0,0,0.0,2.0,46.0,1
300.4,419.96,119.56,8.54,95983,40.053684,-120.743116,0.0,19.6,980.0,0,14,1.0,1.0,1.0,3.0,0,1.0,1.0,0.0,0
713.75,1148.63,434.88,36.24,92860,33.925833,-117.559639,0.0,61.65,670.0,0,12,2.0,2.0,0.0,1.0,0,2.0,0.0,30.0,1
1147.0,1147.0,0.0,0.0,91381,34.364153,-118.615583,0.0,45.8,950.0,0,26,2.0,2.0,0.0,1.0,2,0.0,2.0,19.0,0
25.7,25.7,0.0,0.0,95439,38.493888,-122.777141,0.0,25.7,352.0,0,1,0.0,0.0,0.0,0.0,0,0.0,0.0,9.0,1
982.95,2599.59,1616.64,33.68,94131,37.746699,-122.442833,2.0,20.15,855.0,0,48,1.0,1.0,1.0,3.0,0,1.0,1.0,0.0,0
3886.45,4909.21,1022.76,28.41,90066,34.002028,-118.430656,1.0,104.8,552.0,0,36,0.0,0.0,2.0,2.0,0,2.0,2.0,4.0,0
143.65,182.47,8.82,4.41,93620,37.045728,-120.630682,0.0,64.2,263.0,2,2,2.0,0.0,2.0,1.0,0,0.0,2.0,26.0,0
864.85,1059.11,194.26,17.66,93523,34.966777,-117.961179,0.0,78.1,283.0,8,11,0.0,0.0,0.0,2.0,2,2.0,0.0,13.0,0
6383.35,6824.17,440.82,7.11,94558,38.489789,-122.27011,1.0,103.75,651.0,1,62,0.0,0.0,2.0,2.0,0,2.0,2.0,16.0,1
50.05,93.1,43.05,43.05,95814,38.584505,-121.491956,0.0,50.05,838.0,0,1,0.0,0.0,0.0,1.0,3,0.0,0.0,69.0,0
3260.1,5442.96,2182.86,32.58,90706,33.887676,-118.127289,2.0,50.55,68.0,0,67,2.0,0.0,0.0,1.0,0,0.0,0.0,8.0,0
819.55,845.71,26.16,3.27,95993,39.075694,-121.70606,0.0,100.85,1099.0,0,8,0.0,0.0,2.0,2.0,0,0.0,2.0,6.0,1
70.1,71.25,1.15,1.15,94512,38.140719,-121.838298,0.0,70.1,88.0,0,1,0.0,0.0,0.0,2.0,0,0.0,0.0,23.0,0
82.3,115.71,33.41,33.41,96006,41.171578,-120.913161,0.0,82.3,3.0,0,1,0.0,0.0,2.0,2.0,0,2.0,0.0,28.0,1
1460.85,2481.09,1020.24,14.17,96104,41.505916,-120.152505,2.0,20.1,177.0,10,72,1.0,1.0,1.0,3.0,2,1.0,1.0,0.0,0
602.55,734.36,131.81,18.83,90814,33.771612,-118.143866,0.0,85.2,546.0,0,7,0.0,0.0,0.0,2.0,0,0.0,2.0,26.0,1
1052.4,1224.96,172.56,14.38,95240,38.123544,-121.159078,0.0,89.75,539.0,0,12,0.0,0.0,2.0,2.0,0,0.0,0.0,6.0,1
647.5,720.4,72.9,8.1,95627,38.834469,-122.127193,0.0,75.85,306.0,10,9,2.0,0.0,0.0,2.0,1,0.0,0.0,20.0,0
2088.45,3195.57,1107.12,46.13,93701,36.749403,-119.787574,2.0,80.5,349.0,0,24,0.0,0.0,2.0,2.0,0,0.0,0.0,23.0,0
597.0,597.0,0.0,0.0,92646,33.666301,-117.969501,0.0,45.55,434.0,0,13,2.0,2.0,0.0,1.0,0,0.0,0.0,17.0,1
964.9,1817.02,852.12,47.34,95635,38.921333,-120.897718,2.0,58.4,385.0,0,18,0.0,2.0,2.0,1.0,0,0.0,0.0,7.0,0
140.1,154.68,14.58,7.29,91405,34.202494,-118.448048,2.0,74.2,1031.0,1,2,0.0,0.0,0.0,2.0,0,2.0,0.0,14.0,0
69.7,91.22,21.52,21.52,91763,34.072121,-117.698319,0.0,69.7,625.0,0,1,0.0,0.0,0.0,2.0,0,0.0,0.0,25.0,1
45.05,128.89,13.84,13.84,95386,37.669516,-120.626964,0.0,70.5,1048.0,0,1,0.0,0.0,0.0,1.0,0,0.0,0.0,26.0,1
144.55,232.61,78.06,39.03,92126,32.886925,-117.152162,0.0,80.25,852.0,0,2,0.0,0.0,0.0,2.0,0,0.0,0.0,30.0,1
1540.35,2410.15,869.8,43.49,95444,38.434362,-122.86891,0.0,69.8,379.0,0,20,0.0,0.0,0.0,2.0,0,0.0,0.0,28.0,0
346.2,539.6,193.4,48.35,92807,33.848733,-117.788357,0.0,89.2,23.0,0,4,0.0,0.0,0.0,0.0,0,2.0,0.0,24.0,1
2656.5,3751.77,1095.27,33.19,94566,37.633361,-121.862395,0.0,80.6,771.0,1,33,0.0,0.0,2.0,0.0,0,0.0,0.0,15.0,1
2310.2,2402.81,92.61,3.43,90068,34.137411,-118.328915,0.0,83.85,552.0,5,27,2.0,0.0,2.0,1.0,0,2.0,2.0,21.0,0
7482.1,9441.18,1959.08,29.24,92657,33.603282,-117.821841,1.0,111.3,663.0,0,67,0.0,2.0,2.0,2.0,0,2.0,2.0,21.0,1
5508.35,6731.31,1072.96,19.16,92130,32.957195,-117.202542,1.0,98.25,852.0,1,56,0.0,0.0,2.0,2.0,0,0.0,2.0,48.0,1
74.7,102.35,27.65,27.65,90278,33.873395,-118.37019,1.0,74.7,807.0,0,1,2.0,0.0,0.0,2.0,0,0.0,0.0,2.0,0
270.8,312.44,41.64,6.94,92231,32.690654,-115.431225,0.0,49.15,129.0,1,6,2.0,0.0,0.0,1.0,0,0.0,0.0,28.0,1
5551.15,6936.15,1385.0,27.7,95202,37.959706,-121.287669,2.0,109.65,954.0,0,50,2.0,2.0,2.0,2.0,0,0.0,2.0,28.0,1
2998.0,3679.8,681.8,24.35,96050,41.816595,-122.948287,0.0,105.8,477.0,8,28,2.0,0.0,2.0,2.0,0,0.0,2.0,15.0,0
660.9,965.13,338.52,48.36,94587,37.59485,-122.051521,0.0,95.35,1019.0,0,7,0.0,0.0,0.0,2.0,0,2.0,2.0,15.0,1
949.85,2110.73,1160.88,27.64,91106,34.139402,-118.128658,1.0,25.05,732.0,0,42,1.0,1.0,1.0,3.0,0,1.0,1.0,0.0,0
69.25,98.93,29.68,29.68,95551,40.665952,-124.240051,0.0,69.25,540.0,0,1,0.0,0.0,0.0,0.0,0,0.0,0.0,18.0,1
181.1,244.04,52.94,26.47,92117,32.825086,-117.199424,0.0,80.2,852.0,0,2,0.0,0.0,0.0,2.0,0,0.0,2.0,10.0,1
6786.4,7981.75,1195.35,18.39,92887,33.884073,-117.732197,0.0,105.25,1095.0,3,65,0.0,2.0,0.0,2.0,0,2.0,0.0,28.0,1
151.75,159.27,7.52,3.76,94806,37.980269,-122.342635,0.0,74.95,873.0,0,2,0.0,0.0,2.0,2.0,0,0.0,0.0,16.0,0
7129.45,9664.57,2535.12,35.21,94513,37.908242,-121.682472,2.0,98.65,110.0,6,72,2.0,0.0,2.0,2.0,2,2.0,2.0,10.0,0
170.85,209.39,38.54,19.27,95681,38.984756,-121.345074,0.0,93.85,912.0,0,2,0.0,0.0,0.0,2.0,0,0.0,0.0,18.0,1
6125.4,7529.08,1403.68,22.64,93624,36.397745,-120.119911,1.0,96.75,326.0,0,62,0.0,0.0,0.0,2.0,0,2.0,2.0,9.0,1
2020.9,2020.9,0.0,0.0,95255,38.41935,-120.469545,0.0,39.9,1059.0,1,52,0.0,2.0,0.0,1.0,0,0.0,2.0,26.0,0
735.9,891.32,155.42,4.09,93609,36.5276,-119.865999,2.0,20.2,164.0,0,38,1.0,1.0,1.0,3.0,0,1.0,1.0,0.0,0
1917.1,2347.2,430.1,18.7,92249,32.730583,-115.501083,0.0,81.0,410.0,0,23,0.0,0.0,0.0,2.0,0,2.0,0.0,24.0,1
5426.85,7989.93,2563.08,49.29,94567,38.672708,-122.403219,1.0,105.0,777.0,0,52,2.0,0.0,2.0,2.0,0,2.0,2.0,51.0,1
3442.15,4158.15,716.0,14.32,93212,36.04533,-119.532424,1.0,69.65,215.0,6,50,2.0,0.0,0.0,0.0,0,2.0,0.0,58.0,0
45.05,93.08,48.03,48.03,95420,39.361283,-123.784599,0.0,45.05,166.0,0,1,0.0,0.0,0.0,0.0,0,0.0,2.0,73.0,1
4259.3,5175.38,924.96,22.56,95488,39.724433,-123.767578,0.0,99.8,1064.0,0,41,0.0,0.0,0.0,2.0,0,2.0,0.0,15.0,1
3147.5,3147.5,0.0,0.0,91343,34.238802,-118.482296,2.0,47.85,673.0,5,64,2.0,2.0,0.0,1.0,0,2.0,2.0,27.0,1
545.15,771.95,226.8,32.4,95987,39.117537,-122.284654,0.0,73.75,1071.0,0,7,0.0,0.0,0.0,2.0,0,0.0,0.0,7.0,1
75.9,120.46,44.56,44.56,92592,33.507255,-117.029473,0.0,75.9,984.0,0,1,2.0,0.0,0.0,2.0,0,0.0,0.0,27.0,1
433.95,617.19,183.24,30.54,96092,39.955164,-122.018567,0.0,70.55,1037.0,0,6,0.0,0.0,0.0,2.0,0,0.0,0.0,27.0,0
4415.75,4582.21,166.46,2.87,92027,33.141265,-116.967221,2.0,75.8,305.0,1,58,2.0,2.0,0.0,1.0,2,2.0,0.0,69.0,0
6632.75,9902.27,3269.52,45.41,94110,37.750021,-122.415201,2.0,92.0,855.0,0,72,2.0,2.0,2.0,0.0,0,2.0,2.0,20.0,0
987.95,1233.91,245.96,22.36,95417,39.710591,-123.682799,0.0,90.15,107.0,0,11,2.0,0.0,0.0,0.0,0,0.0,0.0,3.0,1
6017.65,8598.65,2581.0,44.5,92027,33.141265,-116.967221,1.0,103.25,305.0,0,58,0.0,0.0,2.0,2.0,0,2.0,2.0,47.0,1
2104.55,3162.71,1018.16,46.28,93932,35.989792,-121.055933,0.0,94.65,538.0,0,22,0.0,0.0,0.0,2.0,0,0.0,2.0,16.0,1
5186.0,7835.83,2499.83,42.37,95621,38.69549,-121.307864,2.0,86.75,190.0,4,59,2.0,2.0,2.0,0.0,3,2.0,2.0,73.0,0
61.15,78.22,17.07,17.07,95667,38.733714,-120.795213,0.0,61.15,765.0,0,1,0.0,2.0,2.0,1.0,0,0.0,0.0,3.0,0
158.4,205.32,46.92,23.46,90230,33.993991,-118.39704,0.0,75.45,234.0,0,2,0.0,0.0,0.0,2.0,0,0.0,0.0,25.0,1
84.65,146.95,22.3,22.3,92505,33.920907,-117.489426,0.0,84.65,827.0,0,1,0.0,0.0,0.0,2.0,0,0.0,0.0,51.0,1
4056.75,5605.2,1548.45,41.85,96080,40.186772,-122.388361,0.0,106.75,803.0,0,37,0.0,2.0,2.0,2.0,0,0.0,0.0,2.0,1
42.9,46.92,4.02,4.02,93201,35.869626,-119.498771,0.0,42.9,15.0,0,1,0.0,0.0,0.0,0.0,0,0.0,0.0,11.0,1
785.75,2057.44,1271.69,34.37,95333,37.249377,-120.249581,1.0,20.15,518.0,0,37,1.0,1.0,1.0,3.0,0,1.0,1.0,0.0,0
477.55,639.01,161.46,26.91,95060,36.993451,-122.098858,0.0,83.55,885.0,1,6,0.0,0.0,2.0,2.0,0,0.0,2.0,6.0,1
5299.65,7150.23,1850.58,34.27,96010,40.775272,-123.287414,1.0,100.05,79.0,0,54,0.0,2.0,2.0,2.0,0,0.0,2.0,20.0,0
178.5,258.69,80.19,8.91,92057,33.254497,-117.285879,0.0,20.25,692.0,0,9,1.0,1.0,1.0,3.0,0,1.0,1.0,0.0,1
617.35,1231.86,614.51,21.19,94702,37.866009,-122.286228,1.0,20.35,74.0,0,29,1.0,1.0,1.0,3.0,0,1.0,1.0,0.0,0
7430.75,7801.58,393.99,5.71,95403,38.488431,-122.752839,2.0,110.05,891.0,0,69,0.0,2.0,2.0,2.0,0,2.0,2.0,73.0,0
926.25,1744.2,817.95,38.95,95549,40.664483,-123.865325,0.0,44.95,478.0,6,21,0.0,0.0,0.0,0.0,2,0.0,0.0,17.0,0
80.5,116.27,35.77,35.77,95385,37.609095,-121.263381,0.0,80.5,1034.0,0,1,0.0,0.0,0.0,2.0,0,0.0,2.0,69.0,1
4528.0,6662.52,2134.52,49.64,92121,32.898613,-117.202937,0.0,101.4,852.0,0,43,0.0,0.0,2.0,2.0,0,0.0,2.0,27.0,1
602.9,950.9,348.0,11.6,94020,37.285677,-122.224165,2.0,19.3,486.0,8,30,1.0,1.0,1.0,3.0,1,1.0,1.0,0.0,0
20.9,36.41,15.51,15.51,91316,34.150354,-118.518292,0.0,20.9,303.0,0,1,1.0,1.0,1.0,3.0,0,1.0,1.0,0.0,1
382.2,392.2,0.0,0.0,94502,37.724817,-122.224363,0.0,30.15,7.0,0,13,0.0,0.0,2.0,0.0,2,0.0,0.0,19.0,0
1629.2,3342.12,1712.92,25.19,90242,33.921793,-118.140588,2.0,25.05,266.0,4,68,1.0,1.0,1.0,3.0,0,1.0,1.0,0.0,0
1463.5,1570.9,107.4,5.37,93928,35.930782,-121.189757,0.0,73.65,459.0,1,20,0.0,0.0,2.0,2.0,0,0.0,0.0,24.0,1
70.6,97.72,27.12,27.12,92126,32.886925,-117.152162,0.0,70.6,852.0,0,1,0.0,0.0,0.0,2.0,0,0.0,0.0,23.0,1
3994.45,5349.31,1354.86,34.74,92592,33.507255,-117.029473,0.0,103.45,984.0,0,39,0.0,0.0,2.0,2.0,0,2.0,2.0,28.0,1
7965.95,8275.39,328.32,4.56,91377,34.19225,-118.776874,2.0,112.1,683.0,1,72,2.0,2.0,2.0,2.0,0,2.0,2.0,18.0,0
1195.75,1836.23,640.48,40.03,92267,34.273872,-114.192901,0.0,73.25,730.0,6,16,0.0,0.0,2.0,2.0,1,0.0,0.0,20.0,0
3353.4,3334.76,0.0,0.0,95066,37.070177,-122.010077,2.0,46.35,899.0,9,71,2.0,2.0,2.0,1.0,0,2.0,0.0,19.0,0
1451.1,1600.65,149.55,9.97,90638,33.902045,-118.008961,0.0,95.7,489.0,0,15,2.0,0.0,2.0,2.0,0,0.0,2.0,47.0,0
1011.5,1011.5,0.0,0.0,94087,37.3511,-122.037311,0.0,43.55,967.0,0,21,2.0,2.0,0.0,1.0,0,0.0,0.0,26.0,0
1943.2,2828.34,889.87,38.69,94949,38.067204,-122.524004,0.0,90.6,679.0,0,23,2.0,0.0,0.0,0.0,0,0.0,2.0,69.0,1
69.4,112.86,33.46,33.46,95301,37.321233,-120.656354,0.0,69.4,46.0,1,1,0.0,0.0,0.0,2.0,0,0.0,0.0,12.0,1
746.05,1765.97,1019.92,26.84,94703,37.863843,-122.275684,2.0,20.2,74.0,9,38,1.0,1.0,1.0,3.0,1,1.0,1.0,0.0,0
70.15,118.12,47.97,47.97,93426,35.842889,-121.004862,0.0,70.15,106.0,0,1,0.0,0.0,0.0,2.0,0,0.0,0.0,8.0,1
1747.2,2028.39,281.19,13.39,92802,33.807864,-117.923782,0.0,80.35,23.0,0,21,0.0,2.0,0.0,2.0,2,0.0,0.0,24.0,0
955.75,955.75,0.0,0.0,91723,34.084747,-117.886844,0.0,24.85,227.0,2,38,0.0,0.0,0.0,0.0,0,0.0,0.0,30.0,0
43.85,69.75,15.9,15.9,90746,33.859171,-118.252272,0.0,43.85,163.0,0,1,0.0,0.0,0.0,0.0,0,0.0,0.0,27.0,0
4867.95,5703.76,835.81,15.77,95335,38.109125,-120.078597,1.0,94.25,545.0,1,53,0.0,0.0,2.0,2.0,0,0.0,2.0,9.0,1
1111.65,1499.42,436.02,33.54,91206,34.162515,-118.203869,0.0,79.25,366.0,0,13,0.0,0.0,2.0,2.0,3,2.0,0.0,76.0,1
589.25,1634.26,1045.01,33.71,92111,32.805518,-117.169052,1.0,20.1,852.0,0,31,1.0,1.0,1.0,3.0,0,1.0,1.0,0.0,0
42.45,136.83,94.38,47.19,96033,40.740138,-122.587476,0.0,20.45,348.0,0,2,1.0,1.0,1.0,3.0,0,1.0,1.0,0.0,0
7261.25,7423.25,162.0,2.25,91942,32.782501,-117.01611,2.0,101.3,488.0,0,72,0.0,2.0,2.0,2.0,0,2.0,0.0,16.0,0
3588.4,4039.06,450.66,10.73,93287,35.710244,-118.881679,0.0,84.3,1092.0,1,42,2.0,0.0,0.0,2.0,0,2.0,0.0,22.0,1
251.6,572.6,321.0,32.1,90815,33.797638,-118.11662,2.0,25.7,546.0,0,10,1.0,1.0,1.0,3.0,0,1.0,1.0,0.0,0
4026.4,4751.44,725.04,19.08,92121,32.898613,-117.202937,0.0,105.0,852.0,1,38,2.0,0.0,0.0,2.0,0,2.0,2.0,4.0,1
45.05,128.89,13.84,13.84,95386,37.669516,-120.626964,0.0,70.5,1048.0,0,1,0.0,0.0,0.0,1.0,0,0.0,0.0,26.0,1
5510.65,7447.13,1936.48,34.58,93270,35.939068,-119.043666,1.0,104.75,988.0,0,56,0.0,0.0,2.0,2.0,0,2.0,0.0,4.0,1
19.65,43.06,23.41,23.41,95249,38.196497,-120.61689,1.0,19.65,845.0,1,1,1.0,1.0,1.0,3.0,0,1.0,1.0,0.0,0
1112.3,1135.96,23.66,1.69,91331,34.255442,-118.421314,0.0,80.05,716.0,0,14,2.0,0.0,2.0,2.0,0,0.0,0.0,21.0,0
864.2,1983.38,1119.18,24.33,92649,33.721917,-118.043237,2.0,19.25,434.0,1,46,1.0,1.0,1.0,3.0,2,1.0,1.0,0.0,0
75.8,90.28,14.48,14.48,95422,38.965804,-122.631779,0.0,75.8,194.0,0,1,0.0,0.0,2.0,2.0,0,0.0,0.0,26.0,1
266.9,317.22,50.32,12.58,94703,37.863843,-122.275684,0.0,70.05,74.0,0,4,0.0,0.0,0.0,2.0,0,0.0,0.0,19.0,1
3273.8,3740.0,466.2,10.36,91303,34.19829,-118.602203,0.0,75.95,147.0,0,45,0.0,2.0,0.0,1.0,0,2.0,2.0,6.0,0
1764.75,2063.65,298.9,4.27,94044,37.573633,-122.455167,2.0,24.05,715.0,4,70,1.0,1.0,1.0,3.0,2,1.0,1.0,0.0,0
477.7,706.3,228.6,45.72,95032,37.233034,-121.947427,0.0,89.5,554.0,0,5,0.0,0.0,0.0,2.0,0,0.0,0.0,6.0,1
191.05,372.65,181.6,45.4,93247,36.205465,-119.085807,0.0,45.65,529.0,0,4,0.0,0.0,0.0,1.0,0,0.0,0.0,27.0,1
7085.5,9959.0,2873.5,41.05,93458,34.95934,-120.490081,2.0,101.0,888.0,9,70,2.0,2.0,2.0,2.0,0,2.0,2.0,59.0,0
2424.05,2514.05,0.0,0.0,91803,34.074736,-118.145959,2.0,46.0,12.0,0,54,2.0,0.0,0.0,1.0,1,2.0,2.0,19.0,0
3715.65,5989.05,2273.4,42.1,92119,32.802959,-117.027095,1.0,70.15,852.0,1,54,0.0,0.0,0.0,1.0,0,0.0,2.0,12.0,1
4888.7,6516.7,1578.0,31.56,91384,34.506627,-118.699048,0.0,95.05,168.0,1,50,0.0,0.0,2.0,2.0,0,2.0,0.0,4.0,1
2909.95,3102.05,192.1,5.65,93660,36.600193,-120.153393,0.0,84.05,860.0,10,34,0.0,0.0,0.0,2.0,1,2.0,0.0,26.0,0
70.0,108.8,38.8,38.8,95564,40.809636,-124.189977,0.0,70.0,844.0,1,1,0.0,0.0,0.0,2.0,0,0.0,0.0,4.0,1
635.6,744.17,108.57,15.51,95503,40.737431,-124.108897,0.0,93.85,309.0,0,7,0.0,0.0,0.0,2.0,0,0.0,2.0,23.0,1
6937.95,9660.15,2722.2,41.88,91301,34.129058,-118.759788,2.0,108.65,4.0,0,65,2.0,2.0,0.0,2.0,0,2.0,2.0,7.0,1
69.65,118.89,49.24,49.24,94115,37.786031,-122.437301,0.0,69.65,855.0,0,1,0.0,0.0,0.0,2.0,0,0.0,0.0,8.0,1
4036.85,5544.45,1507.6,37.69,92241,33.832799,-116.250973,0.0,104.5,255.0,0,40,0.0,0.0,2.0,2.0,0,2.0,2.0,15.0,1
4874.7,7319.8,2355.1,42.82,92122,32.85723,-117.209774,0.0,85.45,852.0,2,55,0.0,0.0,2.0,2.0,0,2.0,0.0,27.0,1
1041.8,1227.45,185.65,3.95,93551,34.613476,-118.256358,2.0,21.3,722.0,5,47,1.0,1.0,1.0,3.0,3,1.0,1.0,0.0,0
91.7,91.7,0.0,0.0,96141,39.117018,-120.212535,0.0,70.5,425.0,1,3,0.0,2.0,0.0,0.0,2,0.0,0.0,15.0,1
4689.5,5835.45,1145.95,27.95,90620,33.845706,-118.012204,0.0,113.2,118.0,0,41,0.0,2.0,2.0,2.0,0,2.0,2.0,23.0,1
676.7,772.11,95.41,13.63,95464,39.12334,-122.838198,0.0,89.5,665.0,1,7,0.0,0.0,0.0,2.0,0,0.0,0.0,27.0,1
3600.65,5392.55,1791.9,39.82,92066,33.215251,-116.53633,1.0,78.75,793.0,3,45,0.0,0.0,2.0,1.0,0,2.0,2.0,13.0,0
3046.15,4238.35,1192.2,39.74,95380,37.474396,-120.875917,0.0,100.05,1012.0,1,30,0.0,0.0,0.0,2.0,0,2.0,2.0,22.0,1
903.6,903.6,0.0,0.0,92506,33.930931,-117.361788,1.0,43.75,827.0,0,22,0.0,0.0,2.0,1.0,0,2.0,2.0,16.0,1
3121.4,3121.4,0.0,0.0,95953,39.258746,-121.77697,2.0,46.25,533.0,10,69,2.0,2.0,2.0,1.0,2,2.0,0.0,69.0,0
4298.45,4568.09,269.64,6.42,91724,34.08111,-117.853935,1.0,99.0,227.0,0,42,0.0,2.0,2.0,2.0,0,2.0,2.0,48.0,0
2203.65,2628.34,453.18,10.79,95316,37.524721,-120.757977,0.0,50.25,252.0,2,42,0.0,0.0,0.0,0.0,0,0.0,0.0,41.0,1
2997.45,2997.45,0.0,0.0,94304,37.386978,-122.177746,0.0,50.25,723.0,4,59,0.0,0.0,2.0,0.0,0,0.0,2.0,23.0,0
69.85,153.3,43.45,43.45,93021,34.312945,-118.858169,0.0,69.85,632.0,0,1,0.0,0.0,0.0,2.0,0,0.0,0.0,30.0,1
2157.95,3053.6,895.65,42.65,93501,35.097323,-118.171288,0.0,104.4,621.0,1,21,0.0,0.0,2.0,2.0,0,2.0,2.0,3.0,1
1178.25,1596.17,417.92,26.12,95127,37.375156,-121.795867,0.0,74.3,861.0,1,16,0.0,0.0,2.0,2.0,0,0.0,0.0,8.0,1
196.9,273.92,77.02,38.51,95219,38.029729,-121.387999,0.0,95.15,954.0,0,2,0.0,0.0,0.0,2.0,0,0.0,2.0,25.0,1
146.9,200.76,53.86,26.93,90017,34.052842,-118.264495,0.0,70.75,552.0,0,2,0.0,2.0,0.0,1.0,0,0.0,2.0,10.0,1
69.65,100.78,31.13,31.13,93662,36.545322,-119.642281,0.0,69.65,905.0,0,1,0.0,0.0,0.0,2.0,0,0.0,0.0,5.0,1
552.7,632.7,0.0,0.0,94937,38.099323,-122.945723,0.0,35.5,447.0,1,16,0.0,0.0,0.0,0.0,3,0.0,2.0,53.0,0
161.45,161.45,0.0,0.0,93620,37.045728,-120.630682,0.0,29.45,263.0,0,6,0.0,2.0,0.0,0.0,0,0.0,0.0,52.0,0
3838.75,4379.69,540.94,12.58,90059,33.927254,-118.249826,1.0,90.25,552.0,0,43,0.0,0.0,2.0,2.0,0,0.0,0.0,26.0,0
523.1,897.74,374.64,31.22,92083,33.17494,-117.242761,0.0,45.05,1039.0,0,12,0.0,0.0,0.0,1.0,0,0.0,0.0,12.0,0
6144.55,7767.97,1623.42,27.99,92647,33.723579,-118.005441,2.0,109.45,434.0,1,58,0.0,2.0,2.0,2.0,0,2.0,2.0,24.0,1
1448.6,1639.96,191.36,11.96,92027,33.141265,-116.967221,0.0,89.05,305.0,0,16,2.0,0.0,0.0,2.0,0,0.0,2.0,18.0,1
90.55,97.7,7.15,7.15,90804,33.783047,-118.1486,0.0,90.55,546.0,0,1,0.0,0.0,0.0,2.0,0,0.0,2.0,48.0,1
211.95,723.34,511.39,46.49,95612,38.384648,-121.578701,1.0,20.0,192.0,0,11,1.0,1.0,1.0,3.0,0,1.0,1.0,0.0,0
1775.8,2535.23,759.43,39.97,95935,39.381174,-121.21191,0.0,88.2,261.0,0,19,0.0,0.0,2.0,2.0,0,0.0,0.0,9.0,1
499.4,1233.9,734.5,29.38,92549,33.755039,-116.741796,2.0,20.75,439.0,0,25,1.0,1.0,1.0,3.0,0,1.0,1.0,0.0,0
54.75,67.76,13.01,13.01,94122,37.760412,-122.484966,0.0,54.75,855.0,0,1,0.0,0.0,0.0,1.0,0,0.0,2.0,12.0,1
7555.0,8357.66,742.66,10.46,95376,37.680968,-121.446049,2.0,105.15,1001.0,4,71,0.0,0.0,2.0,2.0,0,2.0,2.0,3.0,0
1398.6,1650.6,252.0,12.6,95380,37.474396,-120.875917,0.0,64.4,1012.0,0,20,0.0,2.0,0.0,1.0,0,2.0,2.0,29.0,0
3055.5,4525.32,1469.82,44.54,94605,37.758019,-122.138678,1.0,93.55,688.0,10,33,2.0,2.0,2.0,2.0,0,0.0,0.0,18.0,0
60.0,113.48,43.48,43.48,93436,34.601055,-120.382917,0.0,60.0,544.0,0,1,2.0,2.0,2.0,1.0,2,0.0,0.0,16.0,1
494.05,516.1,22.05,2.45,95993,39.075694,-121.70606,0.0,54.55,1099.0,0,9,0.0,2.0,0.0,1.0,0,0.0,0.0,7.0,1
3301.05,3690.81,407.52,11.32,95746,38.749466,-121.184196,0.0,91.95,377.0,0,36,0.0,0.0,2.0,2.0,0,0.0,0.0,16.0,0
50.6,62.46,11.86,11.86,90621,33.874224,-117.993368,0.0,50.6,118.0,0,1,0.0,2.0,0.0,0.0,2,0.0,0.0,13.0,1
1553.95,2242.75,688.8,45.92,95305,37.818589,-120.256995,0.0,101.35,84.0,0,15,2.0,0.0,0.0,2.0,0,2.0,2.0,12.0,1
6871.7,8155.01,1283.31,20.37,94037,37.540582,-122.509594,0.0,108.75,624.0,10,63,2.0,0.0,2.0,2.0,0,2.0,2.0,26.0,0
2111.3,3269.6,1158.3,38.61,90250,33.914775,-118.348083,1.0,74.75,407.0,0,30,0.0,2.0,2.0,1.0,0,0.0,0.0,5.0,0
1574.5,3396.46,1821.96,28.92,95448,38.618347,-122.908422,2.0,24.65,409.0,5,63,1.0,1.0,1.0,3.0,2,1.0,1.0,0.0,0
7432.05,8085.45,653.4,9.9,96148,39.24124,-120.054765,1.0,110.9,977.0,0,66,2.0,0.0,2.0,2.0,0,2.0,0.0,25.0,1
6179.35,8320.71,2141.36,30.16,92677,33.529047,-117.701175,1.0,86.7,498.0,5,71,0.0,2.0,2.0,2.0,2,2.0,0.0,19.0,0
71.1,108.61,37.51,37.51,93268,35.184837,-119.402525,0.0,71.1,975.0,0,1,0.0,0.0,0.0,2.0,0,0.0,0.0,10.0,0
1268.85,4200.66,2931.81,42.49,94526,37.815459,-121.977203,2.0,19.1,241.0,0,69,1.0,1.0,1.0,3.0,0,1.0,1.0,0.0,0
283.75,892.75,609.0,43.5,92276,33.849263,-116.382778,0.0,19.9,993.0,0,14,1.0,1.0,1.0,3.0,0,1.0,1.0,0.0,0
2157.5,3697.02,1539.52,45.28,90069,34.093781,-118.381061,0.0,65.0,1058.0,0,34,2.0,0.0,0.0,0.0,0,0.0,0.0,27.0,0
678.8,1563.82,885.02,26.03,94571,38.148862,-121.737696,1.0,19.6,822.0,7,34,1.0,1.0,1.0,3.0,0,1.0,1.0,0.0,0
973.45,1374.89,401.44,30.88,92868,33.787796,-117.875928,0.0,79.8,701.0,0,13,0.0,0.0,2.0,2.0,0,2.0,0.0,3.0,1
78.9,159.54,80.64,20.16,95864,38.585826,-121.376263,0.0,19.0,838.0,0,4,1.0,1.0,1.0,3.0,0,1.0,1.0,0.0,0
670.35,1471.26,800.91,24.27,95563,40.89866,-123.539754,2.0,20.1,843.0,2,33,1.0,1.0,1.0,3.0,3,1.0,1.0,0.0,0
487.05,702.33,215.28,35.88,94542,37.656695,-122.048361,0.0,89.25,408.0,0,6,2.0,0.0,0.0,2.0,0,2.0,2.0,10.0,0
6721.6,7614.4,892.8,13.95,91360,34.214054,-118.88109,1.0,104.4,992.0,4,64,2.0,2.0,0.0,2.0,2,0.0,2.0,11.0,0
394.85,838.1,443.25,29.55,93207,35.865795,-118.69759,0.0,25.25,132.0,1,15,1.0,1.0,1.0,3.0,1,1.0,1.0,0.0,0
80.0,115.71,35.71,35.71,93263,35.490705,-119.286833,0.0,80.0,907.0,1,1,0.0,0.0,0.0,0.0,0,0.0,2.0,3.0,1
78.8,106.84,28.04,28.04,92870,33.881158,-117.854783,0.0,78.8,764.0,1,1,0.0,0.0,0.0,2.0,0,0.0,0.0,30.0,1
4192.15,4814.05,621.9,13.82,91901,32.827184,-116.703729,0.0,89.3,16.0,0,45,0.0,0.0,0.0,2.0,0,2.0,2.0,8.0,0
3233.85,5028.25,1794.4,44.86,90706,33.887676,-118.127289,0.0,79.2,68.0,0,40,0.0,2.0,2.0,2.0,0,0.0,0.0,4.0,1
1810.55,3194.34,1383.79,19.49,95207,38.002125,-121.324979,2.0,24.7,954.0,1,71,1.0,1.0,1.0,3.0,1,1.0,1.0,0.0,0
5629.15,8531.55,2902.4,45.35,93265,36.245926,-118.693138,1.0,90.25,945.0,9,64,0.0,0.0,0.0,2.0,2,2.0,2.0,30.0,0
85.45,116.48,31.03,31.03,90057,34.061918,-118.277939,0.0,85.45,552.0,0,1,0.0,0.0,0.0,2.0,0,0.0,2.0,27.0,1
1520.1,1520.1,0.0,0.0,91752,33.999992,-117.535395,2.0,49.85,615.0,0,31,2.0,2.0,2.0,1.0,0,0.0,2.0,10.0,0
5607.75,6164.79,427.04,6.28,96094,41.465121,-122.380947,2.0,85.0,1051.0,7,68,2.0,2.0,2.0,1.0,1,2.0,2.0,16.0,0
1416.2,2066.2,650.0,32.5,94545,37.62984,-122.120843,1.0,68.7,408.0,0,20,2.0,0.0,2.0,1.0,0,0.0,0.0,52.0,0
112.3,176.28,63.98,9.14,94541,37.674002,-122.076796,0.0,19.25,408.0,0,7,1.0,1.0,1.0,3.0,0,1.0,1.0,0.0,1
2823.0,3466.56,643.56,20.76,94041,37.388349,-122.075299,0.0,89.3,646.0,1,31,2.0,2.0,0.0,2.0,3,2.0,0.0,57.0,0
69.6,115.81,46.21,46.21,92027,33.141265,-116.967221,0.0,69.6,305.0,0,1,0.0,0.0,0.0,2.0,0,0.0,2.0,58.0,1
1425.45,1650.45,225.0,12.5,94110,37.750021,-122.415201,1.0,82.0,855.0,0,18,2.0,0.0,0.0,1.0,0,2.0,2.0,5.0,1
202.3,230.02,27.72,2.52,95537,40.726949,-124.217378,2.0,20.9,323.0,3,11,1.0,1.0,1.0,3.0,1,1.0,1.0,0.0,0
936.85,1622.71,685.86,14.91,91340,34.286131,-118.435969,2.0,20.1,854.0,4,46,1.0,1.0,1.0,3.0,2,1.0,1.0,0.0,0
5341.8,6385.8,1044.0,20.88,90007,34.027337,-118.28515,0.0,105.95,552.0,0,50,0.0,2.0,0.0,2.0,0,2.0,2.0,13.0,1
2768.65,2768.65,0.0,0.0,93706,36.654614,-119.903674,2.0,60.0,349.0,1,47,0.0,2.0,2.0,1.0,2,2.0,2.0,25.0,0
86.05,191.1,105.05,21.01,91207,34.182378,-118.262922,0.0,19.25,366.0,0,5,1.0,1.0,1.0,3.0,0,1.0,1.0,0.0,0
1840.75,1840.75,0.0,0.0,90004,34.076259,-118.310715,1.0,42.3,552.0,0,45,2.0,2.0,0.0,1.0,0,2.0,0.0,10.0,0
208.85,288.98,80.13,26.71,93536,34.741406,-118.38111,0.0,70.3,511.0,1,3,0.0,0.0,0.0,2.0,0,0.0,0.0,11.0,1
644.35,797.72,153.37,21.91,93662,36.545322,-119.642281,0.0,95.6,905.0,1,7,0.0,0.0,0.0,0.0,0,0.0,0.0,11.0,1
6441.4,8614.8,2063.4,34.39,95636,38.636102,-120.522149,1.0,106.0,389.0,0,60,2.0,0.0,0.0,2.0,0,2.0,0.0,17.0,1
2614.1,3130.6,516.5,10.33,90502,33.833181,-118.292062,1.0,54.9,999.0,4,50,0.0,0.0,0.0,1.0,0,2.0,0.0,6.0,0
2348.45,2428.45,0.0,0.0,92220,33.936298,-116.849577,1.0,54.75,60.0,0,42,2.0,2.0,2.0,1.0,0,2.0,2.0,13.0,0
146.9,200.76,53.86,26.93,90017,34.052842,-118.264495,0.0,70.75,552.0,0,2,0.0,2.0,0.0,1.0,0,0.0,2.0,10.0,1
1789.65,4434.4,2644.75,37.25,94501,37.774633,-122.274434,2.0,25.45,7.0,3,71,1.0,1.0,1.0,3.0,0,1.0,1.0,0.0,0
776.25,1410.48,643.71,14.97,95821,38.625096,-121.383658,1.0,19.2,838.0,10,43,1.0,1.0,1.0,3.0,1,1.0,1.0,0.0,0
75.8,90.28,14.48,14.48,95422,38.965804,-122.631779,0.0,75.8,194.0,0,1,0.0,0.0,2.0,2.0,0,0.0,0.0,26.0,1
644.5,1537.7,893.2,25.52,92315,34.242058,-116.89802,1.0,20.1,81.0,0,35,1.0,1.0,1.0,3.0,1,1.0,1.0,0.0,0
1701.65,1701.65,0.0,0.0,92308,34.424926,-117.184503,0.0,49.2,32.0,0,35,0.0,0.0,0.0,1.0,0,2.0,2.0,26.0,0
6000.1,8107.48,2107.38,31.93,91963,32.619465,-116.593605,1.0,88.9,785.0,0,66,0.0,0.0,2.0,2.0,0,0.0,0.0,15.0,0
45.4,83.71,38.31,38.31,95659,38.788898,-121.608624,0.0,45.4,666.0,0,1,0.0,0.0,0.0,0.0,0,0.0,0.0,26.0,1
85.0,115.52,30.52,30.52,92612,33.643095,-117.810896,0.0,85.0,449.0,0,1,0.0,0.0,0.0,2.0,0,0.0,2.0,30.0,1
6125.4,7529.08,1403.68,22.64,93624,36.397745,-120.119911,1.0,96.75,326.0,0,62,0.0,0.0,0.0,2.0,0,2.0,2.0,9.0,1
2283.15,3136.59,853.44,35.56,95991,39.02741,-121.614982,0.0,94.6,1099.0,0,24,0.0,2.0,0.0,2.0,0,0.0,2.0,3.0,0
159.15,227.46,68.31,22.77,96071,40.656287,-121.428965,0.0,55.15,696.0,0,3,0.0,0.0,0.0,1.0,0,0.0,2.0,51.0,1
5703.25,7936.54,2233.29,43.79,91706,34.098275,-117.967399,1.0,111.5,57.0,0,51,2.0,0.0,2.0,2.0,0,2.0,2.0,82.0,0
4982.5,8432.39,3449.89,48.59,95916,39.657228,-121.37778,1.0,69.2,75.0,7,71,0.0,2.0,2.0,1.0,1,0.0,0.0,15.0,0
832.35,924.91,92.56,11.57,94539,37.516791,-121.899117,0.0,100.3,346.0,0,8,2.0,2.0,0.0,2.0,0,0.0,2.0,27.0,1
3725.5,6970.31,3244.81,48.43,95587,39.955587,-123.681175,0.0,54.9,751.0,0,67,0.0,0.0,2.0,1.0,0,0.0,0.0,28.0,0
531.55,1666.99,1135.44,47.31,94501,37.774633,-122.274434,1.0,21.05,7.0,0,24,1.0,1.0,1.0,3.0,0,1.0,1.0,0.0,0
442.2,452.2,0.0,0.0,94567,38.672708,-122.403219,0.0,48.75,777.0,1,9,0.0,0.0,0.0,1.0,0,2.0,2.0,10.0,1
48.75,75.01,26.26,26.26,90631,33.940619,-117.9513,0.0,48.75,485.0,10,1,0.0,2.0,0.0,1.0,2,0.0,0.0,22.0,0
5574.75,6202.64,636.02,10.78,93665,36.959731,-120.653519,0.0,93.85,937.0,0,59,0.0,0.0,0.0,2.0,0,0.0,0.0,15.0,1
930.4,1286.7,356.3,35.63,96037,41.528541,-122.955018,0.0,95.2,383.0,0,10,0.0,0.0,0.0,2.0,0,0.0,2.0,18.0,1
3160.55,3402.05,241.5,5.75,94572,38.027218,-122.23463,1.0,73.9,829.0,0,42,2.0,2.0,2.0,1.0,0,2.0,2.0,53.0,1
1424.5,1588.51,34.01,1.79,91042,34.296574,-118.244839,0.0,73.85,1007.0,0,19,0.0,0.0,2.0,2.0,0,0.0,0.0,14.0,1
4519.5,5272.21,782.93,13.27,91321,34.370378,-118.504118,2.0,76.45,660.0,0,59,2.0,2.0,0.0,1.0,1,2.0,0.0,15.0,0
80.3,97.81,17.51,17.51,94925,37.924014,-122.511694,0.0,80.3,220.0,1,1,0.0,2.0,0.0,2.0,0,0.0,0.0,21.0,1
7629.85,9016.65,1306.8,18.15,95448,38.618347,-122.908422,1.0,105.75,409.0,7,72,0.0,0.0,2.0,2.0,0,2.0,2.0,16.0,0
601.6,941.87,270.27,24.57,92627,33.645672,-117.922613,0.0,58.95,221.0,0,11,0.0,0.0,0.0,0.0,0,0.0,2.0,10.0,0
1923.5,2417.9,494.4,16.48,90505,33.807882,-118.347957,0.0,66.3,999.0,1,30,2.0,2.0,0.0,1.0,2,0.0,2.0,17.0,0
2550.9,2580.9,0.0,0.0,92592,33.507255,-117.029473,0.0,49.15,984.0,0,52,0.0,0.0,2.0,1.0,0,0.0,2.0,18.0,1
4664.2,6071.8,1407.6,30.6,92332,34.9436,-115.287901,1.0,95.65,307.0,0,46,0.0,2.0,2.0,2.0,0,2.0,0.0,59.0,0
6283.3,9295.26,3011.96,48.58,95547,40.557314,-124.081662,0.0,100.15,438.0,1,62,0.0,0.0,2.0,2.0,0,2.0,2.0,13.0,1
899.8,1509.7,609.9,40.66,90059,33.927254,-118.249826,0.0,55.7,552.0,0,15,0.0,2.0,0.0,1.0,0,0.0,0.0,8.0,1
7344.45,8531.69,1187.24,17.72,95986,39.34128,-120.786867,1.0,109.7,1047.0,6,67,2.0,0.0,2.0,2.0,0,2.0,2.0,23.0,0
6441.4,8614.8,2063.4,34.39,95636,38.636102,-120.522149,1.0,106.0,389.0,0,60,2.0,0.0,0.0,2.0,0,2.0,0.0,17.0,1
2804.45,3014.75,210.3,7.01,92130,32.957195,-117.202542,0.0,94.1,852.0,1,30,2.0,0.0,2.0,2.0,0,0.0,0.0,24.0,1
19.55,50.18,30.63,30.63,95701,39.218096,-120.79153,0.0,19.55,17.0,0,1,1.0,1.0,1.0,3.0,3,1.0,1.0,0.0,0
1461.15,1629.15,168.0,10.5,95070,37.257772,-122.051824,0.0,94.65,895.0,3,16,0.0,0.0,2.0,2.0,0,0.0,2.0,2.0,0
3913.3,6002.35,2089.05,36.65,92602,33.720359,-117.733655,1.0,70.1,449.0,1,57,0.0,2.0,0.0,1.0,0,0.0,2.0,7.0,1
4445.3,4644.5,199.2,4.15,92242,34.137742,-114.36514,0.0,95.4,281.0,0,48,2.0,2.0,0.0,2.0,0,0.0,2.0,46.0,0
1385.85,3151.53,1765.68,31.53,90025,34.046174,-118.446333,2.0,24.45,552.0,2,56,1.0,1.0,1.0,3.0,2,1.0,1.0,0.0,0
45.95,51.07,5.12,5.12,91351,34.422519,-118.420717,0.0,45.95,149.0,0,1,0.0,0.0,0.0,1.0,0,0.0,2.0,30.0,1
1836.9,4118.13,2281.23,32.13,91384,34.506627,-118.699048,2.0,24.75,168.0,3,71,1.0,1.0,1.0,3.0,0,1.0,1.0,0.0,0
155.65,166.57,10.92,3.64,90013,34.044639,-118.240413,0.0,63.6,552.0,0,3,2.0,0.0,0.0,1.0,0,0.0,0.0,25.0,1
667.7,667.7,0.0,0.0,93263,35.490705,-119.286833,0.0,46.35,907.0,1,14,0.0,0.0,0.0,1.0,0,0.0,2.0,12.0,1
1093.2,1976.51,883.31,46.49,95060,36.993451,-122.098858,0.0,61.55,885.0,0,19,2.0,0.0,0.0,0.0,0,0.0,0.0,8.0,0
6287.25,9151.29,2864.04,49.38,92117,32.825086,-117.199424,1.0,108.85,852.0,1,58,0.0,2.0,2.0,2.0,0,2.0,0.0,19.0,1
45.95,92.12,46.17,46.17,93402,35.279984,-120.824288,0.0,45.95,557.0,0,1,0.0,0.0,0.0,0.0,1,0.0,0.0,19.0,1
33.2,97.26,64.06,32.03,95547,40.557314,-124.081662,0.0,20.35,438.0,0,2,1.0,1.0,1.0,3.0,0,1.0,1.0,0.0,1
374.5,830.1,455.6,22.78,92239,33.889605,-115.257009,0.0,19.4,254.0,0,20,1.0,1.0,1.0,3.0,3,1.0,1.0,0.0,1
7993.3,10009.7,2016.4,28.4,95830,38.490508,-121.284171,2.0,113.15,838.0,0,71,2.0,2.0,2.0,2.0,0,2.0,2.0,76.0,0
454.65,998.61,543.96,30.22,95320,37.818543,-121.006907,2.0,25.3,304.0,0,18,1.0,1.0,1.0,3.0,2,1.0,1.0,0.0,0
1275.65,1479.17,203.52,16.96,94134,37.721052,-122.413573,0.0,105.3,855.0,0,12,0.0,0.0,2.0,2.0,2,2.0,2.0,18.0,0
1120.95,1539.99,419.04,34.92,94066,37.624436,-122.430661,0.0,98.9,849.0,0,12,2.0,2.0,0.0,0.0,0,0.0,2.0,23.0,1
940.35,1465.16,524.81,40.37,95019,36.936228,-121.785559,0.0,74.3,345.0,0,13,0.0,0.0,0.0,2.0,0,2.0,0.0,21.0,1
6341.45,8414.43,2072.98,30.94,94535,38.265899,-121.939461,1.0,94.35,1004.0,1,67,2.0,2.0,0.0,2.0,0,0.0,2.0,11.0,1
1208.15,1208.15,0.0,0.0,94511,38.050558,-121.646924,2.0,52.5,76.0,1,24,2.0,2.0,2.0,1.0,3,2.0,2.0,75.0,0
1107.25,1626.7,519.45,34.63,96092,39.955164,-122.018567,0.0,74.9,1037.0,1,15,0.0,0.0,0.0,2.0,0,0.0,0.0,15.0,1
156.35,204.73,8.38,4.19,95139,37.218705,-121.762429,0.0,86.85,861.0,3,2,0.0,0.0,0.0,2.0,0,0.0,0.0,11.0,1
19.9,27.39,7.49,7.49,93261,35.809921,-119.127437,0.0,19.9,815.0,1,1,1.0,1.0,1.0,3.0,1,1.0,1.0,0.0,1
1058.25,1313.55,145.3,14.53,93626,37.027663,-119.69056,0.0,98.5,350.0,0,10,2.0,0.0,0.0,2.0,0,0.0,2.0,30.0,1
416.45,557.03,140.58,15.62,92108,32.774046,-117.142454,0.0,45.15,852.0,0,9,0.0,0.0,0.0,1.0,0,0.0,0.0,2.0,1
1068.85,1389.55,320.7,32.07,90028,34.099869,-118.326843,0.0,102.1,552.0,1,10,0.0,0.0,2.0,2.0,0,2.0,2.0,22.0,1
309.1,309.1,0.0,0.0,92117,32.825086,-117.199424,0.0,29.2,852.0,1,12,0.0,0.0,2.0,1.0,0,0.0,0.0,27.0,1
1299.8,2176.04,876.24,48.68,94544,37.639215,-122.037554,0.0,68.35,408.0,0,18,2.0,2.0,0.0,1.0,0,2.0,0.0,48.0,0
635.9,2104.19,1514.36,44.54,92868,33.787796,-117.875928,0.0,20.8,701.0,1,34,1.0,1.0,1.0,3.0,1,1.0,1.0,0.0,0
770.6,1466.41,695.81,40.93,92130,32.957195,-117.202542,0.0,45.05,852.0,0,17,0.0,0.0,0.0,1.0,0,0.0,0.0,2.0,1
6937.95,9660.15,2722.2,41.88,91301,34.129058,-118.759788,2.0,108.65,4.0,0,65,2.0,2.0,0.0,2.0,0,2.0,2.0,7.0,1
73.1,139.82,66.72,16.68,95312,37.420273,-120.66527,1.0,24.1,229.0,1,4,1.0,1.0,1.0,3.0,2,1.0,1.0,0.0,0
467.85,467.85,0.0,0.0,95337,37.750822,-121.238423,0.0,25.55,577.0,9,18,0.0,0.0,0.0,1.0,2,0.0,0.0,52.0,0
4891.5,6154.0,1172.5,16.75,93276,35.316263,-119.402559,2.0,66.0,1011.0,0,70,2.0,2.0,2.0,1.0,3,0.0,0.0,57.0,0
6125.4,7529.08,1403.68,22.64,93624,36.397745,-120.119911,1.0,96.75,326.0,0,62,0.0,0.0,0.0,2.0,0,2.0,2.0,9.0,1
342.4,434.24,91.84,5.74,91403,34.147149,-118.463365,0.0,19.7,913.0,0,16,1.0,1.0,1.0,3.0,0,1.0,1.0,0.0,1
3361.05,3977.83,516.78,15.66,91977,32.726627,-116.994608,1.0,103.75,944.0,1,33,2.0,2.0,0.0,2.0,0,2.0,2.0,24.0,1
2264.05,2585.17,321.12,13.38,93627,36.520537,-120.118055,0.0,93.55,412.0,1,24,0.0,0.0,0.0,2.0,0,0.0,2.0,12.0,1
1322.85,1937.01,614.16,8.53,93271,36.413433,-118.854708,2.0,19.95,994.0,0,72,1.0,1.0,1.0,3.0,2,1.0,1.0,0.0,0
381.3,397.86,16.56,4.14,92129,32.961064,-117.134917,0.0,85.95,852.0,1,4,0.0,0.0,0.0,2.0,0,0.0,2.0,30.0,1
1740.7,2383.3,642.6,35.7,90041,34.137412,-118.207607,0.0,96.05,552.0,0,18,0.0,2.0,0.0,2.0,0,0.0,2.0,26.0,1
847.3,1004.74,157.44,19.68,93608,36.488056,-120.407691,0.0,103.35,148.0,0,8,2.0,2.0,0.0,2.0,0,0.0,2.0,41.0,1
3950.85,5248.8,1297.95,25.45,92595,33.617108,-117.253349,1.0,78.65,1070.0,10,51,2.0,0.0,2.0,1.0,0,0.0,2.0,4.0,0
573.3,860.82,287.52,47.92,91764,34.074087,-117.605618,0.0,89.5,700.0,0,6,0.0,0.0,0.0,2.0,0,0.0,2.0,25.0,1
5567.55,5958.91,351.36,5.49,96134,41.813521,-121.492666,1.0,81.25,1009.0,0,64,2.0,2.0,2.0,1.0,0,2.0,0.0,69.0,0
3013.05,4396.87,1353.18,35.61,94903,38.018065,-122.546024,0.0,79.45,876.0,1,38,0.0,2.0,2.0,2.0,0,0.0,0.0,13.0,1
4600.7,5969.39,1368.69,31.83,92027,33.141265,-116.967221,0.0,108.15,305.0,0,43,2.0,2.0,2.0,2.0,0,0.0,0.0,10.0,1
69.6,115.81,46.21,46.21,92027,33.141265,-116.967221,0.0,69.6,305.0,0,1,0.0,0.0,0.0,2.0,0,0.0,2.0,58.0,1
2965.75,2965.75,0.0,0.0,96067,41.33832,-122.290756,2.0,41.95,643.0,9,68,0.0,2.0,2.0,0.0,0,2.0,0.0,28.0,0
400.3,1489.52,1089.22,49.51,95337,37.750822,-121.238423,0.0,19.9,577.0,2,22,1.0,1.0,1.0,3.0,2,1.0,1.0,0.0,0
109.8,148.95,39.15,7.83,95070,37.257772,-122.051824,0.0,20.25,895.0,0,5,1.0,1.0,1.0,3.0,0,1.0,1.0,0.0,0
55.7,103.92,48.22,48.22,92865,33.828779,-117.848299,0.0,55.7,701.0,0,1,0.0,0.0,0.0,0.0,0,0.0,2.0,22.0,1
769.1,830.12,61.02,6.78,95066,37.070177,-122.010077,0.0,79.75,899.0,3,9,0.0,0.0,0.0,2.0,0,0.0,2.0,59.0,0
436.9,1009.14,572.24,24.88,92394,34.567058,-117.362329,1.0,19.65,1035.0,2,23,1.0,1.0,1.0,3.0,0,1.0,1.0,0.0,0
7133.45,9417.53,2284.08,36.84,92505,33.920907,-117.489426,1.0,115.05,827.0,0,62,2.0,2.0,2.0,2.0,0,2.0,2.0,13.0,0
730.1,1574.84,844.74,22.23,95650,38.809175,-121.171375,1.0,20.1,548.0,0,38,1.0,1.0,1.0,3.0,0,1.0,1.0,0.0,0
651.55,733.17,81.62,7.42,93546,37.550074,-118.837167,1.0,53.8,574.0,0,11,2.0,0.0,0.0,1.0,0,2.0,0.0,17.0,0
3217.65,4792.37,1574.72,49.21,95254,38.192608,-120.957842,1.0,100.4,1041.0,1,32,0.0,0.0,2.0,2.0,2,0.0,0.0,19.0,0
2010.55,3723.1,1712.55,48.93,90807,33.830099,-118.182239,0.0,55.0,546.0,0,35,0.0,0.0,0.0,0.0,0,0.0,0.0,14.0,1
176.2,351.28,175.08,43.77,92802,33.807864,-117.923782,0.0,44.8,23.0,0,4,0.0,0.0,0.0,1.0,0,0.0,2.0,41.0,0
265.75,397.18,131.43,10.11,93111,34.460197,-119.802602,2.0,19.75,882.0,0,13,1.0,1.0,1.0,3.0,0,1.0,1.0,0.0,0
770.6,1466.41,695.81,40.93,92130,32.957195,-117.202542,0.0,45.05,852.0,0,17,0.0,0.0,0.0,1.0,0,0.0,0.0,2.0,1
1048.85,1451.05,402.2,40.22,95212,38.049457,-121.21653,0.0,94.9,954.0,0,10,0.0,0.0,0.0,2.0,0,2.0,2.0,41.0,1
1803.7,1803.7,0.0,0.0,92241,33.832799,-116.250973,1.0,54.6,255.0,0,33,2.0,0.0,0.0,0.0,0,2.0,0.0,11.0,0
1363.25,4927.25,3564.0,49.5,90503,33.840399,-118.353714,2.0,19.4,999.0,1,72,1.0,1.0,1.0,3.0,0,1.0,1.0,0.0,0
169.8,197.94,28.14,14.07,95006,37.171727,-122.142961,0.0,85.7,104.0,0,2,0.0,0.0,0.0,2.0,0,0.0,2.0,6.0,1
84.85,120.92,36.07,36.07,94568,37.713926,-121.928425,0.0,84.85,270.0,0,1,0.0,0.0,0.0,2.0,0,2.0,2.0,41.0,1
75.3,130.39,35.09,35.09,92274,33.53604,-116.119222,0.0,75.3,990.0,0,1,0.0,0.0,0.0,2.0,0,2.0,0.0,17.0,1
191.05,372.65,181.6,45.4,93247,36.205465,-119.085807,0.0,45.65,529.0,0,4,0.0,0.0,0.0,1.0,0,0.0,0.0,27.0,1
2030.3,2907.77,887.67,42.27,92239,33.889605,-115.257009,0.0,70.5,254.0,0,21,0.0,0.0,0.0,2.0,0,2.0,0.0,7.0,1
37.2,51.26,14.06,7.03,94080,37.654436,-122.426468,2.0,19.2,942.0,0,2,1.0,1.0,1.0,3.0,0,1.0,1.0,0.0,0
1522.65,2867.73,1235.08,44.11,95206,37.902422,-121.440029,0.0,56.05,954.0,0,28,0.0,2.0,2.0,0.0,0,0.0,0.0,15.0,0
45.7,51.25,5.55,5.55,93210,36.186867,-120.387793,0.0,45.7,202.0,0,1,0.0,0.0,0.0,1.0,0,0.0,0.0,13.0,1
2499.3,4101.05,1601.75,37.25,93204,35.916943,-120.129921,0.0,56.15,50.0,3,43,0.0,0.0,0.0,1.0,0,0.0,0.0,20.0,1
260.9,269.84,8.94,2.98,95206,37.902422,-121.440029,0.0,79.9,954.0,0,3,0.0,0.0,0.0,2.0,0,0.0,0.0,3.0,1
819.4,1143.0,323.6,40.45,94704,37.871416,-122.246597,0.0,100.6,74.0,0,8,0.0,0.0,0.0,2.0,0,2.0,0.0,29.0,1
1148.1,1684.62,536.52,44.71,90260,33.88856,-118.351813,0.0,96.05,516.0,0,12,0.0,0.0,0.0,0.0,0,0.0,2.0,25.0,1
69.25,77.59,8.34,2.78,95050,37.351214,-121.952417,1.0,19.45,883.0,0,3,1.0,1.0,1.0,3.0,0,1.0,1.0,0.0,0
308.1,485.54,177.44,44.36,92584,33.653338,-117.178271,0.0,86.05,599.0,0,4,0.0,0.0,0.0,2.0,0,2.0,2.0,20.0,0
4421.95,6152.38,1730.43,33.93,95623,38.63153,-120.842609,2.0,85.5,287.0,10,51,2.0,2.0,2.0,1.0,0,2.0,2.0,13.0,0
825.4,825.4,0.0,0.0,96003,40.677649,-122.29467,2.0,39.4,805.0,4,20,2.0,2.0,0.0,0.0,1,2.0,0.0,22.0,0
1067.15,1200.55,133.4,5.8,95636,38.636102,-120.522149,1.0,48.35,389.0,1,23,0.0,0.0,0.0,1.0,0,0.0,0.0,12.0,1
2496.7,2574.22,77.52,3.23,94104,37.791222,-122.402241,0.0,102.95,855.0,0,24,0.0,0.0,2.0,2.0,0,2.0,0.0,26.0,1
2043.45,2251.2,207.75,8.31,93705,36.78724,-119.827813,0.0,84.8,349.0,0,25,0.0,0.0,0.0,2.0,0,0.0,2.0,22.0,1
5029.2,6684.92,1655.72,31.24,93108,34.457541,-119.631072,0.0,93.9,882.0,1,53,0.0,2.0,0.0,2.0,0,2.0,2.0,73.0,1
19.3,68.5,49.2,49.2,93067,34.420998,-119.60137,0.0,19.3,963.0,0,1,1.0,1.0,1.0,3.0,0,1.0,1.0,0.0,1
3656.25,3656.25,0.0,0.0,90014,34.043144,-118.251977,2.0,53.0,552.0,4,68,0.0,0.0,2.0,1.0,1,2.0,2.0,23.0,0
266.9,317.22,50.32,12.58,94703,37.863843,-122.275684,0.0,70.05,74.0,0,4,0.0,0.0,0.0,2.0,0,0.0,0.0,19.0,1
6137.0,6664.94,527.94,8.38,93702,36.739385,-119.753649,1.0,99.9,349.0,0,63,0.0,0.0,2.0,2.0,0,0.0,2.0,59.0,1
443.9,617.7,173.8,43.45,92610,33.698728,-117.67768,1.0,105.65,330.0,0,4,2.0,0.0,2.0,2.0,0,2.0,2.0,52.0,1
7082.85,8882.7,1799.85,27.69,94506,37.791481,-121.903253,2.0,107.65,241.0,1,65,2.0,0.0,2.0,2.0,0,2.0,2.0,52.0,0
4495.65,5412.17,916.52,20.83,93041,34.110124,-119.100972,2.0,104.15,779.0,10,44,2.0,0.0,0.0,2.0,0,2.0,0.0,9.0,0
2716.3,3987.79,1271.49,38.53,95526,40.372532,-123.525626,0.0,83.85,112.0,0,33,0.0,0.0,2.0,2.0,0,2.0,0.0,2.0,1
1132.75,1590.67,337.92,28.16,95722,39.003358,-121.022539,0.0,99.95,596.0,0,12,2.0,0.0,0.0,2.0,0,0.0,2.0,42.0,1
2575.45,3446.43,870.98,23.54,92019,32.785165,-116.862648,2.0,72.25,284.0,8,37,0.0,0.0,0.0,2.0,0,0.0,0.0,7.0,0
370.4,409.67,39.27,5.61,95224,38.208336,-120.339938,0.0,54.85,51.0,0,7,0.0,0.0,0.0,1.0,0,0.0,0.0,24.0,0
1060.6,1520.8,460.2,35.4,90066,34.002028,-118.430656,0.0,83.2,552.0,0,13,0.0,0.0,0.0,2.0,0,2.0,0.0,18.0,1
6185.15,6795.71,610.56,8.48,94552,37.722727,-122.02157,2.0,84.7,170.0,0,72,2.0,2.0,0.0,2.0,0,0.0,0.0,22.0,0
4674.4,5961.02,1286.62,27.97,92508,33.885499,-117.324959,1.0,101.1,827.0,0,46,0.0,0.0,0.0,2.0,0,2.0,2.0,22.0,0
144.55,197.43,52.88,26.44,94971,38.240769,-122.901041,0.0,69.75,996.0,0,2,0.0,0.0,0.0,2.0,0,0.0,0.0,24.0,1
4860.35,7049.35,2189.0,49.75,93010,34.227846,-119.079903,1.0,109.8,138.0,0,44,0.0,2.0,2.0,2.0,0,2.0,0.0,2.0,0
6069.25,6276.05,176.8,2.72,95247,38.147852,-120.440124,1.0,93.55,648.0,0,65,2.0,2.0,0.0,2.0,0,0.0,2.0,16.0,0
2460.15,4539.35,2079.2,45.2,93108,34.457541,-119.631072,2.0,54.35,882.0,0,46,2.0,0.0,0.0,1.0,0,2.0,0.0,17.0,1
81.0,120.04,39.04,19.52,91931,32.857946,-116.561917,0.0,45.85,394.0,0,2,0.0,0.0,0.0,0.0,0,0.0,0.0,16.0,1
8436.25,9511.93,1075.68,14.94,93905,36.667794,-121.601306,2.0,117.35,841.0,0,72,2.0,2.0,2.0,2.0,0,2.0,2.0,30.0,0
3326.2,5181.86,1855.66,45.26,95251,38.055562,-120.456298,0.0,79.9,1024.0,1,41,2.0,2.0,2.0,0.0,3,2.0,2.0,56.0,1
740.3,976.22,155.92,19.49,95546,41.163637,-123.704841,0.0,94.7,428.0,0,8,0.0,0.0,0.0,2.0,0,2.0,2.0,10.0,1
20.2,61.3,41.1,41.1,90304,33.936827,-118.359824,0.0,20.2,446.0,0,1,1.0,1.0,1.0,3.0,0,1.0,1.0,0.0,0
5956.85,7030.37,1073.52,15.12,92624,33.458754,-117.665104,2.0,70.5,152.0,4,71,2.0,0.0,2.0,1.0,0,2.0,2.0,30.0,0
4941.8,6233.93,1292.13,26.37,92117,32.825086,-117.199424,1.0,100.45,852.0,1,49,0.0,0.0,2.0,2.0,0,0.0,2.0,19.0,1
914.3,1083.1,168.8,16.88,92397,34.358321,-117.618263,0.0,89.8,1093.0,0,10,0.0,0.0,0.0,2.0,0,2.0,0.0,24.0,1
59.55,100.94,41.39,41.39,95503,40.737431,-124.108897,0.0,59.55,309.0,0,1,2.0,0.0,0.0,0.0,1,0.0,2.0,48.0,0
5510.65,7447.13,1936.48,34.58,93270,35.939068,-119.043666,1.0,104.75,988.0,0,56,0.0,0.0,2.0,2.0,0,2.0,0.0,4.0,1
69.6,104.11,34.51,34.51,90254,33.86532,-118.396336,0.0,69.6,417.0,0,1,0.0,0.0,0.0,2.0,0,0.0,0.0,15.0,1
2320.8,2772.44,451.64,16.13,90745,33.822295,-118.26411,1.0,82.85,163.0,4,28,0.0,2.0,0.0,2.0,1,0.0,2.0,69.0,0
4312.5,4778.48,465.98,10.13,96085,41.737962,-123.07557,1.0,94.65,898.0,1,46,0.0,0.0,2.0,2.0,0,2.0,0.0,3.0,0
1157.05,1167.05,0.0,0.0,92707,33.714829,-117.872941,1.0,55.95,881.0,1,21,0.0,2.0,0.0,0.0,0,2.0,2.0,69.0,1
1574.45,2287.6,713.15,41.95,95628,38.652065,-121.25441,0.0,91.85,311.0,1,17,2.0,2.0,0.0,2.0,0,0.0,0.0,51.0,1
408.5,500.4,91.9,18.38,94074,37.331762,-122.341444,2.0,85.55,858.0,0,5,0.0,0.0,2.0,2.0,0,0.0,2.0,15.0,0
402.6,747.0,344.4,34.44,91321,34.370378,-118.504118,0.0,45.55,660.0,0,10,0.0,0.0,0.0,0.0,0,0.0,2.0,69.0,1
20.2,63.72,43.52,43.52,90290,34.115192,-118.61017,0.0,20.2,997.0,0,1,1.0,1.0,1.0,3.0,0,1.0,1.0,0.0,1
272.2,304.0,31.8,10.6,95385,37.609095,-121.263381,0.0,85.8,1034.0,0,3,2.0,0.0,0.0,2.0,0,0.0,2.0,73.0,1
1593.1,1548.97,0.0,0.0,92173,32.555828,-117.040073,2.0,45.4,879.0,1,37,2.0,2.0,0.0,1.0,0,0.0,0.0,27.0,0
5731.85,6813.38,1081.53,17.73,92880,33.918043,-117.617809,0.0,94.15,217.0,1,61,2.0,0.0,2.0,2.0,0,2.0,2.0,2.0,0
4481.0,6344.68,1863.68,29.12,90605,33.960891,-118.032222,2.0,70.2,1069.0,0,64,2.0,2.0,2.0,1.0,0,0.0,0.0,24.0,1
887.35,1371.15,483.8,48.38,90230,33.993991,-118.39704,0.0,79.85,234.0,0,10,0.0,2.0,0.0,2.0,0,2.0,0.0,42.0,0
154.65,232.77,78.12,26.04,95776,38.694081,-121.694431,0.0,55.1,1090.0,0,3,2.0,2.0,0.0,0.0,2,0.0,0.0,16.0,1
3097.2,3062.75,0.0,0.0,95828,38.486938,-121.395805,2.0,43.9,838.0,0,67,2.0,2.0,0.0,0.0,0,0.0,0.0,17.0,0
1663.75,2459.05,795.3,36.15,94596,37.900662,-122.052782,1.0,70.5,1043.0,6,22,2.0,0.0,0.0,1.0,2,2.0,2.0,11.0,0
2628.6,4195.0,1566.4,48.95,95835,38.685069,-121.543709,0.0,85.95,838.0,0,32,0.0,0.0,0.0,2.0,0,0.0,0.0,9.0,1
826.0,861.31,61.23,1.57,92260,33.694501,-116.412711,2.0,20.15,720.0,0,39,1.0,1.0,1.0,3.0,0,1.0,1.0,0.0,0
4242.35,4528.97,286.62,5.62,92028,33.362575,-117.299644,0.0,80.0,315.0,0,51,0.0,0.0,0.0,2.0,0,2.0,0.0,16.0,1
2869.85,3469.49,599.64,15.78,95651,38.815515,-120.916997,0.0,74.95,559.0,5,38,0.0,0.0,0.0,2.0,0,0.0,0.0,30.0,1
651.5,920.33,268.83,29.87,92586,33.707483,-117.200006,0.0,69.05,964.0,0,9,0.0,0.0,0.0,2.0,0,0.0,0.0,5.0,0
617.15,617.15,0.0,0.0,93514,37.04584,-118.397236,0.0,49.85,89.0,10,12,0.0,0.0,0.0,0.0,0,2.0,2.0,82.0,0
1078.9,1361.27,282.37,25.67,91030,34.110444,-118.156957,0.0,94.0,941.0,1,11,0.0,0.0,0.0,2.0,0,0.0,2.0,18.0,1
989.45,1525.31,535.86,41.22,94515,38.629618,-122.593216,1.0,75.3,135.0,1,13,0.0,0.0,0.0,0.0,0,2.0,2.0,82.0,1
79.55,121.68,32.13,32.13,94602,37.803883,-122.208417,0.0,79.55,688.0,0,1,0.0,0.0,0.0,2.0,0,0.0,0.0,15.0,1
1056.95,1398.83,341.88,31.08,90048,34.072945,-118.37267,0.0,99.5,552.0,1,11,0.0,0.0,0.0,2.0,0,2.0,2.0,26.0,1
358.5,771.96,413.46,22.97,95382,37.529656,-120.854357,0.0,20.05,1012.0,0,18,1.0,1.0,1.0,3.0,0,1.0,1.0,0.0,0
1050.5,2331.51,1281.01,24.17,95912,38.982373,-122.047751,2.0,19.5,35.0,0,53,1.0,1.0,1.0,3.0,0,1.0,1.0,0.0,0
20.1,24.21,4.11,4.11,92121,32.898613,-117.202937,0.0,20.1,852.0,0,1,1.0,1.0,1.0,3.0,0,1.0,1.0,0.0,1
300.7,466.14,165.44,15.04,95501,40.796621,-124.15428,2.0,25.0,309.0,1,11,1.0,1.0,1.0,3.0,2,1.0,1.0,0.0,0
4414.3,5163.79,749.49,17.43,91948,32.830852,-116.444601,0.0,103.0,642.0,1,43,0.0,0.0,2.0,2.0,0,2.0,0.0,26.0,1
1020.2,1443.48,423.28,38.48,93245,36.303666,-119.825657,0.0,90.6,524.0,9,11,0.0,0.0,0.0,2.0,1,0.0,2.0,19.0,0
6448.05,7787.94,1339.89,22.71,95445,38.848082,-123.50608,1.0,110.15,393.0,1,59,0.0,2.0,2.0,2.0,0,2.0,2.0,26.0,1
69.65,76.88,7.23,7.23,91351,34.422519,-118.420717,0.0,69.65,149.0,0,1,0.0,0.0,0.0,2.0,0,0.0,0.0,2.0,1
1442.2,2221.56,779.36,48.71,92266,33.3249,-114.758334,0.0,90.8,725.0,8,16,0.0,0.0,0.0,2.0,2,2.0,0.0,12.0,0
933.3,933.3,0.0,0.0,91731,34.079934,-118.046695,0.0,40.65,289.0,1,24,0.0,0.0,0.0,0.0,0,2.0,0.0,29.0,1
438.05,682.29,244.24,30.53,90211,34.063947,-118.383001,0.0,54.75,77.0,0,8,0.0,0.0,0.0,1.0,0,0.0,2.0,26.0,0
3326.2,5181.86,1855.66,45.26,95251,38.055562,-120.456298,0.0,79.9,1024.0,1,41,2.0,2.0,2.0,0.0,3,2.0,2.0,56.0,1
3161.4,4006.78,845.38,19.66,92139,32.677716,-117.047666,0.0,75.35,852.0,0,43,0.0,0.0,0.0,2.0,0,0.0,0.0,28.0,0
318.5,468.75,150.25,30.05,92109,32.787836,-117.232376,0.0,69.05,852.0,0,5,0.0,0.0,0.0,2.0,0,0.0,0.0,11.0,1
164.5,181.14,16.64,8.32,92109,32.787836,-117.232376,0.0,79.75,852.0,0,2,0.0,0.0,0.0,2.0,0,0.0,0.0,16.0,1
581.7,786.26,204.56,25.57,93109,34.406256,-119.726936,2.0,64.4,882.0,7,8,2.0,0.0,0.0,0.0,0,2.0,2.0,12.0,0
4925.35,7014.97,2089.62,36.66,91750,34.144703,-117.770299,1.0,89.85,493.0,1,57,0.0,0.0,2.0,2.0,0,0.0,0.0,9.0,0
506.9,569.55,62.65,8.95,95444,38.434362,-122.86891,0.0,69.0,379.0,1,7,0.0,0.0,0.0,2.0,0,0.0,2.0,73.0,1
1078.9,1361.27,282.37,25.67,91030,34.110444,-118.156957,0.0,94.0,941.0,1,11,0.0,0.0,0.0,2.0,0,0.0,2.0,18.0,1
4146.05,6368.63,2222.58,43.58,91915,32.605012,-116.97595,0.0,84.2,189.0,2,51,0.0,0.0,2.0,0.0,0,2.0,0.0,22.0,1
7532.15,11040.97,3508.82,49.42,94553,38.014457,-122.115432,2.0,108.05,585.0,0,71,2.0,2.0,0.0,2.0,0,2.0,2.0,53.0,1
1286.0,1431.73,145.73,2.47,95954,39.933852,-121.584371,2.0,20.6,572.0,1,59,1.0,1.0,1.0,3.0,2,1.0,1.0,0.0,0
5614.45,7178.85,1464.4,26.15,92707,33.714829,-117.872941,1.0,100.3,881.0,2,56,0.0,0.0,2.0,2.0,0,0.0,2.0,7.0,1
1779.95,1796.96,27.18,1.51,91791,34.061634,-117.893169,0.0,95.15,1056.0,6,18,0.0,0.0,0.0,2.0,0,2.0,2.0,28.0,1
50.8,73.62,22.82,22.82,92126,32.886925,-117.152162,0.0,50.8,852.0,0,1,2.0,0.0,0.0,0.0,0,0.0,0.0,27.0,1
720.45,971.75,251.3,25.13,95363,37.410236,-121.320337,2.0,75.3,735.0,7,10,0.0,2.0,0.0,2.0,0,0.0,0.0,30.0,0
4242.35,4528.97,286.62,5.62,92028,33.362575,-117.299644,0.0,80.0,315.0,0,51,0.0,0.0,0.0,2.0,0,2.0,0.0,16.0,1
20.85,43.71,22.86,22.86,93440,34.758699,-120.275839,0.0,20.85,550.0,1,1,1.0,1.0,1.0,3.0,0,1.0,1.0,0.0,1
25.25,25.25,0.0,0.0,92084,33.22784,-117.200024,0.0,25.25,1039.0,0,1,0.0,0.0,0.0,1.0,0,0.0,0.0,15.0,1
1723.95,1857.87,133.92,1.86,90670,33.933565,-118.062611,2.0,23.55,886.0,1,72,1.0,1.0,1.0,3.0,0,1.0,1.0,0.0,0
523.5,759.42,235.92,39.32,92126,32.886925,-117.152162,0.0,84.85,852.0,0,6,0.0,0.0,2.0,2.0,0,0.0,0.0,12.0,1
3369.25,3871.28,469.53,12.69,90815,33.797638,-118.11662,0.0,91.15,546.0,0,37,0.0,2.0,0.0,2.0,0,0.0,0.0,69.0,0
1975.85,2955.42,979.57,42.59,91360,34.214054,-118.88109,1.0,86.8,992.0,1,23,0.0,0.0,0.0,2.0,0,0.0,2.0,2.0,0
385.9,424.14,38.24,9.56,92356,34.508417,-116.856103,0.0,101.15,563.0,3,4,0.0,0.0,0.0,2.0,0,2.0,2.0,48.0,1
8192.6,10729.88,2537.28,35.24,94530,37.924838,-122.289145,2.0,112.75,286.0,0,72,2.0,2.0,2.0,2.0,0,2.0,2.0,42.0,0
424.45,622.45,198.0,49.5,94583,37.766556,-121.976784,0.0,94.3,877.0,0,4,0.0,0.0,0.0,2.0,0,0.0,2.0,23.0,1
1068.85,1389.55,320.7,32.07,90028,34.099869,-118.326843,0.0,102.1,552.0,1,10,0.0,0.0,2.0,2.0,0,2.0,2.0,22.0,1
24.4,24.4,0.0,0.0,96091,41.081847,-122.700545,0.0,24.4,1006.0,0,1,0.0,0.0,0.0,1.0,0,0.0,0.0,6.0,0
2434.45,2434.45,0.0,0.0,95619,38.683605,-120.811852,2.0,36.15,257.0,5,67,0.0,2.0,2.0,1.0,1,0.0,0.0,15.0,0
3835.55,4509.86,674.31,17.29,95564,40.809636,-124.189977,1.0,100.0,844.0,9,39,0.0,0.0,0.0,2.0,3,2.0,2.0,75.0,0
4867.95,5703.76,835.81,15.77,95335,38.109125,-120.078597,1.0,94.25,545.0,1,53,0.0,0.0,2.0,2.0,0,0.0,2.0,9.0,1
5375.15,7012.59,1637.44,24.08,95249,38.196497,-120.61689,2.0,80.35,845.0,8,68,0.0,2.0,0.0,2.0,3,2.0,0.0,41.0,0
5138.1,7443.78,2305.68,44.34,92027,33.141265,-116.967221,0.0,102.7,305.0,0,52,2.0,0.0,2.0,2.0,0,0.0,2.0,71.0,0
827.05,1049.29,222.24,18.52,92596,33.657433,-117.04254,0.0,74.75,1078.0,0,12,0.0,0.0,0.0,1.0,0,2.0,2.0,53.0,0
525.5,525.5,0.0,0.0,92408,34.084909,-117.258107,2.0,52.55,848.0,2,10,2.0,2.0,0.0,0.0,0,2.0,0.0,20.0,0
412.55,1191.35,778.8,35.4,96118,39.637471,-120.226338,1.0,19.25,561.0,0,22,1.0,1.0,1.0,3.0,0,1.0,1.0,0.0,0
1139.2,1398.92,298.2,21.3,94706,37.890274,-122.295192,0.0,85.15,9.0,1,14,0.0,0.0,0.0,2.0,0,0.0,2.0,42.0,1
164.3,387.9,223.6,27.95,93224,35.215731,-119.57013,0.0,70.5,319.0,0,8,1.0,1.0,1.0,3.0,0,1.0,1.0,0.0,1
2196.45,3295.21,1098.76,42.26,95462,38.471049,-123.015549,0.0,85.9,626.0,1,26,2.0,0.0,0.0,2.0,0,0.0,2.0,2.0,0
7318.2,10690.92,3372.72,48.88,93110,34.437945,-119.77191,2.0,108.4,882.0,1,69,2.0,0.0,2.0,2.0,0,2.0,0.0,4.0,1
1233.25,1348.93,115.68,4.82,96141,39.117018,-120.212535,0.0,49.3,425.0,0,24,0.0,0.0,0.0,1.0,0,2.0,0.0,16.0,0
1937.4,2547.96,610.56,8.48,90303,33.936291,-118.332639,2.0,25.7,446.0,9,72,1.0,1.0,1.0,3.0,0,1.0,1.0,0.0,0
1264.2,1699.88,435.68,27.23,95125,37.294926,-121.894763,1.0,79.5,861.0,0,16,2.0,0.0,0.0,2.0,3,0.0,0.0,69.0,0
790.0,2209.21,1419.21,36.39,95252,38.156971,-120.849231,2.0,20.45,1028.0,10,39,1.0,1.0,1.0,3.0,0,1.0,1.0,0.0,0
7220.35,8630.71,1410.36,20.44,92109,32.787836,-117.232376,1.0,104.7,852.0,0,69,2.0,0.0,2.0,2.0,0,0.0,2.0,3.0,1
6786.1,9632.5,2696.4,37.45,94541,37.674002,-122.076796,2.0,92.4,408.0,8,72,2.0,2.0,2.0,1.0,0,2.0,2.0,48.0,0
1042.65,3461.58,2418.93,47.43,95624,38.434138,-121.30587,2.0,20.45,297.0,0,51,1.0,1.0,1.0,3.0,0,1.0,1.0,0.0,0
470.2,1216.44,746.24,33.92,93950,36.618337,-121.926417,0.0,20.05,713.0,0,22,1.0,1.0,1.0,3.0,0,1.0,1.0,0.0,0
19.85,36.32,16.47,16.47,92551,33.88274,-117.224878,0.0,19.85,634.0,0,1,1.0,1.0,1.0,3.0,0,1.0,1.0,0.0,0
810.2,810.2,0.0,0.0,95369,37.521708,-120.426843,0.0,49.95,925.0,1,16,2.0,0.0,0.0,1.0,0,0.0,2.0,29.0,1
552.9,1020.0,467.1,17.3,94306,37.416159,-122.131337,1.0,20.05,723.0,0,27,1.0,1.0,1.0,3.0,3,1.0,1.0,0.0,0
85.5,95.5,0.0,0.0,90292,33.977468,-118.445475,0.0,45.25,581.0,0,2,0.0,0.0,0.0,1.0,0,0.0,2.0,48.0,1
419.9,1477.22,1057.32,48.06,90813,33.781086,-118.199049,1.0,20.15,546.0,3,22,1.0,1.0,1.0,3.0,0,1.0,1.0,0.0,0
383.65,547.7,164.05,32.81,93452,35.746484,-121.223355,0.0,74.65,878.0,0,5,0.0,0.0,2.0,2.0,0,0.0,0.0,16.0,0
3744.05,5152.27,1408.22,38.06,92109,32.787836,-117.232376,0.0,101.1,852.0,0,37,0.0,0.0,0.0,2.0,0,2.0,0.0,19.0,1
2724.25,4062.77,1268.52,40.92,94605,37.758019,-122.138678,0.0,87.6,688.0,0,31,2.0,2.0,0.0,2.0,0,2.0,0.0,20.0,0
1301.9,3388.51,2086.61,39.37,95249,38.196497,-120.61689,1.0,24.05,845.0,0,53,1.0,1.0,1.0,3.0,0,1.0,1.0,0.0,0
896.75,934.71,37.96,2.92,95843,38.715498,-121.363411,0.0,74.4,29.0,1,13,0.0,0.0,0.0,2.0,0,0.0,0.0,21.0,1
8476.5,9361.38,884.88,12.29,93901,36.64152,-121.622188,2.0,115.8,841.0,9,72,2.0,2.0,2.0,2.0,2,2.0,2.0,24.0,0
2157.95,3053.6,895.65,42.65,93501,35.097323,-118.171288,0.0,104.4,621.0,1,21,0.0,0.0,2.0,2.0,0,2.0,2.0,3.0,1
84.85,120.92,36.07,36.07,94568,37.713926,-121.928425,0.0,84.85,270.0,0,1,0.0,0.0,0.0,2.0,0,2.0,2.0,41.0,1
70.65,108.33,37.68,37.68,92259,32.698964,-115.886656,0.0,70.65,693.0,1,1,0.0,0.0,0.0,2.0,2,0.0,0.0,26.0,1
356.15,938.55,582.4,29.12,92860,33.925833,-117.559639,0.0,19.6,670.0,0,20,1.0,1.0,1.0,3.0,0,1.0,1.0,0.0,0
75.3,79.43,4.13,4.13,92806,33.83796,-117.870494,0.0,75.3,23.0,0,1,0.0,2.0,0.0,2.0,0,0.0,0.0,51.0,1
198.25,226.65,28.4,2.84,91436,34.152875,-118.486056,1.0,19.8,303.0,0,10,1.0,1.0,1.0,3.0,0,1.0,1.0,0.0,0
483.3,772.84,279.54,46.59,94546,37.708327,-122.083473,0.0,78.65,170.0,0,6,2.0,2.0,0.0,1.0,0,2.0,2.0,7.0,0
45.35,57.81,12.46,12.46,93422,35.453912,-120.69461,0.0,45.35,44.0,0,1,0.0,0.0,0.0,1.0,0,0.0,0.0,14.0,0
4594.95,4800.36,205.41,5.01,90023,34.017697,-118.200577,0.0,113.6,552.0,1,41,2.0,2.0,2.0,2.0,0,2.0,2.0,10.0,1
142.35,167.39,25.04,12.52,95542,40.057784,-123.679461,0.0,70.65,354.0,0,2,0.0,0.0,0.0,2.0,0,0.0,0.0,25.0,1
25.25,25.25,0.0,0.0,92084,33.22784,-117.200024,0.0,25.25,1039.0,0,1,0.0,0.0,0.0,1.0,0,0.0,0.0,15.0,1
415.55,448.01,28.9,5.78,92122,32.85723,-117.209774,0.0,80.6,852.0,0,5,0.0,0.0,0.0,2.0,0,0.0,0.0,52.0,1
5931.0,7330.6,1289.6,19.84,91104,34.165383,-118.123752,0.0,90.65,732.0,1,65,0.0,0.0,2.0,2.0,0,0.0,2.0,2.0,0
2302.35,4213.19,1849.63,49.99,92115,32.762506,-117.07245,2.0,61.45,852.0,0,37,2.0,2.0,2.0,0.0,1,0.0,0.0,27.0,0
3090.05,3190.05,0.0,0.0,95251,38.055562,-120.456298,2.0,53.35,1024.0,0,57,2.0,0.0,0.0,1.0,0,2.0,2.0,28.0,0
875.55,1221.59,346.04,8.44,95245,38.304194,-120.592431,2.0,20.65,622.0,9,41,1.0,1.0,1.0,3.0,0,1.0,1.0,0.0,0
3865.45,4406.25,540.8,10.4,92119,32.802959,-117.027095,1.0,75.4,852.0,9,52,0.0,2.0,2.0,1.0,0,0.0,2.0,85.0,0
1424.5,1588.51,34.01,1.79,91042,34.296574,-118.244839,0.0,73.85,1007.0,0,19,0.0,0.0,2.0,2.0,0,0.0,0.0,14.0,1
4677.1,6557.12,1880.02,28.06,93652,36.594542,-119.905245,2.0,70.9,791.0,8,67,2.0,2.0,2.0,1.0,0,2.0,0.0,15.0,0
6578.55,7136.9,558.35,8.59,95695,38.71967,-121.862416,0.0,104.35,1090.0,9,65,0.0,0.0,2.0,2.0,0,2.0,0.0,7.0,0
239.55,291.07,51.52,12.88,90062,34.003553,-118.308933,0.0,50.85,552.0,1,4,0.0,0.0,0.0,0.0,1,0.0,0.0,22.0,1
702.9,1443.42,740.52,20.57,95919,39.440687,-121.263583,0.0,19.2,116.0,3,36,1.0,1.0,1.0,3.0,2,1.0,1.0,0.0,0
135.75,193.81,58.06,29.03,92310,35.349241,-116.770281,0.0,71.65,340.0,5,2,0.0,0.0,0.0,2.0,1,0.0,0.0,10.0,0
4735.35,6270.75,1535.4,34.12,95947,40.160386,-120.835428,1.0,102.15,384.0,0,45,0.0,0.0,0.0,2.0,0,2.0,0.0,15.0,0
7998.8,8994.0,925.2,12.85,91701,34.132275,-117.611478,2.0,110.15,795.0,7,72,2.0,0.0,2.0,2.0,0,2.0,2.0,24.0,0
71.1,81.29,10.19,10.19,95923,40.171312,-121.120605,0.0,71.1,150.0,0,1,0.0,0.0,0.0,2.0,0,0.0,0.0,9.0,1
3017.65,4428.28,1410.63,36.17,91942,32.782501,-117.01611,0.0,75.25,488.0,0,39,0.0,0.0,0.0,2.0,0,0.0,0.0,5.0,1
2854.95,4425.31,1530.36,42.51,93704,36.799648,-119.801247,0.0,79.2,349.0,0,36,2.0,2.0,0.0,0.0,0,2.0,2.0,52.0,0
3313.4,3687.25,397.32,9.46,90745,33.822295,-118.26411,0.0,79.9,163.0,0,42,0.0,0.0,0.0,2.0,0,2.0,0.0,14.0,0
5957.9,7807.8,1849.9,28.46,95681,38.984756,-121.345074,2.0,90.45,912.0,3,65,2.0,2.0,2.0,0.0,1,2.0,2.0,14.0,0
50.6,105.89,55.29,18.43,95312,37.420273,-120.66527,0.0,20.2,229.0,0,3,1.0,1.0,1.0,3.0,3,1.0,1.0,0.0,0
3066.45,3353.82,287.37,9.27,96150,38.911577,-120.106169,1.0,103.45,940.0,0,31,0.0,0.0,2.0,2.0,0,2.0,2.0,30.0,1
2203.65,2628.34,453.18,10.79,95316,37.524721,-120.757977,0.0,50.25,252.0,2,42,0.0,0.0,0.0,0.0,0,0.0,0.0,41.0,1
2391.8,3222.68,830.88,34.62,90670,33.933565,-118.062611,0.0,70.5,886.0,1,24,0.0,0.0,0.0,2.0,0,2.0,2.0,23.0,1
3357.9,3613.36,255.46,4.82,91789,34.018354,-117.85492,1.0,61.1,1042.0,0,53,0.0,0.0,0.0,1.0,0,2.0,2.0,24.0,0
1266.1,1424.44,158.34,11.31,94904,37.946617,-122.563571,0.0,90.45,381.0,0,14,0.0,0.0,0.0,2.0,0,0.0,0.0,24.0,1
3003.55,3503.95,500.4,13.9,92653,33.606899,-117.717854,1.0,85.85,497.0,0,36,2.0,2.0,2.0,0.0,0,2.0,2.0,73.0,0
259.4,354.25,94.85,18.97,95051,37.348129,-121.98469,0.0,55.7,883.0,3,5,2.0,0.0,0.0,0.0,1,0.0,0.0,12.0,0
4213.35,6056.65,1846.23,45.03,95742,38.591134,-121.161585,1.0,102.6,794.0,1,41,2.0,0.0,0.0,2.0,0,2.0,2.0,10.0,1
5265.1,6697.3,1432.2,21.7,95661,38.736685,-121.251984,2.0,80.55,833.0,1,66,0.0,0.0,2.0,0.0,0,2.0,0.0,3.0,1
1292.6,2467.15,1174.55,18.07,93543,34.505273,-117.955054,2.0,19.9,532.0,2,65,1.0,1.0,1.0,3.0,0,1.0,1.0,0.0,0
119.75,181.21,61.46,30.73,94596,37.900662,-122.052782,0.0,68.95,1043.0,0,2,0.0,0.0,0.0,2.0,0,0.0,2.0,39.0,1
364.55,467.71,104.64,26.16,95714,39.197215,-120.83679,0.0,101.7,278.0,0,4,0.0,0.0,2.0,2.0,0,0.0,2.0,85.0,1
1115.2,1582.68,467.48,35.96,96015,41.486953,-120.913975,0.0,84.6,146.0,0,13,0.0,0.0,0.0,2.0,0,0.0,2.0,42.0,1
235.2,302.9,67.7,13.54,94805,37.941456,-122.320968,0.0,48.65,816.0,0,5,2.0,0.0,0.0,1.0,2,0.0,0.0,21.0,0
1899.65,2005.85,106.2,5.31,93208,36.057458,-118.591951,0.0,94.55,141.0,7,20,0.0,0.0,0.0,2.0,0,0.0,2.0,10.0,1
59.05,59.05,0.0,0.0,95427,39.239818,-123.565432,0.0,30.9,210.0,0,2,2.0,0.0,0.0,1.0,0,0.0,0.0,18.0,1
35.0,35.0,0.0,0.0,93442,35.369553,-120.763864,0.0,35.0,637.0,9,1,0.0,0.0,0.0,1.0,0,0.0,2.0,14.0,0
4259.3,5175.38,924.96,22.56,95488,39.724433,-123.767578,0.0,99.8,1064.0,0,41,0.0,0.0,0.0,2.0,0,2.0,0.0,15.0,1
1809.35,3682.07,1872.72,26.01,93514,37.04584,-118.397236,2.0,25.4,89.0,0,72,1.0,1.0,1.0,3.0,0,1.0,1.0,0.0,0
318.5,468.75,150.25,30.05,92109,32.787836,-117.232376,0.0,69.05,852.0,0,5,0.0,0.0,0.0,2.0,0,0.0,0.0,11.0,1
661.25,956.28,285.03,31.67,95372,37.990574,-120.261821,0.0,79.35,936.0,1,9,0.0,0.0,0.0,0.0,0,2.0,0.0,59.0,1
4946.05,5450.05,504.0,10.5,92243,32.770393,-115.60915,0.0,70.5,285.0,0,48,2.0,0.0,0.0,2.0,0,2.0,2.0,12.0,0
2139.2,2462.4,323.2,8.08,92109,32.787836,-117.232376,0.0,55.25,852.0,0,40,0.0,2.0,2.0,1.0,1,0.0,0.0,76.0,1
6383.35,6824.17,440.82,7.11,94558,38.489789,-122.27011,1.0,103.75,651.0,1,62,0.0,0.0,2.0,2.0,0,2.0,2.0,16.0,1
6471.85,7161.55,689.7,10.45,95368,37.713152,-121.08739,2.0,102.4,840.0,0,66,0.0,2.0,0.0,2.0,0,0.0,2.0,20.0,0
2893.4,2893.4,0.0,0.0,93458,34.95934,-120.490081,2.0,60.75,888.0,0,46,2.0,2.0,0.0,1.0,0,2.0,2.0,13.0,0
971.3,971.3,0.0,0.0,95728,39.279068,-120.414275,0.0,39.1,926.0,1,24,0.0,2.0,0.0,1.0,0,0.0,0.0,5.0,1
1781.35,2289.55,508.2,25.41,93463,34.624399,-120.137875,0.0,90.7,929.0,0,20,0.0,0.0,0.0,2.0,0,2.0,0.0,27.0,0
3762.0,5104.73,1342.73,36.29,92027,33.141265,-116.967221,0.0,99.5,305.0,1,37,0.0,0.0,0.0,2.0,0,2.0,2.0,27.0,1
178.8,545.46,366.66,40.74,92404,34.183286,-117.221722,0.0,19.85,848.0,0,9,1.0,1.0,1.0,3.0,0,1.0,1.0,0.0,0
1474.75,1889.29,414.54,19.74,94063,37.499411,-122.196318,0.0,69.1,809.0,1,21,0.0,0.0,0.0,2.0,0,0.0,0.0,18.0,1
2433.5,3360.02,926.52,33.09,92091,32.99356,-117.207121,0.0,89.9,798.0,7,28,0.0,0.0,2.0,2.0,0,2.0,2.0,19.0,0
1245.6,1917.81,672.21,10.67,96051,40.883853,-122.418258,2.0,19.55,505.0,4,63,1.0,1.0,1.0,3.0,2,1.0,1.0,0.0,0
3043.6,3545.95,502.35,9.85,95715,39.23754,-120.720196,1.0,59.9,301.0,0,51,2.0,2.0,0.0,0.0,0,0.0,0.0,3.0,0
4116.15,5882.65,1766.5,35.33,92113,32.697098,-117.116587,0.0,84.4,852.0,1,50,0.0,0.0,0.0,2.0,0,0.0,0.0,17.0,1
847.3,1004.74,157.44,19.68,93608,36.488056,-120.407691,0.0,103.35,148.0,0,8,2.0,2.0,0.0,2.0,0,0.0,2.0,41.0,1
32.7,66.76,34.06,17.03,91711,34.127621,-117.717863,0.0,20.0,191.0,0,2,1.0,1.0,1.0,3.0,0,1.0,1.0,0.0,0
44.75,85.62,40.87,40.87,95203,37.954089,-121.329761,0.0,44.75,954.0,0,1,0.0,0.0,0.0,0.0,0,0.0,0.0,21.0,0
1056.95,1398.83,341.88,31.08,90048,34.072945,-118.37267,0.0,99.5,552.0,1,11,0.0,0.0,0.0,2.0,0,2.0,2.0,26.0,1
1802.15,2062.83,260.68,9.31,93261,35.809921,-119.127437,0.0,64.4,815.0,2,28,0.0,0.0,2.0,1.0,2,0.0,2.0,19.0,0
1483.25,1950.29,327.04,20.44,94804,37.921034,-122.341798,0.0,94.25,816.0,0,16,0.0,2.0,0.0,2.0,0,0.0,2.0,59.0,1
1864.65,3357.77,1493.12,46.66,95129,37.305622,-122.000887,0.0,61.4,861.0,3,32,2.0,2.0,2.0,1.0,1,0.0,0.0,17.0,0
6314.35,7531.06,1230.08,19.22,92131,32.89325,-117.087091,1.0,96.9,852.0,10,64,2.0,2.0,0.0,2.0,0,0.0,2.0,21.0,0
2697.4,3732.18,1034.78,33.38,91040,34.282704,-118.312929,0.0,86.55,966.0,0,31,0.0,0.0,0.0,2.0,0,0.0,0.0,27.0,1
69.9,115.56,45.66,45.66,94555,37.555473,-122.080312,0.0,69.9,346.0,0,1,0.0,0.0,0.0,2.0,0,0.0,0.0,28.0,1
1415.55,1933.13,517.58,36.97,93427,34.631362,-120.238218,0.0,100.55,117.0,0,14,0.0,0.0,2.0,2.0,0,0.0,2.0,27.0,1
545.15,771.95,226.8,32.4,95987,39.117537,-122.284654,0.0,73.75,1071.0,0,7,0.0,0.0,0.0,2.0,0,0.0,0.0,7.0,1
2421.75,3555.75,1134.0,27.0,95386,37.669516,-120.626964,0.0,55.65,1048.0,0,42,0.0,0.0,0.0,0.0,0,2.0,0.0,30.0,0
2838.7,3784.2,865.5,28.85,92679,33.631119,-117.567346,0.0,94.4,1000.0,1,30,0.0,2.0,2.0,2.0,0,0.0,0.0,6.0,1
235.5,252.12,16.62,5.54,92126,32.886925,-117.152162,0.0,70.3,852.0,0,3,0.0,0.0,0.0,2.0,0,0.0,0.0,16.0,1
8564.75,9004.24,439.49,6.19,92614,33.680302,-117.833296,2.0,116.25,449.0,4,71,2.0,2.0,2.0,2.0,0,2.0,2.0,9.0,0
7690.9,8119.86,408.96,5.76,95651,38.815515,-120.916997,2.0,108.6,559.0,1,71,2.0,0.0,2.0,2.0,0,2.0,2.0,11.0,1
124.45,168.55,44.1,7.35,95965,39.624561,-121.552866,2.0,19.55,711.0,0,6,1.0,1.0,1.0,3.0,0,1.0,1.0,0.0,0
2459.8,4517.84,2058.04,44.74,91945,32.733564,-117.033713,0.0,53.1,523.0,1,46,0.0,2.0,0.0,1.0,0,0.0,2.0,82.0,0
1893.95,2180.15,286.2,10.6,94588,37.685052,-121.912061,0.0,75.5,771.0,1,27,0.0,0.0,0.0,2.0,0,0.0,0.0,23.0,1
4045.65,6125.87,2080.22,44.26,94572,38.027218,-122.23463,0.0,85.3,829.0,1,47,0.0,0.0,0.0,0.0,0,2.0,2.0,23.0,1
2062.15,2062.15,0.0,0.0,95360,37.343846,-121.039391,0.0,45.55,661.0,3,46,0.0,2.0,2.0,1.0,0,0.0,0.0,30.0,0
59.05,59.05,0.0,0.0,95427,39.239818,-123.565432,0.0,30.9,210.0,0,2,2.0,0.0,0.0,1.0,0,0.0,0.0,18.0,1
154.3,184.68,30.38,15.19,91202,34.167926,-118.267539,0.0,72.6,366.0,0,2,0.0,0.0,0.0,2.0,0,0.0,0.0,30.0,0
2869.85,3469.49,599.64,15.78,95651,38.815515,-120.916997,0.0,74.95,559.0,5,38,0.0,0.0,0.0,2.0,0,0.0,0.0,30.0,1
1752.45,2108.72,293.42,17.26,96086,41.924174,-123.260788,2.0,101.8,904.0,0,17,0.0,0.0,2.0,2.0,0,2.0,0.0,25.0,0
1072.0,1088.66,16.66,1.19,93673,36.456091,-119.486225,0.0,80.45,1003.0,0,14,0.0,0.0,0.0,2.0,0,2.0,0.0,23.0,1
2722.2,4846.48,1974.28,44.87,90720,33.79499,-118.065591,1.0,61.5,549.0,8,44,0.0,2.0,2.0,0.0,0,2.0,0.0,20.0,0
471.55,928.71,457.16,20.78,91762,34.057256,-117.667677,0.0,20.45,700.0,1,22,1.0,1.0,1.0,3.0,0,1.0,1.0,0.0,0
70.15,112.24,42.09,42.09,93628,36.807595,-118.901544,0.0,70.15,433.0,0,1,0.0,0.0,0.0,2.0,0,0.0,0.0,9.0,1
770.6,1466.41,695.81,40.93,92130,32.957195,-117.202542,0.0,45.05,852.0,0,17,0.0,0.0,0.0,1.0,0,0.0,0.0,2.0,1
1253.9,1556.18,302.28,25.19,93205,35.523991,-118.400432,0.0,106.7,97.0,0,12,0.0,0.0,2.0,2.0,0,2.0,2.0,12.0,1
3264.5,3935.58,671.08,17.66,90712,33.840524,-118.148403,0.0,84.25,509.0,0,38,2.0,0.0,2.0,2.0,0,2.0,2.0,41.0,1
847.8,951.75,103.95,3.15,90503,33.840399,-118.353714,1.0,24.9,999.0,0,33,1.0,1.0,1.0,3.0,0,1.0,1.0,0.0,0
365.8,1091.02,725.22,42.66,94533,38.287136,-122.02711,1.0,20.5,313.0,0,17,1.0,1.0,1.0,3.0,0,1.0,1.0,0.0,0
20.1,24.21,4.11,4.11,92121,32.898613,-117.202937,0.0,20.1,852.0,0,1,1.0,1.0,1.0,3.0,0,1.0,1.0,0.0,1
7047.5,8320.2,1272.7,19.58,91755,34.049172,-118.115022,1.0,107.45,629.0,7,65,0.0,0.0,2.0,2.0,3,2.0,2.0,26.0,0
6428.4,8943.43,2515.03,41.23,92823,33.924143,-117.79387,2.0,106.6,109.0,0,61,2.0,0.0,0.0,2.0,0,2.0,2.0,28.0,1
70.3,86.22,15.92,15.92,90221,33.885811,-118.206459,0.0,70.3,211.0,0,1,0.0,0.0,0.0,2.0,0,0.0,0.0,11.0,1
6735.05,6831.53,96.48,1.34,92870,33.881158,-117.854783,2.0,93.05,764.0,10,72,2.0,2.0,2.0,2.0,0,2.0,0.0,30.0,0
69.65,76.88,7.23,7.23,91351,34.422519,-118.420717,0.0,69.65,149.0,0,1,0.0,0.0,0.0,2.0,0,0.0,0.0,2.0,1
2796.45,3174.45,378.0,8.4,93226,35.735694,-118.738483,1.0,62.55,370.0,0,45,2.0,2.0,2.0,1.0,0,0.0,0.0,8.0,0
857.8,1194.44,336.64,21.04,92282,33.972293,-116.654195,1.0,55.85,1067.0,1,16,0.0,2.0,2.0,0.0,0,0.0,0.0,17.0,0
5025.85,7833.13,2807.28,38.99,95065,37.031404,-121.981865,2.0,71.45,885.0,8,72,0.0,2.0,0.0,0.0,1,2.0,2.0,73.0,0
344.5,593.97,249.47,13.13,90270,33.988572,-118.186565,1.0,19.8,589.0,1,19,1.0,1.0,1.0,3.0,1,1.0,1.0,0.0,0
44.65,44.65,0.0,0.0,95692,39.043387,-121.409837,0.0,44.65,1066.0,0,1,2.0,0.0,2.0,0.0,0,0.0,2.0,19.0,1
460.25,500.59,69.93,2.59,90803,33.760458,-118.129725,0.0,19.4,546.0,0,27,1.0,1.0,1.0,3.0,0,1.0,1.0,0.0,0
1734.5,1761.7,27.2,1.36,91731,34.079934,-118.046695,0.0,85.25,289.0,0,20,0.0,0.0,0.0,2.0,0,0.0,0.0,25.0,1
80.55,124.22,43.67,43.67,95403,38.488431,-122.752839,0.0,80.55,891.0,1,1,0.0,0.0,0.0,2.0,0,0.0,2.0,73.0,1
2347.9,2519.91,191.68,5.99,94923,38.377165,-123.037957,0.0,69.75,96.0,1,32,0.0,0.0,0.0,2.0,0,0.0,0.0,5.0,1
69.25,106.55,37.3,37.3,95417,39.710591,-123.682799,0.0,69.25,107.0,1,1,0.0,0.0,0.0,2.0,0,0.0,0.0,8.0,1
196.9,273.92,77.02,38.51,95219,38.029729,-121.387999,0.0,95.15,954.0,0,2,0.0,0.0,0.0,2.0,0,0.0,2.0,25.0,1
343.45,785.04,470.22,27.66,95903,39.125311,-121.392283,2.0,19.15,64.0,0,17,1.0,1.0,1.0,3.0,0,1.0,1.0,0.0,0
223.75,223.75,0.0,0.0,96120,38.735789,-119.85798,0.0,57.2,583.0,0,4,0.0,2.0,2.0,0.0,3,2.0,2.0,52.0,0
1359.7,1359.7,0.0,0.0,94550,37.571748,-121.659562,0.0,30.35,534.0,2,44,0.0,0.0,2.0,0.0,0,0.0,0.0,28.0,1
5464.65,6465.0,1000.35,17.55,92117,32.825086,-117.199424,2.0,95.25,852.0,0,57,0.0,0.0,0.0,2.0,0,2.0,2.0,15.0,1
134.5,267.88,133.38,44.46,90004,34.076259,-118.310715,0.0,44.3,552.0,1,3,0.0,0.0,0.0,1.0,0,0.0,2.0,51.0,1
749.35,2422.86,1684.16,44.32,92843,33.764018,-117.931507,1.0,20.3,355.0,1,38,1.0,1.0,1.0,3.0,3,1.0,1.0,0.0,0
529.5,777.44,247.94,35.42,93207,35.865795,-118.69759,0.0,69.95,132.0,9,7,0.0,0.0,0.0,2.0,0,0.0,0.0,3.0,1
1046.2,1210.23,164.03,3.49,95430,38.445603,-123.063756,2.0,20.15,273.0,0,47,1.0,1.0,1.0,3.0,0,1.0,1.0,0.0,0
3229.65,4478.16,1148.51,21.67,95126,37.327069,-121.916819,1.0,60.05,861.0,1,53,2.0,2.0,0.0,0.0,0,0.0,0.0,6.0,1
1847.55,2500.75,653.2,9.2,92078,33.119028,-117.166036,2.0,25.35,868.0,2,71,1.0,1.0,1.0,3.0,2,1.0,1.0,0.0,0
815.5,1093.14,277.64,25.24,92808,33.850452,-117.726668,0.0,74.95,23.0,0,11,0.0,0.0,2.0,2.0,0,0.0,0.0,29.0,1
4991.5,5352.63,361.13,5.39,95237,38.166791,-121.14207,1.0,72.35,537.0,0,67,2.0,2.0,0.0,0.0,0,2.0,2.0,9.0,0
19.75,31.66,11.91,11.91,94608,37.83726,-122.287648,0.0,19.75,300.0,0,1,1.0,1.0,1.0,3.0,3,1.0,1.0,0.0,1
228.65,869.29,640.64,45.76,95203,37.954089,-121.329761,1.0,19.65,954.0,8,14,1.0,1.0,1.0,3.0,0,1.0,1.0,0.0,0
2106.3,2525.52,419.22,12.33,93441,34.70434,-120.02609,1.0,64.2,556.0,2,34,2.0,0.0,0.0,0.0,0,2.0,0.0,23.0,0
19.5,51.95,32.45,32.45,90265,34.074572,-118.831181,0.0,70.5,573.0,0,1,1.0,1.0,1.0,3.0,0,1.0,1.0,0.0,1
57.2,66.56,9.36,3.12,93530,36.560498,-117.962461,0.0,19.85,464.0,0,3,1.0,1.0,1.0,3.0,0,1.0,1.0,0.0,0
288.05,419.51,131.46,21.91,94107,37.768881,-122.395521,0.0,50.8,855.0,0,6,2.0,0.0,0.0,1.0,0,0.0,0.0,12.0,1
3865.6,5937.36,2071.76,44.08,95132,37.424655,-121.74841,1.0,86.05,861.0,0,47,0.0,0.0,0.0,2.0,0,0.0,0.0,20.0,0
4908.25,5171.77,263.52,3.66,93611,36.917652,-119.593757,2.0,69.65,200.0,0,72,2.0,2.0,2.0,1.0,0,2.0,0.0,13.0,0
749.25,925.5,176.25,11.75,92346,34.129677,-117.154277,0.0,49.0,420.0,0,15,0.0,0.0,0.0,1.0,0,0.0,0.0,28.0,0
1087.45,1813.93,726.48,40.36,95624,38.434138,-121.30587,1.0,61.5,297.0,7,18,2.0,2.0,2.0,1.0,2,0.0,0.0,51.0,0
319.15,376.35,57.2,14.3,93933,36.689582,-121.758398,0.0,80.6,580.0,1,4,2.0,0.0,0.0,2.0,0,2.0,0.0,2.0,1
820.5,917.7,97.2,12.15,90006,34.048013,-118.293953,0.0,99.65,552.0,0,8,0.0,0.0,0.0,0.0,2,2.0,2.0,26.0,1
69.5,190.7,41.2,41.2,93933,36.689582,-121.758398,0.0,69.5,580.0,0,1,0.0,0.0,0.0,2.0,0,0.0,0.0,15.0,1
539.85,539.85,0.0,0.0,93205,35.523991,-118.400432,0.0,58.5,97.0,0,9,2.0,2.0,0.0,0.0,0,2.0,2.0,48.0,1
3124.5,3785.16,660.66,20.02,90623,33.850504,-118.039892,1.0,93.8,490.0,5,33,0.0,0.0,0.0,2.0,0,2.0,2.0,27.0,1
1215.1,2747.26,1532.16,24.32,95960,39.423046,-120.984472,2.0,19.5,676.0,0,63,1.0,1.0,1.0,3.0,1,1.0,1.0,0.0,0
20.45,60.06,39.61,39.61,95403,38.488431,-122.752839,0.0,20.45,891.0,0,1,1.0,1.0,1.0,3.0,0,1.0,1.0,0.0,0
1871.85,2827.29,955.44,13.27,94116,37.74441,-122.486764,2.0,24.85,855.0,1,72,1.0,1.0,1.0,3.0,0,1.0,1.0,0.0,0
20.4,47.9,27.5,27.5,95570,41.162295,-124.027381,1.0,20.4,1005.0,3,1,1.0,1.0,1.0,3.0,2,1.0,1.0,0.0,0
692.1,1185.85,493.75,19.75,93245,36.303666,-119.825657,2.0,24.75,524.0,0,25,1.0,1.0,1.0,3.0,0,1.0,1.0,0.0,1
2145.0,2285.0,0.0,0.0,92397,34.358321,-117.618263,0.0,45.3,1093.0,3,48,0.0,2.0,0.0,0.0,0,2.0,2.0,58.0,1
220.45,398.45,178.0,35.6,93602,36.991762,-119.242874,0.0,44.8,47.0,10,5,0.0,0.0,0.0,0.0,2,0.0,0.0,19.0,0
70.45,85.73,15.28,15.28,90720,33.79499,-118.065591,0.0,70.45,549.0,1,1,0.0,0.0,0.0,2.0,2,0.0,0.0,30.0,1
901.25,2295.65,1394.4,39.84,90006,34.048013,-118.293953,0.0,25.6,552.0,0,35,1.0,1.0,1.0,3.0,0,1.0,1.0,0.0,0
1129.35,1298.0,208.64,13.04,95032,37.233034,-121.947427,0.0,74.75,554.0,0,16,0.0,0.0,0.0,2.0,0,0.0,0.0,16.0,0
431.0,466.92,25.92,2.88,95949,39.099204,-121.137962,0.0,44.95,378.0,0,9,0.0,0.0,0.0,1.0,0,0.0,0.0,26.0,1
77.15,77.15,0.0,0.0,90502,33.833181,-118.292062,0.0,40.4,999.0,0,2,2.0,0.0,2.0,1.0,0,2.0,0.0,8.0,1
914.3,1083.1,168.8,16.88,92397,34.358321,-117.618263,0.0,89.8,1093.0,0,10,0.0,0.0,0.0,2.0,0,2.0,0.0,24.0,1
1882.55,2625.75,743.2,46.45,92315,34.242058,-116.89802,0.0,112.95,81.0,8,16,2.0,2.0,0.0,2.0,1,2.0,2.0,12.0,0
59.2,72.78,13.58,13.58,90063,34.044271,-118.185237,0.0,59.2,552.0,0,1,0.0,0.0,0.0,1.0,3,2.0,2.0,24.0,1
288.05,755.15,467.1,31.14,92121,32.898613,-117.202937,0.0,20.0,852.0,1,15,1.0,1.0,1.0,3.0,3,1.0,1.0,0.0,1
238.15,551.26,313.11,34.79,90013,34.044639,-118.240413,0.0,20.15,552.0,0,9,1.0,1.0,1.0,3.0,0,1.0,1.0,0.0,0
181.8,305.28,123.48,13.72,95602,38.99003,-121.114408,0.0,20.4,48.0,0,9,1.0,1.0,1.0,3.0,0,1.0,1.0,0.0,0
389.1,492.18,103.08,17.18,95695,38.71967,-121.862416,0.0,56.25,1090.0,0,6,0.0,2.0,2.0,1.0,0,0.0,0.0,22.0,1
2001.5,2872.26,870.76,39.58,91605,34.207295,-118.400022,0.0,89.4,674.0,0,22,0.0,0.0,2.0,2.0,0,2.0,0.0,12.0,1
2979.5,3912.94,853.44,30.48,93257,36.008958,-118.891593,0.0,105.7,781.0,0,28,0.0,0.0,2.0,2.0,0,2.0,2.0,13.0,1
1203.95,2308.39,1140.48,23.76,93257,36.008958,-118.891593,1.0,24.55,781.0,0,48,1.0,1.0,1.0,3.0,0,1.0,1.0,0.0,0
3184.25,3184.25,0.0,0.0,91737,34.245289,-117.642503,1.0,60.45,795.0,1,53,2.0,0.0,2.0,1.0,0,2.0,2.0,13.0,1
20.15,53.73,33.58,33.58,90024,34.066303,-118.435479,0.0,20.15,552.0,0,1,1.0,1.0,1.0,3.0,0,1.0,1.0,0.0,1
6448.05,7787.94,1339.89,22.71,95445,38.848082,-123.50608,1.0,110.15,393.0,1,59,0.0,2.0,2.0,2.0,0,2.0,2.0,26.0,1
1259.0,1449.96,190.96,13.64,92117,32.825086,-117.199424,0.0,90.9,852.0,1,14,0.0,0.0,2.0,2.0,0,0.0,2.0,9.0,1
7299.65,10507.21,3207.56,47.17,95005,37.078873,-122.090386,0.0,105.3,71.0,1,68,0.0,0.0,2.0,2.0,0,2.0,0.0,29.0,1
1193.55,3583.07,2389.52,35.14,95841,38.660442,-121.346321,1.0,19.5,838.0,8,68,1.0,1.0,1.0,3.0,1,1.0,1.0,0.0,0
4816.7,5762.7,946.0,18.92,90005,34.059281,-118.30742,0.0,95.7,552.0,0,50,0.0,0.0,0.0,2.0,0,0.0,2.0,11.0,1
3042.25,4801.93,1759.68,33.84,90505,33.807882,-118.347957,1.0,57.95,999.0,0,52,2.0,2.0,0.0,1.0,0,2.0,0.0,5.0,0
396.3,418.82,22.52,5.63,95135,37.28682,-121.723877,0.0,98.1,861.0,0,4,2.0,0.0,0.0,2.0,0,2.0,2.0,18.0,1
1444.65,2178.6,733.95,48.93,93552,34.557711,-118.029441,0.0,93.35,722.0,0,15,0.0,0.0,0.0,2.0,0,0.0,2.0,15.0,1
70.1,87.47,17.37,17.37,95527,40.854512,-123.450097,0.0,70.1,122.0,0,1,0.0,0.0,0.0,2.0,0,0.0,0.0,25.0,1
4911.35,6725.86,1863.88,27.41,93117,34.489983,-120.091246,2.0,70.9,372.0,2,68,2.0,2.0,2.0,1.0,0,2.0,0.0,9.0,0
587.4,614.76,27.36,1.14,91320,34.172071,-118.946262,2.0,24.1,658.0,1,24,1.0,1.0,1.0,3.0,3,1.0,1.0,0.0,0
6110.2,8383.06,2272.86,42.09,92401,34.105935,-117.2914,2.0,109.75,848.0,1,54,2.0,2.0,2.0,2.0,0,2.0,2.0,9.0,1
3124.5,3785.16,660.66,20.02,90623,33.850504,-118.039892,1.0,93.8,490.0,5,33,0.0,0.0,0.0,2.0,0,2.0,2.0,27.0,1
81.0,120.04,39.04,19.52,91931,32.857946,-116.561917,0.0,45.85,394.0,0,2,0.0,0.0,0.0,0.0,0,0.0,0.0,16.0,1
3858.05,5244.05,1386.0,30.8,95633,38.852544,-120.837669,2.0,84.35,356.0,3,45,2.0,2.0,2.0,0.0,0,2.0,2.0,3.0,0
1614.7,1679.81,65.11,3.83,91741,34.14649,-117.849815,0.0,70.5,367.0,9,17,0.0,0.0,0.0,2.0,0,0.0,0.0,20.0,0
497.6,787.52,289.92,48.32,91436,34.152875,-118.486056,0.0,79.7,303.0,0,6,0.0,0.0,0.0,2.0,0,0.0,0.0,11.0,0
89.25,105.89,16.64,16.64,91206,34.162515,-118.203869,0.0,89.25,366.0,0,1,0.0,0.0,0.0,2.0,0,0.0,2.0,2.0,0
95.0,107.04,12.04,12.04,92368,34.647959,-117.296957,0.0,95.0,709.0,1,1,0.0,2.0,0.0,0.0,0,0.0,2.0,5.0,1
54.75,67.76,13.01,13.01,94122,37.760412,-122.484966,0.0,54.75,855.0,0,1,0.0,0.0,0.0,1.0,0,0.0,2.0,12.0,1
2549.1,4726.86,2047.76,46.54,94102,37.7795,-122.419233,0.0,54.9,855.0,4,44,2.0,0.0,2.0,1.0,3,0.0,0.0,52.0,0
602.55,734.36,131.81,18.83,90814,33.771612,-118.143866,0.0,85.2,546.0,0,7,0.0,0.0,0.0,2.0,0,0.0,2.0,26.0,1
896.9,1023.4,126.5,11.5,93066,34.297628,-119.014627,0.0,80.5,932.0,3,11,0.0,0.0,2.0,2.0,0,0.0,0.0,27.0,1
1505.85,1548.33,42.48,2.36,92508,33.885499,-117.324959,0.0,85.45,827.0,0,18,2.0,0.0,2.0,2.0,0,0.0,0.0,21.0,1
34.75,111.57,76.82,38.41,93433,35.120833,-120.61843,1.0,20.2,391.0,6,2,1.0,1.0,1.0,3.0,0,1.0,1.0,0.0,0
249.95,455.45,185.5,37.1,92028,33.362575,-117.299644,0.0,50.6,315.0,0,5,0.0,0.0,0.0,0.0,0,0.0,0.0,2.0,1
3342.0,4575.42,1143.42,30.09,92101,32.72523,-117.171346,1.0,89.1,852.0,0,38,0.0,0.0,0.0,2.0,0,0.0,2.0,18.0,0
808.95,1727.35,918.4,22.96,94561,37.999406,-121.686241,2.0,19.6,689.0,9,40,1.0,1.0,1.0,3.0,1,1.0,1.0,0.0,0
861.85,2515.01,1653.16,44.68,92103,32.747484,-117.166877,2.0,24.1,852.0,5,37,1.0,1.0,1.0,3.0,1,1.0,1.0,0.0,0
1855.65,2495.19,639.54,29.07,95409,38.468893,-122.580539,0.0,84.3,891.0,0,22,0.0,0.0,2.0,2.0,0,0.0,2.0,52.0,1
435.45,435.45,0.0,0.0,94305,37.424342,-122.165641,1.0,33.6,948.0,0,12,2.0,2.0,0.0,1.0,0,0.0,0.0,19.0,0
1115.6,3672.62,2557.02,44.86,92364,35.478736,-115.516984,2.0,19.9,669.0,6,57,1.0,1.0,1.0,3.0,0,1.0,1.0,0.0,0
6503.2,7840.76,1337.56,19.67,90404,34.026334,-118.474222,0.0,95.9,889.0,0,68,0.0,0.0,2.0,2.0,0,2.0,0.0,28.0,0
1515.1,1816.17,301.07,17.71,95121,37.304681,-121.809955,0.0,92.55,861.0,1,17,0.0,0.0,0.0,2.0,0,0.0,2.0,13.0,1
75.9,120.46,44.56,44.56,92592,33.507255,-117.029473,0.0,75.9,984.0,0,1,2.0,0.0,0.0,2.0,0,0.0,0.0,27.0,1
4718.25,6303.89,1585.64,32.36,93210,36.186867,-120.387793,0.0,96.2,202.0,0,49,0.0,0.0,0.0,2.0,0,0.0,0.0,2.0,1
1539.45,1865.68,326.23,19.19,96125,39.600599,-120.636358,0.0,89.4,917.0,1,17,0.0,2.0,0.0,2.0,0,2.0,0.0,22.0,1
90.75,113.81,23.06,23.06,94589,38.161321,-122.271588,0.0,90.75,1025.0,0,1,0.0,0.0,0.0,2.0,0,0.0,2.0,52.0,1
382.8,382.8,0.0,0.0,92647,33.723579,-118.005441,0.0,25.1,434.0,0,17,0.0,0.0,0.0,1.0,0,0.0,0.0,11.0,0
784.25,1764.38,980.13,26.49,94590,38.104705,-122.247387,2.0,19.85,1025.0,0,37,1.0,1.0,1.0,3.0,0,1.0,1.0,0.0,0
7881.2,9587.6,1706.4,23.7,90744,33.782068,-118.262263,2.0,110.15,1075.0,5,72,2.0,2.0,0.0,2.0,0,2.0,2.0,85.0,0
695.05,1811.34,1116.29,30.17,92382,34.186211,-117.07683,1.0,19.8,837.0,0,37,1.0,1.0,1.0,3.0,0,1.0,1.0,0.0,0
20.0,26.86,6.86,6.86,93623,37.483535,-119.679414,0.0,20.0,325.0,4,1,1.0,1.0,1.0,3.0,3,1.0,1.0,0.0,0
5898.6,8365.68,2467.08,37.38,93924,36.414611,-121.6386,1.0,89.0,159.0,10,66,2.0,2.0,2.0,2.0,0,0.0,0.0,8.0,0
1880.85,1880.85,0.0,0.0,95050,37.351214,-121.952417,0.0,48.95,883.0,0,39,2.0,2.0,2.0,0.0,0,0.0,0.0,48.0,1
3670.5,5625.86,1955.36,44.44,96067,41.33832,-122.290756,2.0,85.15,643.0,4,44,2.0,2.0,2.0,2.0,0,0.0,0.0,6.0,0
2576.8,3158.59,581.79,17.63,92561,33.638645,-116.55783,0.0,79.0,644.0,0,33,0.0,0.0,2.0,2.0,0,2.0,0.0,19.0,0
2157.3,3180.3,1023.0,46.5,96090,40.021787,-122.127576,0.0,93.2,983.0,0,22,0.0,0.0,2.0,2.0,0,0.0,2.0,17.0,0
1132.35,1244.02,111.67,8.59,93553,34.445239,-117.894868,0.0,89.4,738.0,0,13,2.0,0.0,2.0,2.0,0,2.0,0.0,15.0,1
955.15,1413.25,458.1,30.54,94518,37.950248,-122.022455,0.0,58.95,212.0,0,15,2.0,2.0,0.0,1.0,0,2.0,0.0,11.0,0
220.1,338.24,118.14,39.38,91103,34.167465,-118.165327,0.0,69.65,732.0,0,3,0.0,0.0,0.0,2.0,0,0.0,0.0,23.0,1
90.35,90.35,0.0,0.0,94601,37.776523,-122.219268,0.0,49.25,688.0,0,2,0.0,0.0,0.0,1.0,0,2.0,2.0,51.0,1
272.15,344.27,72.12,18.03,92251,32.858595,-115.662709,0.0,60.4,441.0,0,4,2.0,2.0,2.0,0.0,0,0.0,0.0,59.0,1
53.5,68.08,14.58,14.58,95736,39.00978,-120.978273,0.0,53.5,1052.0,0,1,0.0,0.0,0.0,1.0,0,0.0,0.0,73.0,1
2272.8,3061.64,688.77,25.51,91364,34.153733,-118.593408,0.0,81.3,1091.0,0,27,0.0,0.0,0.0,2.0,0,2.0,0.0,69.0,0
4941.8,6233.93,1292.13,26.37,92117,32.825086,-117.199424,1.0,100.45,852.0,1,49,0.0,0.0,2.0,2.0,0,0.0,2.0,19.0,1
5655.45,7451.41,1795.96,30.44,95659,38.788898,-121.608624,2.0,95.8,666.0,0,59,0.0,0.0,0.0,2.0,0,2.0,2.0,30.0,0
7318.2,10690.92,3372.72,48.88,93110,34.437945,-119.77191,2.0,108.4,882.0,1,69,2.0,0.0,2.0,2.0,0,2.0,0.0,4.0,1
5229.45,5320.57,91.12,1.36,92376,34.109775,-117.378904,2.0,75.5,814.0,5,67,0.0,2.0,0.0,1.0,0,0.0,2.0,82.0,0
575.45,684.93,99.48,16.58,90245,33.917145,-118.401554,0.0,94.5,292.0,0,6,0.0,0.0,0.0,2.0,0,2.0,2.0,17.0,1
755.5,1995.44,1239.94,32.63,91320,34.172071,-118.946262,1.0,19.3,658.0,0,38,1.0,1.0,1.0,3.0,0,1.0,1.0,0.0,0
480.6,524.31,61.92,5.16,95113,37.333851,-121.891147,0.0,44.55,861.0,0,12,0.0,0.0,0.0,1.0,1,0.0,0.0,16.0,1
4062.2,4852.6,790.4,19.76,90802,33.752524,-118.210737,1.0,99.2,546.0,1,40,2.0,0.0,2.0,2.0,0,0.0,2.0,22.0,1
7548.6,8040.73,515.52,7.16,95446,38.52576,-123.013347,2.0,106.1,395.0,9,72,2.0,2.0,2.0,2.0,1,2.0,0.0,24.0,0
1916.2,2690.4,774.2,38.71,91932,32.579134,-117.119009,0.0,95.5,442.0,5,20,2.0,0.0,0.0,2.0,2,2.0,2.0,48.0,0
609.9,993.18,383.28,47.91,92109,32.787836,-117.232376,0.0,74.5,852.0,1,8,0.0,2.0,0.0,2.0,0,0.0,0.0,23.0,1
69.1,107.76,38.66,38.66,92130,32.957195,-117.202542,0.0,69.1,852.0,0,1,0.0,0.0,0.0,2.0,0,0.0,0.0,18.0,1
696.35,1030.19,333.84,27.82,94607,37.80707,-122.297401,1.0,53.65,688.0,1,12,0.0,0.0,0.0,1.0,0,0.0,2.0,26.0,1
5373.1,7181.56,1808.46,33.49,93277,36.303793,-119.375646,1.0,101.5,1038.0,0,54,0.0,0.0,2.0,2.0,0,0.0,2.0,8.0,1
5430.35,7967.85,2537.5,43.75,92592,33.507255,-117.029473,1.0,94.7,984.0,1,58,2.0,0.0,2.0,2.0,3,0.0,0.0,69.0,0
2435.15,3540.93,1065.78,34.38,96093,40.759401,-122.939337,0.0,78.45,1050.0,0,31,2.0,0.0,2.0,2.0,0,0.0,0.0,20.0,1
73.6,79.79,6.19,6.19,92122,32.85723,-117.209774,0.0,73.6,852.0,0,1,0.0,2.0,0.0,2.0,0,0.0,2.0,52.0,1
3708.4,3708.4,0.0,0.0,90022,34.02381,-118.156582,2.0,56.75,552.0,4,66,0.0,0.0,2.0,0.0,3,2.0,2.0,25.0,0
3527.0,3492.56,0.0,0.0,95974,39.495768,-121.747472,2.0,48.9,817.0,3,72,2.0,2.0,0.0,1.0,3,2.0,0.0,53.0,0
2023.55,2954.75,931.2,23.28,95736,39.00978,-120.978273,1.0,50.25,1052.0,0,40,0.0,0.0,0.0,0.0,0,2.0,0.0,6.0,0
5438.95,6752.8,1313.85,23.05,91344,34.291273,-118.505104,0.0,94.0,375.0,1,57,0.0,0.0,2.0,2.0,0,2.0,0.0,30.0,0
20.55,27.87,7.32,7.32,92054,33.351059,-117.420557,0.0,20.55,692.0,0,1,1.0,1.0,1.0,3.0,0,1.0,1.0,0.0,0
1326.35,2521.99,1195.64,16.84,92592,33.507255,-117.029473,2.0,19.85,984.0,2,71,1.0,1.0,1.0,3.0,2,1.0,1.0,0.0,0
327.45,664.09,336.64,21.04,96086,41.924174,-123.260788,0.0,20.25,904.0,0,16,1.0,1.0,1.0,3.0,0,1.0,1.0,0.0,1
122.7,169.47,46.77,15.59,93926,36.52588,-121.396719,0.0,44.6,373.0,0,3,0.0,0.0,0.0,0.0,0,0.0,0.0,27.0,0
221.7,341.15,119.45,23.89,92660,33.634626,-117.874882,0.0,46.0,662.0,0,5,0.0,0.0,0.0,1.0,1,0.0,0.0,14.0,1
389.6,500.6,101.0,20.2,92126,32.886925,-117.152162,0.0,81.0,852.0,0,5,0.0,0.0,0.0,2.0,0,0.0,0.0,23.0,1
91.1,160.5,29.4,14.7,94972,38.339996,-122.935056,0.0,49.05,1027.0,0,2,0.0,0.0,2.0,1.0,0,0.0,0.0,13.0,1
1620.8,2482.83,862.03,45.37,95345,37.581496,-119.972762,0.0,89.1,606.0,1,19,0.0,0.0,2.0,2.0,0,0.0,2.0,52.0,0
1414.45,2939.35,1524.9,23.46,92867,33.81859,-117.821288,2.0,20.4,701.0,1,65,1.0,1.0,1.0,3.0,0,1.0,1.0,0.0,0
3887.85,6072.33,2184.48,45.51,90011,34.00709,-118.258681,1.0,83.45,552.0,0,48,0.0,2.0,2.0,1.0,0,2.0,2.0,27.0,0
369.05,1037.83,668.78,39.34,95639,38.375325,-121.507935,2.0,19.45,427.0,0,17,1.0,1.0,1.0,3.0,0,1.0,1.0,0.0,0
1596.6,1596.6,0.0,0.0,95429,39.756049,-123.358701,1.0,34.2,264.0,0,45,0.0,0.0,0.0,0.0,0,0.0,0.0,4.0,0
856.65,1321.65,465.0,46.5,96074,39.884395,-122.587513,0.0,86.65,733.0,2,10,0.0,0.0,0.0,0.0,0,0.0,0.0,4.0,1
2656.7,3585.57,928.87,32.03,93925,36.596271,-121.442274,1.0,90.1,188.0,10,29,0.0,2.0,0.0,2.0,0,2.0,2.0,16.0,0
1147.45,1267.3,119.85,7.99,91020,34.2112,-118.230625,0.0,75.3,631.0,0,15,0.0,0.0,2.0,2.0,0,0.0,0.0,27.0,1
724.65,790.53,65.88,7.32,90305,33.958134,-118.330905,0.0,75.85,446.0,0,9,0.0,0.0,0.0,2.0,0,0.0,0.0,11.0,0
210.75,171.48,0.0,0.0,94939,37.937082,-122.532369,0.0,39.5,513.0,0,5,0.0,0.0,0.0,1.0,0,2.0,2.0,2.0,1
4346.4,6303.74,1957.34,47.74,95914,39.396585,-121.38029,0.0,104.7,59.0,0,41,0.0,0.0,2.0,2.0,0,2.0,2.0,48.0,1
50.75,93.78,43.03,43.03,91748,33.976753,-117.897367,0.0,50.75,836.0,0,1,0.0,0.0,2.0,1.0,0,0.0,0.0,3.0,1
346.4,417.7,71.3,14.26,94304,37.386978,-122.177746,0.0,70.05,723.0,0,5,0.0,0.0,0.0,1.0,0,2.0,2.0,26.0,1
179.25,222.39,43.14,21.57,92606,33.703976,-117.824172,0.0,88.55,449.0,0,2,0.0,0.0,0.0,2.0,0,2.0,2.0,28.0,1
819.4,1143.0,323.6,40.45,94704,37.871416,-122.246597,0.0,100.6,74.0,0,8,0.0,0.0,0.0,2.0,0,2.0,0.0,29.0,1
1993.2,1993.2,0.0,0.0,94956,38.060264,-122.830646,1.0,61.25,774.0,0,34,2.0,2.0,0.0,1.0,1,2.0,2.0,20.0,0
1747.85,2173.37,425.52,17.73,92103,32.747484,-117.166877,0.0,75.4,852.0,1,24,0.0,0.0,0.0,2.0,0,0.0,0.0,29.0,1
900.5,1657.36,792.2,46.6,95404,38.526941,-122.709096,0.0,51.5,891.0,0,17,2.0,0.0,0.0,0.0,0,0.0,0.0,2.0,1
442.2,452.2,0.0,0.0,94567,38.672708,-122.403219,0.0,48.75,777.0,1,9,0.0,0.0,0.0,1.0,0,2.0,2.0,10.0,1
416.3,541.85,125.55,25.11,93726,36.793601,-119.761131,0.0,81.3,349.0,0,5,0.0,0.0,2.0,2.0,0,0.0,0.0,26.0,1
80.55,124.22,43.67,43.67,95403,38.488431,-122.752839,0.0,80.55,891.0,1,1,0.0,0.0,0.0,2.0,0,0.0,2.0,73.0,1
6849.75,7743.19,793.44,11.02,95140,37.382909,-121.634151,2.0,94.25,640.0,8,72,2.0,2.0,2.0,2.0,0,2.0,0.0,17.0,0
7222.75,7679.87,437.12,6.83,95570,41.162295,-124.027381,1.0,113.35,1005.0,1,64,2.0,2.0,2.0,2.0,1,2.0,2.0,19.0,0
810.7,810.7,0.0,0.0,92003,33.290907,-117.202895,0.0,48.35,100.0,1,18,0.0,0.0,0.0,1.0,0,2.0,2.0,12.0,1
4786.15,7908.19,3092.04,49.08,94124,37.731505,-122.384532,1.0,79.7,855.0,1,63,0.0,2.0,2.0,0.0,0,0.0,2.0,24.0,0
727.8,843.0,115.2,9.6,92264,33.745746,-116.514215,1.0,59.8,721.0,0,12,2.0,0.0,0.0,0.0,0,0.0,0.0,23.0,1
1367.75,1367.75,0.0,0.0,95492,38.527297,-122.810044,1.0,57.6,1079.0,6,24,0.0,2.0,2.0,1.0,0,2.0,2.0,27.0,0
1356.3,2779.08,1422.78,20.62,96013,40.946785,-121.719489,2.0,70.5,121.0,0,69,1.0,1.0,1.0,3.0,0,1.0,1.0,0.0,0
1416.5,4102.43,2685.93,37.83,94121,37.776718,-122.495781,2.0,19.6,855.0,2,71,1.0,1.0,1.0,3.0,0,1.0,1.0,0.0,0
371.6,457.25,85.65,17.13,92821,33.930199,-117.862898,2.0,71.45,109.0,0,5,0.0,0.0,0.0,2.0,0,0.0,0.0,9.0,0
571.75,1069.51,497.76,20.74,96035,40.03194,-122.176023,2.0,24.7,361.0,7,24,1.0,1.0,1.0,3.0,3,1.0,1.0,0.0,0
2462.55,2959.89,497.34,18.42,92624,33.458754,-117.665104,0.0,95.0,152.0,1,27,0.0,0.0,0.0,2.0,0,0.0,2.0,26.0,0
68.5,99.12,30.62,30.62,94127,37.736535,-122.45732,0.0,68.5,855.0,1,1,0.0,0.0,0.0,2.0,0,0.0,0.0,11.0,1
4062.2,4852.6,790.4,19.76,90802,33.752524,-118.210737,1.0,99.2,546.0,1,40,2.0,0.0,2.0,2.0,0,0.0,2.0,22.0,1
2976.95,4576.12,1569.17,42.41,95062,36.974575,-121.991149,0.0,78.9,885.0,0,37,2.0,2.0,2.0,1.0,0,2.0,0.0,4.0,0
2564.3,3021.6,457.3,13.45,95382,37.529656,-120.854357,0.0,78.3,1012.0,1,34,0.0,0.0,0.0,2.0,0,0.0,0.0,12.0,1
151.8,192.8,41.0,20.5,94940,38.129308,-122.834815,0.0,76.4,584.0,1,2,0.0,0.0,0.0,2.0,0,2.0,0.0,51.0,1
1993.8,2261.98,268.18,12.19,95955,39.281194,-122.226568,0.0,70.5,588.0,0,22,2.0,0.0,0.0,2.0,0,0.0,0.0,23.0,1
106.9,252.65,145.75,29.15,96065,40.877552,-121.885884,2.0,20.45,630.0,0,5,1.0,1.0,1.0,3.0,1,1.0,1.0,0.0,0
587.7,1416.18,828.48,25.89,93928,35.930782,-121.189757,1.0,19.8,459.0,0,32,1.0,1.0,1.0,3.0,0,1.0,1.0,0.0,0
6741.15,7602.57,878.72,13.73,91502,34.177267,-118.31003,2.0,109.2,119.0,1,64,2.0,0.0,2.0,2.0,1,2.0,2.0,12.0,0
7804.15,9322.37,1518.22,22.66,91042,34.296574,-118.244839,1.0,118.35,1007.0,0,67,2.0,2.0,2.0,2.0,0,2.0,2.0,27.0,1
5921.35,8208.76,2287.41,40.13,92282,33.972293,-116.654195,0.0,104.5,1067.0,1,57,0.0,0.0,2.0,2.0,0,2.0,2.0,25.0,1
3452.55,5032.1,1579.55,45.13,93257,36.008958,-118.891593,2.0,102.05,781.0,1,35,0.0,0.0,0.0,2.0,0,2.0,2.0,10.0,0
7320.9,8953.58,1632.68,24.01,95207,38.002125,-121.324979,0.0,107.7,954.0,2,68,2.0,2.0,2.0,2.0,0,0.0,2.0,48.0,0
1068.85,1389.55,320.7,32.07,90028,34.099869,-118.326843,0.0,102.1,552.0,1,10,0.0,0.0,2.0,2.0,0,2.0,2.0,22.0,1
196.9,273.92,77.02,38.51,95219,38.029729,-121.387999,0.0,95.15,954.0,0,2,0.0,0.0,0.0,2.0,0,0.0,2.0,25.0,1
6368.2,7624.0,1165.8,17.4,90640,34.015217,-118.109962,2.0,93.15,627.0,5,67,0.0,0.0,2.0,2.0,0,2.0,2.0,11.0,0
990.9,1423.7,432.8,43.28,95632,38.274451,-121.259201,0.0,99.85,353.0,5,10,2.0,0.0,2.0,2.0,0,0.0,2.0,12.0,1
5175.3,5450.41,275.11,4.51,94596,37.900662,-122.052782,2.0,86.45,1043.0,0,61,2.0,2.0,0.0,0.0,0,2.0,2.0,24.0,0
168.2,189.26,21.06,10.53,92122,32.85723,-117.209774,0.0,90.4,852.0,0,2,0.0,0.0,0.0,2.0,0,0.0,2.0,8.0,1
3822.45,5467.45,1645.0,32.9,92557,33.970661,-117.255039,2.0,75.15,634.0,3,50,0.0,2.0,2.0,1.0,2,2.0,2.0,18.0,0
5154.6,7286.58,1981.98,30.03,92382,34.186211,-117.07683,2.0,79.4,837.0,1,66,2.0,2.0,2.0,1.0,0,2.0,0.0,15.0,1
343.45,343.45,0.0,0.0,95675,38.545775,-120.743325,2.0,44.55,824.0,0,8,2.0,2.0,0.0,0.0,0,0.0,2.0,4.0,0
417.75,566.45,148.7,29.74,90068,34.137411,-118.328915,0.0,82.75,552.0,0,5,2.0,0.0,0.0,2.0,0,2.0,0.0,42.0,0
1742.5,1914.37,171.87,10.11,92675,33.521447,-117.602555,0.0,102.55,863.0,2,17,0.0,0.0,2.0,2.0,0,2.0,2.0,2.0,0
8404.9,10063.54,1538.64,21.37,92359,34.103578,-117.04054,2.0,116.05,601.0,5,72,2.0,2.0,2.0,2.0,0,2.0,2.0,13.0,0
3027.4,3027.4,0.0,0.0,94002,37.509366,-122.306132,0.0,50.8,69.0,0,60,0.0,0.0,2.0,0.0,0,0.0,2.0,5.0,1
305.55,429.35,123.8,30.95,92130,32.957195,-117.202542,0.0,77.95,852.0,0,4,0.0,0.0,2.0,2.0,0,0.0,0.0,26.0,1
713.0,777.75,64.75,9.25,95002,37.449537,-121.994813,0.0,98.05,20.0,0,7,0.0,0.0,0.0,2.0,0,2.0,2.0,29.0,1
654.85,750.49,95.64,7.97,94569,38.035707,-122.196821,0.0,56.65,778.0,0,12,2.0,2.0,0.0,0.0,0,0.0,0.0,10.0,1
48.95,83.35,34.4,34.4,96027,41.405193,-123.008567,0.0,48.95,308.0,0,1,0.0,0.0,0.0,0.0,2,2.0,2.0,52.0,1
6430.9,6671.54,240.64,3.76,92086,33.323705,-116.626907,1.0,97.0,1045.0,9,64,0.0,2.0,2.0,2.0,0,2.0,0.0,11.0,0
2239.65,2815.45,575.8,28.79,95497,38.696659,-123.436861,0.0,105.85,989.0,3,20,0.0,0.0,2.0,2.0,0,2.0,2.0,16.0,1
4765.0,5682.4,917.4,15.29,95334,37.361987,-120.748394,1.0,79.2,535.0,0,60,0.0,0.0,0.0,2.0,0,2.0,0.0,48.0,0
4594.95,4800.36,205.41,5.01,90023,34.017697,-118.200577,0.0,113.6,552.0,1,41,2.0,2.0,2.0,2.0,0,2.0,2.0,10.0,1
189.2,273.52,84.32,42.16,93906,36.722898,-121.633648,0.0,75.7,841.0,0,2,0.0,2.0,0.0,0.0,0,0.0,0.0,2.0,1
6215.35,6781.09,565.74,8.98,94040,37.380662,-122.086022,0.0,100.55,646.0,3,63,0.0,2.0,2.0,2.0,0,2.0,0.0,16.0,1
237.25,330.7,93.45,18.69,91401,34.178483,-118.431791,0.0,50.35,1031.0,0,5,0.0,0.0,0.0,1.0,0,2.0,0.0,28.0,1
3541.4,5208.62,1667.22,45.06,94579,37.687264,-122.15728,0.0,100.3,864.0,0,37,2.0,0.0,0.0,2.0,0,0.0,2.0,82.0,0
92.65,179.97,87.32,43.66,94806,37.980269,-122.342635,0.0,44.15,873.0,0,2,0.0,0.0,0.0,1.0,0,0.0,0.0,25.0,1
2254.2,2626.0,371.8,14.3,95558,40.274302,-124.210902,0.0,83.95,746.0,0,26,0.0,0.0,0.0,2.0,0,0.0,2.0,20.0,1
305.1,305.1,0.0,0.0,90011,34.00709,-118.258681,0.0,47.95,552.0,0,6,0.0,0.0,0.0,1.0,0,2.0,2.0,71.0,1
2983.8,3335.7,351.9,11.73,92676,33.782346,-117.635263,0.0,100.2,920.0,0,30,0.0,0.0,2.0,2.0,0,0.0,2.0,82.0,1
7432.05,8085.45,653.4,9.9,96148,39.24124,-120.054765,1.0,110.9,977.0,0,66,2.0,0.0,2.0,2.0,0,2.0,0.0,25.0,1
6281.45,9069.15,2787.7,45.7,94523,37.95338,-122.076886,0.0,105.55,770.0,1,61,0.0,0.0,2.0,2.0,0,2.0,2.0,24.0,1
803.3,1070.6,267.3,29.7,94010,37.57028,-122.365778,0.0,83.3,120.0,0,9,0.0,0.0,0.0,2.0,0,0.0,2.0,17.0,1
942.95,2973.35,2030.4,43.2,93669,37.287758,-119.548156,1.0,19.9,1084.0,0,47,1.0,1.0,1.0,3.0,0,1.0,1.0,0.0,0
59.85,81.9,22.05,22.05,90250,33.914775,-118.348083,0.0,59.85,407.0,0,1,0.0,0.0,0.0,0.0,0,0.0,0.0,28.0,1
1029.75,1408.73,343.56,28.63,95466,39.094102,-123.500853,0.0,83.8,749.0,0,12,2.0,0.0,2.0,0.0,0,2.0,0.0,7.0,1
477.7,706.3,228.6,45.72,95032,37.233034,-121.947427,0.0,89.5,554.0,0,5,0.0,0.0,0.0,2.0,0,0.0,0.0,6.0,1
2291.2,3482.7,1191.5,47.66,95006,37.171727,-122.142961,0.0,88.95,104.0,0,25,0.0,0.0,2.0,2.0,0,0.0,0.0,23.0,1
1507.0,1591.76,84.76,3.26,96128,40.346634,-120.386422,1.0,59.45,947.0,0,26,2.0,0.0,0.0,1.0,0,0.0,0.0,6.0,0
830.7,1327.7,497.0,49.7,95431,38.348884,-122.51699,0.0,80.05,294.0,0,10,0.0,0.0,2.0,2.0,0,0.0,0.0,10.0,1
40.25,54.79,14.54,7.27,91773,34.102119,-117.815532,0.0,20.3,853.0,5,2,1.0,1.0,1.0,3.0,2,1.0,1.0,0.0,0
4575.35,4575.35,0.0,0.0,93924,36.414611,-121.6386,2.0,65.7,159.0,5,72,2.0,2.0,2.0,0.0,2,2.0,2.0,23.0,0
1277.5,1277.5,0.0,0.0,93430,35.511833,-120.918713,0.0,50.35,174.0,0,26,0.0,0.0,0.0,1.0,0,2.0,2.0,7.0,0
684.85,997.6,312.75,34.75,91340,34.286131,-118.435969,0.0,76.25,854.0,0,9,0.0,0.0,0.0,2.0,0,0.0,0.0,3.0,0
63.75,141.0,77.25,25.75,95204,37.974498,-121.319568,0.0,19.85,954.0,0,3,1.0,1.0,1.0,3.0,0,1.0,1.0,0.0,1
3692.85,3867.57,174.72,4.48,93656,36.452211,-119.94575,1.0,95.55,826.0,0,39,2.0,2.0,0.0,2.0,0,2.0,2.0,71.0,1
1444.65,2178.6,733.95,48.93,93552,34.557711,-118.029441,0.0,93.35,722.0,0,15,0.0,0.0,0.0,2.0,0,0.0,2.0,15.0,1
3563.8,4562.56,998.76,17.22,95117,37.311088,-121.961786,1.0,60.3,861.0,1,58,0.0,2.0,2.0,0.0,0,2.0,0.0,21.0,1
6333.4,7178.3,844.9,12.07,91706,34.098275,-117.967399,2.0,90.05,57.0,7,70,2.0,2.0,2.0,1.0,0,2.0,2.0,17.0,0
3309.25,4548.91,1266.65,26.95,92027,33.141265,-116.967221,0.0,70.55,305.0,1,47,0.0,0.0,0.0,2.0,0,0.0,0.0,26.0,1
493.4,977.42,505.34,22.97,93254,34.956577,-119.750142,0.0,24.85,656.0,0,22,1.0,1.0,1.0,3.0,0,1.0,1.0,0.0,0
389.6,500.6,101.0,20.2,92126,32.886925,-117.152162,0.0,81.0,852.0,0,5,0.0,0.0,0.0,2.0,0,0.0,0.0,23.0,1
5662.25,7549.43,1887.18,26.58,94507,37.855717,-121.994813,2.0,80.45,8.0,1,71,2.0,0.0,0.0,0.0,0,2.0,2.0,27.0,0
1457.25,1709.55,252.3,16.82,93933,36.689582,-121.758398,0.0,101.25,580.0,0,15,0.0,0.0,2.0,2.0,0,2.0,2.0,26.0,1
632.95,675.67,42.72,5.34,95471,38.522328,-122.97932,0.0,75.0,820.0,1,8,0.0,2.0,0.0,2.0,0,0.0,2.0,42.0,1
6302.85,7107.29,804.44,11.83,96106,39.745805,-120.580882,2.0,90.8,197.0,1,68,2.0,2.0,2.0,1.0,0,2.0,2.0,21.0,0
4390.25,4390.25,0.0,0.0,93453,35.303926,-120.256567,2.0,61.2,887.0,0,72,2.0,2.0,0.0,1.0,0,2.0,2.0,6.0,0
280.35,273.72,24.12,6.03,94559,38.232389,-122.324944,2.0,70.2,651.0,5,4,0.0,0.0,0.0,2.0,0,0.0,0.0,8.0,0
4674.55,7331.26,2656.71,42.17,91775,34.114772,-118.089431,2.0,74.5,856.0,9,63,2.0,2.0,2.0,1.0,2,2.0,0.0,73.0,0
218.5,356.8,138.3,13.83,94610,37.808731,-122.238708,0.0,20.05,688.0,7,10,1.0,1.0,1.0,3.0,3,1.0,1.0,0.0,0
576.95,867.74,290.79,32.31,93105,34.037342,-119.80079,0.0,68.25,882.0,0,9,2.0,2.0,0.0,0.0,0,2.0,2.0,24.0,0
544.55,705.61,151.06,21.58,95129,37.305622,-122.000887,0.0,74.65,861.0,0,7,0.0,0.0,0.0,2.0,0,2.0,2.0,71.0,1
6786.4,7981.75,1195.35,18.39,92887,33.884073,-117.732197,0.0,105.25,1095.0,3,65,0.0,2.0,0.0,2.0,0,2.0,0.0,28.0,1
4594.95,4800.36,205.41,5.01,90023,34.017697,-118.200577,0.0,113.6,552.0,1,41,2.0,2.0,2.0,2.0,0,2.0,2.0,10.0,1
180.3,499.41,319.11,29.01,90221,33.885811,-118.206459,0.0,19.25,211.0,1,11,1.0,1.0,1.0,3.0,3,1.0,1.0,0.0,1
143.65,240.97,97.32,48.66,90623,33.850504,-118.039892,0.0,79.0,490.0,0,2,0.0,0.0,0.0,2.0,0,0.0,0.0,21.0,1
69.1,107.76,38.66,38.66,92130,32.957195,-117.202542,0.0,69.1,852.0,0,1,0.0,0.0,0.0,2.0,0,0.0,0.0,18.0,1
8013.55,11596.99,3493.44,48.52,90291,33.991782,-118.479229,2.0,116.45,1032.0,0,72,2.0,2.0,2.0,2.0,0,2.0,2.0,51.0,0
1496.9,2013.19,516.29,30.37,95110,37.34667,-121.910019,0.0,89.15,861.0,0,17,0.0,0.0,2.0,2.0,0,2.0,0.0,28.0,1
2745.7,3218.92,473.22,14.34,92408,34.084909,-117.258107,0.0,86.15,848.0,1,33,0.0,0.0,0.0,2.0,0,0.0,2.0,28.0,1
1070.5,1247.82,177.32,3.41,95322,37.147198,-121.120161,2.0,19.85,397.0,1,52,1.0,1.0,1.0,3.0,1,1.0,1.0,0.0,0
86.05,126.25,40.2,8.04,95450,38.505995,-123.187019,0.0,19.45,457.0,10,5,1.0,1.0,1.0,3.0,1,1.0,1.0,0.0,0
1236.15,1963.17,727.02,34.62,95310,38.085839,-120.37855,0.0,60.05,208.0,0,21,0.0,0.0,0.0,1.0,0,2.0,0.0,14.0,1
20.1,24.21,4.11,4.11,92121,32.898613,-117.202937,0.0,20.1,852.0,0,1,1.0,1.0,1.0,3.0,0,1.0,1.0,0.0,1
6252.7,6709.27,456.57,8.01,95357,37.670526,-120.877572,1.0,109.4,620.0,10,57,2.0,0.0,2.0,2.0,0,2.0,2.0,73.0,0
357.7,974.63,616.93,32.47,95709,38.748316,-120.675512,1.0,19.9,140.0,2,19,1.0,1.0,1.0,3.0,3,1.0,1.0,0.0,0
5453.4,7448.4,1995.0,33.25,93665,36.959731,-120.653519,1.0,90.95,937.0,1,60,0.0,0.0,2.0,2.0,0,2.0,2.0,52.0,1
4131.95,5555.15,1423.2,35.58,92563,33.581045,-117.14719,0.0,104.8,649.0,0,40,2.0,0.0,0.0,2.0,0,2.0,2.0,8.0,1
7446.9,10013.7,2566.8,37.2,95035,37.441931,-121.878502,0.0,103.95,613.0,1,69,0.0,0.0,2.0,2.0,0,2.0,2.0,27.0,1
45.0,95.63,40.63,40.63,91205,34.13658,-118.245839,0.0,45.0,366.0,7,1,0.0,0.0,0.0,1.0,0,0.0,0.0,52.0,0
3593.8,5747.98,2154.18,46.83,95303,37.4695,-120.672724,2.0,79.2,58.0,0,46,0.0,2.0,0.0,1.0,0,2.0,2.0,2.0,0
45.6,57.33,11.73,11.73,92109,32.787836,-117.232376,0.0,45.6,852.0,0,1,0.0,0.0,0.0,1.0,0,0.0,0.0,24.0,1
6786.4,7981.75,1195.35,18.39,92887,33.884073,-117.732197,0.0,105.25,1095.0,3,65,0.0,2.0,0.0,2.0,0,2.0,0.0,28.0,1
4822.85,6802.69,1979.84,43.04,91501,34.188339,-118.300942,1.0,105.2,119.0,0,46,2.0,2.0,2.0,2.0,0,0.0,2.0,71.0,1
142.35,167.39,25.04,12.52,95542,40.057784,-123.679461,0.0,70.65,354.0,0,2,0.0,0.0,0.0,2.0,0,0.0,0.0,25.0,1
6126.1,8617.49,2491.39,35.09,91702,34.174493,-117.87068,2.0,83.2,53.0,6,71,2.0,2.0,0.0,1.0,0,2.0,2.0,12.0,0
84.6,111.45,26.85,26.85,91504,34.213049,-118.317651,0.0,84.6,119.0,0,1,0.0,2.0,0.0,2.0,1,0.0,2.0,11.0,1
2319.8,4211.6,1891.8,42.04,91748,33.976753,-117.897367,1.0,54.15,836.0,1,45,2.0,0.0,2.0,0.0,0,0.0,0.0,26.0,1
1380.1,1380.1,0.0,0.0,95655,38.549822,-121.266725,0.0,30.3,587.0,0,46,0.0,0.0,2.0,1.0,0,0.0,0.0,26.0,1
987.95,1233.91,245.96,22.36,95417,39.710591,-123.682799,0.0,90.15,107.0,0,11,2.0,0.0,0.0,0.0,0,0.0,0.0,3.0,1
5733.4,6770.33,1083.92,15.94,92027,33.141265,-116.967221,1.0,83.65,305.0,1,68,2.0,0.0,2.0,2.0,2,0.0,0.0,29.0,0
1167.6,3549.69,2401.98,42.14,93242,36.444232,-119.718285,2.0,19.5,515.0,5,57,1.0,1.0,1.0,3.0,3,1.0,1.0,0.0,0
2016.45,2456.05,439.6,12.56,90304,33.936827,-118.359824,1.0,70.5,446.0,0,35,0.0,2.0,2.0,1.0,3,0.0,0.0,56.0,0
2080.1,3280.12,1200.02,41.38,95619,38.683605,-120.811852,1.0,71.0,257.0,0,29,0.0,0.0,0.0,1.0,0,0.0,2.0,4.0,0
2510.2,3576.43,1066.23,39.49,93648,36.622237,-119.521126,0.0,95.55,731.0,1,27,0.0,0.0,2.0,2.0,0,2.0,2.0,7.0,1
7101.5,8307.76,1221.5,17.45,95372,37.990574,-120.261821,0.0,102.95,936.0,1,70,0.0,0.0,2.0,2.0,0,2.0,0.0,20.0,1
144.55,197.43,52.88,26.44,94971,38.240769,-122.901041,0.0,69.75,996.0,0,2,0.0,0.0,0.0,2.0,0,0.0,0.0,24.0,1
1092.35,3356.57,2264.22,41.93,92069,33.162624,-117.170863,2.0,70.5,868.0,1,54,1.0,1.0,1.0,3.0,4,1.0,1.0,0.0,0
70.75,96.75,26.0,26.0,95018,37.089111,-122.062213,0.0,70.75,320.0,0,1,0.0,0.0,0.0,2.0,0,0.0,0.0,8.0,1
1144.6,1369.75,225.15,11.85,95033,37.160194,-121.945611,0.0,59.55,554.0,0,19,2.0,0.0,0.0,1.0,0,2.0,0.0,18.0,0
564.4,698.59,134.19,14.91,92374,34.064073,-117.166158,0.0,70.05,806.0,2,9,0.0,0.0,0.0,0.0,0,2.0,2.0,82.0,0
1170.55,1496.02,325.47,5.71,90717,33.794209,-118.317354,2.0,19.6,543.0,0,57,1.0,1.0,1.0,3.0,0,1.0,1.0,0.0,0
1317.95,1317.95,0.0,0.0,90723,33.897122,-118.164432,1.0,35.35,729.0,7,36,0.0,2.0,0.0,0.0,0,2.0,0.0,23.0,0
49.25,57.63,8.38,8.38,95655,38.549822,-121.266725,0.0,49.25,587.0,3,1,2.0,0.0,0.0,1.0,1,0.0,0.0,19.0,1
401.5,686.38,254.88,31.86,90602,33.972119,-118.020188,0.0,56.3,1069.0,10,8,2.0,0.0,2.0,0.0,1,0.0,0.0,59.0,0
58.85,132.74,73.89,24.63,95664,38.803731,-121.043799,0.0,19.75,752.0,0,3,1.0,1.0,1.0,3.0,0,1.0,1.0,0.0,1
3678.3,4633.22,934.92,19.08,95670,38.602723,-121.279913,0.0,75.2,794.0,0,49,0.0,0.0,0.0,2.0,0,0.0,0.0,24.0,1
4107.25,5607.3,1370.05,29.15,91436,34.152875,-118.486056,2.0,85.3,303.0,6,47,2.0,2.0,2.0,1.0,0,0.0,2.0,52.0,0
8312.75,10063.79,1751.04,24.32,95721,38.851842,-120.076204,2.0,115.5,282.0,4,72,2.0,2.0,2.0,2.0,0,2.0,2.0,76.0,0
4368.85,5934.1,1505.25,33.45,92354,34.049315,-117.255974,1.0,95.0,541.0,6,45,0.0,0.0,2.0,2.0,2,2.0,2.0,69.0,0
834.1,893.3,59.2,5.92,92630,33.644849,-117.684254,0.0,86.05,502.0,0,10,0.0,0.0,0.0,2.0,0,0.0,0.0,11.0,1
398.55,1048.03,673.55,35.45,96059,40.426679,-121.850421,2.0,20.5,578.0,0,19,1.0,1.0,1.0,3.0,1,1.0,1.0,0.0,0
7748.75,10003.07,2254.32,31.31,95641,38.154823,-121.601358,2.0,107.4,450.0,0,72,2.0,2.0,2.0,2.0,0,2.0,2.0,18.0,0
893.55,893.55,0.0,0.0,95125,37.294926,-121.894763,1.0,44.85,861.0,0,19,0.0,0.0,0.0,1.0,0,0.0,2.0,48.0,1
51.25,57.69,6.44,6.44,92109,32.787836,-117.232376,0.0,51.25,852.0,0,1,2.0,0.0,0.0,1.0,0,0.0,0.0,4.0,1
2029.05,2538.27,509.22,12.42,95841,38.660442,-121.346321,1.0,50.05,838.0,0,41,2.0,0.0,0.0,0.0,0,0.0,0.0,12.0,0
675.6,1917.28,1241.68,36.52,96103,39.783747,-120.661032,0.0,19.7,90.0,0,34,1.0,1.0,1.0,3.0,0,1.0,1.0,0.0,0
25.7,25.7,0.0,0.0,95439,38.493888,-122.777141,0.0,25.7,352.0,0,1,0.0,0.0,0.0,0.0,0,0.0,0.0,9.0,1
6989.7,10251.26,3261.56,48.68,93604,37.458367,-119.345011,2.0,102.9,62.0,9,67,2.0,0.0,2.0,2.0,0,0.0,2.0,17.0,0
20.1,60.93,40.83,40.83,92127,33.017518,-117.118456,0.0,20.1,852.0,0,1,1.0,1.0,1.0,3.0,0,1.0,1.0,0.0,1
161.15,339.87,178.72,22.34,92672,33.429488,-117.609432,0.0,19.55,851.0,7,8,1.0,1.0,1.0,3.0,0,1.0,1.0,0.0,0
713.0,777.75,64.75,9.25,95002,37.449537,-121.994813,0.0,98.05,20.0,0,7,0.0,0.0,0.0,2.0,0,2.0,2.0,29.0,1
180.7,404.71,224.01,24.89,93067,34.420998,-119.60137,0.0,19.7,963.0,0,9,1.0,1.0,1.0,3.0,0,1.0,1.0,0.0,0
2599.95,3267.11,667.16,25.66,92612,33.643095,-117.810896,0.0,100.5,449.0,0,26,0.0,0.0,0.0,2.0,0,2.0,2.0,3.0,0
108.15,129.09,20.94,10.47,90003,33.964131,-118.272783,0.0,53.85,552.0,0,2,0.0,2.0,2.0,1.0,0,0.0,0.0,21.0,1
689.0,995.0,306.0,8.5,90047,33.958149,-118.308441,2.0,18.55,552.0,0,36,1.0,1.0,1.0,3.0,0,1.0,1.0,0.0,0
4140.1,6885.22,2745.12,48.16,96065,40.877552,-121.885884,1.0,71.1,630.0,2,57,0.0,0.0,2.0,1.0,0,2.0,0.0,10.0,0
134.7,210.14,75.44,37.72,96126,39.559709,-120.345639,0.0,69.8,919.0,0,2,0.0,0.0,0.0,2.0,0,0.0,0.0,27.0,1
5614.45,7178.85,1464.4,26.15,92707,33.714829,-117.872941,1.0,100.3,881.0,2,56,0.0,0.0,2.0,2.0,0,0.0,2.0,7.0,1
4615.9,5609.51,993.61,14.83,92040,32.909873,-116.906774,2.0,69.9,508.0,1,67,2.0,0.0,0.0,1.0,1,2.0,2.0,24.0,0
958.25,1221.41,263.16,21.93,90033,34.050198,-118.210946,0.0,79.55,552.0,0,12,2.0,0.0,0.0,2.0,0,0.0,0.0,16.0,0
829.55,1190.83,361.28,45.16,95970,39.424957,-122.039307,0.0,105.5,789.0,0,8,0.0,0.0,2.0,2.0,0,2.0,0.0,15.0,1
73.6,79.79,6.19,6.19,92122,32.85723,-117.209774,0.0,73.6,852.0,0,1,0.0,2.0,0.0,2.0,0,0.0,2.0,52.0,1
55.0,87.74,32.74,32.74,95971,39.971228,-121.041166,0.0,55.0,790.0,0,1,0.0,0.0,0.0,1.0,0,0.0,0.0,26.0,1
3251.3,4987.65,1736.35,49.61,92054,33.351059,-117.420557,1.0,89.2,692.0,0,35,2.0,2.0,0.0,2.0,0,0.0,2.0,26.0,0
6561.25,7445.07,883.82,14.98,95537,40.726949,-124.217378,2.0,113.75,323.0,9,59,2.0,2.0,2.0,2.0,0,2.0,2.0,19.0,0
333.6,429.96,96.36,24.09,95936,39.578792,-120.780786,0.0,76.65,267.0,0,4,0.0,0.0,2.0,2.0,0,0.0,0.0,17.0,1
1794.65,1930.73,136.08,7.56,92661,33.601309,-117.902304,0.0,101.3,662.0,0,18,0.0,0.0,2.0,2.0,0,2.0,2.0,20.0,0
514.75,1102.17,587.42,25.54,92660,33.634626,-117.874882,2.0,25.6,662.0,1,23,1.0,1.0,1.0,3.0,2,1.0,1.0,0.0,0
1011.05,1083.14,103.14,5.73,90018,34.028735,-118.317236,2.0,59.1,552.0,6,18,0.0,2.0,0.0,1.0,0,0.0,0.0,13.0,0
665.45,965.89,300.44,42.92,94559,38.232389,-122.324944,0.0,99.25,651.0,1,7,0.0,0.0,0.0,2.0,0,2.0,2.0,2.0,1
90.55,97.7,7.15,7.15,90804,33.783047,-118.1486,0.0,90.55,546.0,0,1,0.0,0.0,0.0,2.0,0,0.0,2.0,48.0,1
3171.15,4895.72,1724.57,46.61,96074,39.884395,-122.587513,0.0,85.7,733.0,1,37,0.0,0.0,0.0,2.0,0,0.0,0.0,26.0,1
2730.85,3069.76,338.91,8.69,90278,33.873395,-118.37019,0.0,73.15,807.0,0,39,0.0,0.0,0.0,2.0,0,0.0,0.0,24.0,0
587.1,1273.8,686.7,22.89,95361,37.785033,-120.776141,1.0,20.7,686.0,2,30,1.0,1.0,1.0,3.0,0,1.0,1.0,0.0,0
387.2,545.92,158.72,39.68,95112,37.343827,-121.883119,0.0,94.4,861.0,0,4,2.0,2.0,0.0,2.0,0,2.0,2.0,18.0,1
631.85,949.73,257.88,36.84,92341,34.244411,-117.072654,0.0,89.35,380.0,0,7,0.0,0.0,0.0,2.0,0,2.0,0.0,17.0,1
198.0,198.0,0.0,0.0,92109,32.787836,-117.232376,0.0,45.7,852.0,0,5,0.0,0.0,0.0,1.0,0,0.0,0.0,15.0,1
6448.05,7787.94,1339.89,22.71,95445,38.848082,-123.50608,1.0,110.15,393.0,1,59,0.0,2.0,2.0,2.0,0,2.0,2.0,26.0,1
837.95,1009.55,171.6,15.6,93267,36.141319,-119.129075,0.0,76.5,957.0,0,11,0.0,0.0,0.0,2.0,0,0.0,0.0,4.0,1
69.55,118.98,49.43,49.43,93638,37.004068,-119.930027,0.0,69.55,570.0,0,1,0.0,0.0,0.0,2.0,0,0.0,2.0,48.0,1
999.45,1077.84,78.39,6.03,92173,32.555828,-117.040073,0.0,75.0,879.0,0,13,0.0,0.0,0.0,2.0,0,0.0,2.0,48.0,1
1641.3,2549.1,907.8,45.39,90254,33.86532,-118.396336,0.0,70.5,417.0,0,20,0.0,0.0,0.0,2.0,0,0.0,0.0,24.0,0
1559.3,1811.93,252.63,4.01,94564,37.996462,-122.293716,2.0,25.25,756.0,0,63,1.0,1.0,1.0,3.0,0,1.0,1.0,0.0,0
4535.85,6424.26,1891.75,40.25,91204,34.136306,-118.26036,1.0,94.8,366.0,0,47,0.0,2.0,2.0,2.0,0,0.0,0.0,20.0,0
573.15,642.99,69.84,8.73,91759,34.231318,-117.662032,0.0,65.5,647.0,0,8,0.0,2.0,2.0,1.0,0,2.0,0.0,28.0,0
554.05,667.59,113.54,16.22,92386,34.243088,-116.830015,0.0,75.7,960.0,8,7,2.0,2.0,2.0,1.0,3,2.0,0.0,53.0,0
987.95,1233.91,245.96,22.36,95417,39.710591,-123.682799,0.0,90.15,107.0,0,11,2.0,0.0,0.0,0.0,0,0.0,0.0,3.0,1
186.15,209.55,23.4,2.6,92410,34.106922,-117.297553,0.0,20.25,848.0,0,9,1.0,1.0,1.0,3.0,0,1.0,1.0,0.0,0
900.5,1657.36,792.2,46.6,95404,38.526941,-122.709096,0.0,51.5,891.0,0,17,2.0,0.0,0.0,0.0,0,0.0,0.0,2.0,1
3626.35,4523.55,941.16,21.39,92268,34.201108,-116.593456,0.0,84.8,759.0,2,44,0.0,2.0,0.0,2.0,0,2.0,0.0,10.0,0
84.2,240.08,155.88,38.97,94580,37.676249,-122.132415,0.0,25.45,865.0,0,4,1.0,1.0,1.0,3.0,3,1.0,1.0,0.0,0
92.05,301.7,209.65,41.93,96021,39.913777,-122.289984,0.0,19.65,216.0,0,5,1.0,1.0,1.0,3.0,0,1.0,1.0,0.0,0
521.1,834.49,341.74,48.82,92028,33.362575,-117.299644,0.0,74.65,315.0,0,7,2.0,0.0,0.0,0.0,0,0.0,2.0,19.0,1
1011.8,1571.68,584.87,44.99,92227,33.03933,-115.191857,0.0,80.5,108.0,0,13,0.0,0.0,0.0,2.0,0,0.0,2.0,27.0,0
3846.35,5960.05,2113.7,45.95,95728,39.279068,-120.414275,2.0,81.0,926.0,1,46,2.0,2.0,0.0,0.0,1,2.0,2.0,10.0,0
1052.4,1224.96,172.56,14.38,95240,38.123544,-121.159078,0.0,89.75,539.0,0,12,0.0,0.0,2.0,2.0,0,0.0,0.0,6.0,1
74.7,118.81,44.11,44.11,96075,40.343213,-121.815412,0.0,74.7,737.0,0,1,0.0,0.0,2.0,2.0,0,0.0,2.0,69.0,1
4131.2,4319.57,188.37,2.73,93285,35.690535,-118.552784,2.0,61.45,1086.0,1,69,0.0,0.0,2.0,1.0,0,0.0,2.0,69.0,0
1036.0,2622.88,1586.88,33.06,94922,38.343282,-122.9755,2.0,20.05,95.0,4,48,1.0,1.0,1.0,3.0,0,1.0,1.0,0.0,0
5193.2,5568.3,375.1,6.05,95472,38.398815,-122.861923,2.0,84.5,902.0,0,62,2.0,0.0,2.0,1.0,0,2.0,2.0,22.0,0
157.55,257.39,99.84,33.28,93105,34.037342,-119.80079,0.0,55.9,882.0,0,3,0.0,2.0,0.0,0.0,1,2.0,2.0,69.0,0
1597.25,2111.87,514.62,28.59,92126,32.886925,-117.152162,0.0,90.7,852.0,0,18,0.0,0.0,0.0,2.0,0,2.0,2.0,26.0,1
6034.85,8734.1,2699.25,45.75,90210,34.099891,-118.414338,2.0,100.05,77.0,10,59,2.0,0.0,2.0,2.0,0,0.0,2.0,11.0,0
3046.15,4238.35,1192.2,39.74,95380,37.474396,-120.875917,0.0,100.05,1012.0,1,30,0.0,0.0,0.0,2.0,0,2.0,2.0,22.0,1
613.4,981.8,368.4,46.05,94561,37.999406,-121.686241,0.0,84.0,689.0,1,8,0.0,0.0,0.0,2.0,0,0.0,0.0,22.0,1
54.9,99.26,44.36,44.36,90068,34.137411,-118.328915,0.0,54.9,552.0,0,1,0.0,2.0,2.0,1.0,0,0.0,2.0,58.0,1
1496.45,2423.09,926.64,12.87,95555,41.336354,-124.044354,2.0,19.4,705.0,8,72,1.0,1.0,1.0,3.0,0,1.0,1.0,0.0,0
2933.2,3737.95,804.75,27.75,93251,35.38381,-119.730885,0.0,98.6,591.0,0,29,0.0,0.0,0.0,2.0,0,2.0,2.0,2.0,1
606.55,620.79,14.24,1.78,91901,32.827184,-116.703729,0.0,74.5,16.0,0,8,0.0,0.0,2.0,2.0,0,0.0,0.0,7.0,1
417.7,1139.89,722.19,34.39,94591,38.105733,-122.186338,0.0,20.0,1025.0,0,21,1.0,1.0,1.0,3.0,0,1.0,1.0,0.0,0
4845.4,5418.25,572.85,10.05,92545,33.734933,-117.044145,2.0,84.5,413.0,2,57,2.0,2.0,0.0,1.0,0,2.0,2.0,16.0,0
1743.5,1826.97,83.47,4.91,91324,34.238208,-118.55029,0.0,104.2,677.0,1,17,0.0,2.0,0.0,2.0,0,2.0,2.0,15.0,1
2628.6,4195.0,1566.4,48.95,95835,38.685069,-121.543709,0.0,85.95,838.0,0,32,0.0,0.0,0.0,2.0,0,0.0,0.0,9.0,1
90.75,113.81,23.06,23.06,94589,38.161321,-122.271588,0.0,90.75,1025.0,0,1,0.0,0.0,0.0,2.0,0,0.0,2.0,52.0,1
1208.35,1435.03,106.68,7.62,91752,33.999992,-117.535395,0.0,89.65,615.0,1,14,2.0,0.0,2.0,2.0,0,0.0,2.0,3.0,1
288.35,466.41,138.06,23.01,95125,37.294926,-121.894763,0.0,50.05,861.0,0,6,2.0,0.0,0.0,1.0,0,0.0,0.0,13.0,0
131.65,162.29,30.64,15.32,93287,35.710244,-118.881679,0.0,69.6,1092.0,0,2,0.0,0.0,0.0,2.0,0,0.0,0.0,21.0,1
79.55,121.68,32.13,32.13,94602,37.803883,-122.208417,0.0,79.55,688.0,0,1,0.0,0.0,0.0,2.0,0,0.0,0.0,15.0,1
350.3,444.8,74.5,14.9,95981,39.58458,-121.093256,0.0,67.95,958.0,1,5,2.0,0.0,0.0,1.0,0,2.0,0.0,4.0,1
4822.85,6802.69,1979.84,43.04,91501,34.188339,-118.300942,1.0,105.2,119.0,0,46,2.0,2.0,2.0,2.0,0,0.0,2.0,71.0,1
249.55,249.55,0.0,0.0,92106,32.71346,-117.236378,1.0,35.5,852.0,0,7,2.0,0.0,0.0,1.0,0,2.0,0.0,48.0,0
788.8,971.08,170.7,17.07,95694,38.578604,-122.024579,0.0,80.7,1082.0,0,10,0.0,0.0,2.0,2.0,0,0.0,0.0,3.0,1
24.7,24.7,0.0,0.0,94578,37.704384,-122.126703,0.0,24.7,864.0,0,1,0.0,0.0,0.0,0.0,3,0.0,0.0,21.0,0
84.65,146.95,22.3,22.3,92505,33.920907,-117.489426,0.0,84.65,827.0,0,1,0.0,0.0,0.0,2.0,0,0.0,0.0,51.0,1
1178.4,1579.5,401.1,28.65,90303,33.936291,-118.332639,0.0,89.95,446.0,0,14,2.0,0.0,0.0,0.0,0,0.0,0.0,27.0,1
45.3,103.67,28.37,28.37,96029,39.84784,-122.544556,0.0,45.3,327.0,0,1,0.0,0.0,0.0,1.0,0,0.0,0.0,7.0,1
1505.9,2491.1,985.2,16.42,94121,37.776718,-122.495781,1.0,24.15,855.0,1,60,1.0,1.0,1.0,3.0,0,1.0,1.0,0.0,0
435.25,902.03,468.09,22.29,95966,39.473896,-121.415927,2.0,20.85,711.0,0,21,1.0,1.0,1.0,3.0,0,1.0,1.0,0.0,0
356.65,484.33,127.68,31.92,91935,32.695681,-116.798386,0.0,90.4,455.0,0,4,2.0,0.0,0.0,2.0,0,2.0,2.0,4.0,0
45.85,60.75,14.9,14.9,95368,37.713152,-121.08739,0.0,45.85,840.0,1,1,0.0,0.0,0.0,1.0,0,0.0,0.0,6.0,1
1429.65,4463.31,3033.66,48.93,91724,34.08111,-117.853935,2.0,23.4,227.0,0,62,1.0,1.0,1.0,3.0,0,1.0,1.0,0.0,0
5194.05,7970.0,2775.95,47.05,95545,40.342928,-124.063329,2.0,90.3,426.0,5,59,2.0,2.0,2.0,0.0,2,2.0,2.0,24.0,0
20.2,65.69,45.49,45.49,93618,36.523619,-119.386868,0.0,20.2,259.0,0,1,1.0,1.0,1.0,3.0,0,1.0,1.0,0.0,1
1924.1,2637.75,713.65,20.39,92886,33.897253,-117.792202,2.0,55.25,1095.0,0,35,0.0,2.0,0.0,1.0,0,0.0,0.0,21.0,0
20.85,43.71,22.86,22.86,93440,34.758699,-120.275839,0.0,20.85,550.0,1,1,1.0,1.0,1.0,3.0,0,1.0,1.0,0.0,1
3410.0,4863.16,1453.16,42.74,93223,36.29878,-119.201028,0.0,97.7,316.0,9,34,0.0,0.0,2.0,2.0,2,0.0,2.0,52.0,0
70.45,90.55,20.1,20.1,92027,33.141265,-116.967221,0.0,70.45,305.0,0,1,2.0,2.0,2.0,0.0,1,0.0,2.0,21.0,0
2753.8,2937.06,183.26,5.39,95046,37.084697,-121.606417,1.0,77.2,870.0,0,34,0.0,0.0,0.0,0.0,1,2.0,2.0,52.0,0
1497.05,2233.35,636.3,30.3,96054,41.280478,-121.160249,1.0,71.7,547.0,4,21,0.0,0.0,2.0,1.0,0,2.0,0.0,18.0,0
7467.5,8723.46,1255.96,18.47,94506,37.791481,-121.903253,2.0,110.2,241.0,1,68,0.0,2.0,2.0,2.0,3,2.0,2.0,75.0,0
45.65,59.77,14.12,14.12,90745,33.822295,-118.26411,0.0,45.65,163.0,0,1,0.0,0.0,0.0,0.0,0,0.0,0.0,24.0,1
415.55,448.01,28.9,5.78,92122,32.85723,-117.209774,0.0,80.6,852.0,0,5,0.0,0.0,0.0,2.0,0,0.0,0.0,52.0,1
1183.2,1164.07,0.0,0.0,91105,34.13946,-118.166649,2.0,53.15,732.0,0,21,2.0,2.0,2.0,1.0,1,2.0,0.0,11.0,0
2431.35,3510.39,1079.04,44.96,95842,38.687367,-121.34848,0.0,99.3,838.0,0,24,0.0,0.0,2.0,2.0,0,2.0,2.0,28.0,1
5935.1,8234.77,2299.67,43.39,94127,37.736535,-122.45732,0.0,108.25,855.0,1,53,2.0,0.0,2.0,2.0,2,2.0,2.0,29.0,0
1662.05,1802.05,0.0,0.0,92064,32.984395,-117.013454,2.0,46.35,787.0,7,35,2.0,2.0,0.0,1.0,0,0.0,0.0,24.0,0
6536.5,9607.75,3071.25,48.75,96009,41.083464,-121.107929,2.0,104.75,78.0,0,63,0.0,0.0,2.0,2.0,0,2.0,2.0,21.0,0
4284.8,5581.55,1296.75,33.25,95128,37.316146,-121.936285,0.0,105.65,861.0,1,39,0.0,0.0,2.0,2.0,0,2.0,2.0,26.0,1
199.75,335.47,135.72,33.93,91001,34.196837,-118.142236,0.0,70.5,18.0,0,4,0.0,0.0,0.0,0.0,0,0.0,0.0,20.0,0
4555.2,6411.97,1864.2,28.68,90745,33.822295,-118.26411,1.0,70.95,163.0,6,65,0.0,0.0,0.0,2.0,0,0.0,0.0,20.0,0
4861.45,5669.11,807.66,12.82,90046,34.108455,-118.362081,2.0,79.85,552.0,0,63,2.0,2.0,2.0,1.0,0,2.0,0.0,17.0,0
1378.75,4769.55,3390.8,48.44,92867,33.81859,-117.821288,2.0,19.8,701.0,1,70,1.0,1.0,1.0,3.0,2,1.0,1.0,0.0,0
20.05,33.56,13.51,13.51,93601,37.375816,-119.739935,0.0,20.05,6.0,0,1,1.0,1.0,1.0,3.0,0,1.0,1.0,0.0,0
786.5,776.22,0.0,0.0,95993,39.075694,-121.70606,0.0,29.8,1099.0,0,26,0.0,0.0,0.0,1.0,2,2.0,0.0,27.0,0
70.6,133.21,32.61,32.61,92210,33.537646,-116.291089,2.0,70.6,444.0,0,1,0.0,0.0,0.0,2.0,0,0.0,0.0,27.0,0
743.05,2384.27,1641.22,43.19,93304,35.339796,-119.023552,2.0,20.3,56.0,0,38,1.0,1.0,1.0,3.0,0,1.0,1.0,0.0,0
5763.15,8615.07,2851.92,39.61,92582,33.806708,-117.02007,2.0,78.85,859.0,2,72,2.0,2.0,2.0,1.0,0,2.0,2.0,85.0,0
74.7,86.04,11.34,11.34,95949,39.099204,-121.137962,0.0,74.7,378.0,0,1,0.0,0.0,0.0,2.0,0,0.0,0.0,20.0,1
5917.55,6687.15,649.6,9.28,93463,34.624399,-120.137875,2.0,84.8,929.0,7,70,2.0,0.0,2.0,1.0,0,2.0,2.0,24.0,0
6871.9,10162.0,3290.1,49.85,94533,38.287136,-122.02711,0.0,100.05,313.0,6,66,2.0,0.0,0.0,2.0,0,0.0,0.0,14.0,1
565.35,565.35,0.0,0.0,90260,33.88856,-118.351813,0.0,50.55,516.0,1,11,0.0,2.0,0.0,0.0,1,0.0,2.0,41.0,0
69.7,91.22,21.52,21.52,91763,34.072121,-117.698319,0.0,69.7,625.0,0,1,0.0,0.0,0.0,2.0,0,0.0,0.0,25.0,1
1988.05,2173.09,185.04,2.57,95412,38.731055,-123.316553,2.0,26.25,28.0,8,72,1.0,1.0,1.0,3.0,1,1.0,1.0,0.0,0
847.25,930.41,83.16,1.89,94109,37.794487,-122.42227,2.0,19.35,855.0,4,44,1.0,1.0,1.0,3.0,0,1.0,1.0,0.0,0
528.45,528.45,0.0,0.0,90621,33.874224,-117.993368,0.0,45.3,118.0,5,13,0.0,0.0,0.0,1.0,0,0.0,0.0,9.0,0
2448.75,2580.5,131.75,5.27,95968,39.435756,-121.552071,0.0,95.9,719.0,0,25,0.0,0.0,2.0,2.0,0,0.0,2.0,4.0,1
420.2,533.08,112.88,28.22,92591,33.540604,-117.10909,0.0,100.2,984.0,1,4,0.0,0.0,2.0,2.0,0,0.0,2.0,10.0,1
1423.65,4824.93,3401.28,47.24,93242,36.444232,-119.718285,2.0,20.05,515.0,1,72,1.0,1.0,1.0,3.0,0,1.0,1.0,0.0,0
6903.1,8453.82,1550.72,24.23,92126,32.886925,-117.152162,1.0,105.65,852.0,0,64,2.0,0.0,2.0,2.0,0,0.0,2.0,73.0,1
294.45,400.74,106.29,35.43,94556,37.827946,-122.107185,0.0,105.0,633.0,0,3,0.0,0.0,2.0,2.0,0,2.0,0.0,18.0,1
5598.3,5830.79,232.49,3.47,94930,37.971751,-122.611873,1.0,84.8,312.0,5,67,0.0,2.0,2.0,2.0,3,2.0,0.0,21.0,0
1551.6,2365.95,814.35,13.35,93505,35.151491,-117.927597,2.0,24.1,131.0,9,61,1.0,1.0,1.0,3.0,0,1.0,1.0,0.0,0
512.45,673.05,160.6,32.12,92592,33.507255,-117.029473,0.0,96.25,984.0,0,5,0.0,0.0,2.0,2.0,0,0.0,2.0,10.0,1
3371.0,4527.05,1156.05,25.69,94561,37.999406,-121.686241,2.0,73.85,689.0,9,45,2.0,2.0,2.0,1.0,1,0.0,0.0,26.0,0
381.2,342.22,0.0,0.0,96001,40.587919,-122.464732,2.0,29.35,805.0,0,12,0.0,0.0,2.0,1.0,0,0.0,0.0,4.0,0
4520.15,6254.94,1767.92,36.08,92110,32.76501,-117.19938,1.0,93.65,852.0,7,49,0.0,0.0,2.0,2.0,2,2.0,0.0,59.0,0
1907.85,2304.07,396.22,18.01,93535,34.712708,-117.889656,0.0,89.25,511.0,0,22,0.0,0.0,0.0,2.0,0,0.0,2.0,2.0,1
19.6,33.77,14.17,14.17,92122,32.85723,-117.209774,0.0,19.6,852.0,0,1,1.0,1.0,1.0,3.0,0,1.0,1.0,0.0,1
1653.45,1653.45,0.0,0.0,93454,34.943523,-120.256729,0.0,50.6,888.0,10,32,0.0,0.0,0.0,1.0,2,2.0,2.0,19.0,0
4122.9,5277.9,1155.0,26.25,95688,38.419088,-122.024568,0.0,92.95,1022.0,2,44,0.0,0.0,0.0,2.0,1,2.0,2.0,25.0,0
31.35,111.35,0.0,0.0,95236,38.047746,-121.030499,0.0,31.35,528.0,0,1,0.0,0.0,2.0,1.0,0,0.0,0.0,6.0,1
2117.25,3224.11,1076.86,46.82,95410,39.225694,-123.717354,1.0,90.45,10.0,6,23,0.0,0.0,0.0,2.0,0,0.0,0.0,11.0,0
6643.5,9023.8,2380.3,36.62,94561,37.999406,-121.686241,1.0,100.15,689.0,8,65,2.0,2.0,2.0,2.0,0,0.0,0.0,6.0,0
4016.3,4875.86,859.56,16.53,90712,33.840524,-118.148403,2.0,79.2,509.0,5,52,0.0,2.0,2.0,1.0,2,2.0,2.0,12.0,0
70.0,108.8,38.8,38.8,95564,40.809636,-124.189977,0.0,70.0,844.0,1,1,0.0,0.0,0.0,2.0,0,0.0,0.0,4.0,1
3349.1,5342.15,1993.05,44.29,94577,37.717196,-122.159338,2.0,73.55,864.0,0,45,2.0,2.0,0.0,1.0,0,0.0,2.0,15.0,0
180.3,499.41,319.11,29.01,90221,33.885811,-118.206459,0.0,19.25,211.0,1,11,1.0,1.0,1.0,3.0,3,1.0,1.0,0.0,1
2610.65,3132.21,521.56,10.03,95485,39.220368,-122.907693,1.0,50.95,1021.0,2,52,0.0,0.0,0.0,0.0,2,2.0,0.0,29.0,0
4515.85,6714.97,2199.12,44.88,95006,37.171727,-122.142961,0.0,90.85,104.0,0,49,0.0,0.0,0.0,2.0,0,2.0,0.0,15.0,1
291.45,425.75,134.3,26.86,94951,38.325599,-122.642352,0.0,56.15,741.0,0,5,2.0,0.0,0.0,1.0,0,2.0,0.0,71.0,0
92.45,119.91,27.46,13.73,93221,36.301689,-119.018233,0.0,47.8,310.0,0,2,0.0,2.0,0.0,1.0,0,0.0,0.0,11.0,1
1222.05,1517.73,295.68,26.88,94030,37.601248,-122.403099,0.0,96.2,611.0,5,11,2.0,2.0,0.0,2.0,0,0.0,0.0,19.0,1
221.35,585.01,363.66,33.06,90740,33.75462,-118.071128,0.0,20.1,900.0,0,11,1.0,1.0,1.0,3.0,3,1.0,1.0,0.0,1
2576.2,4272.65,1696.45,48.47,91773,34.102119,-117.815532,0.0,75.2,853.0,1,35,0.0,0.0,0.0,2.0,0,0.0,0.0,12.0,1
5270.6,7370.6,2100.0,37.5,92278,34.457829,-116.139589,1.0,98.0,1016.0,10,56,0.0,2.0,0.0,2.0,0,0.0,2.0,11.0,0
2351.8,3253.74,901.94,34.69,92408,34.084909,-117.258107,0.0,91.25,848.0,0,26,0.0,0.0,0.0,2.0,0,0.0,0.0,27.0,1
1269.55,1639.0,369.45,24.63,93531,35.214982,-118.59049,0.0,85.9,465.0,0,15,0.0,0.0,2.0,2.0,0,0.0,2.0,13.0,1
401.3,567.44,166.14,27.69,95615,38.311609,-121.554034,0.0,73.85,225.0,0,6,0.0,0.0,0.0,2.0,0,0.0,0.0,9.0,0
2862.75,3471.17,608.42,20.98,94019,37.45567,-122.407992,0.0,98.65,399.0,0,29,2.0,0.0,0.0,2.0,0,0.0,0.0,16.0,1
185.6,633.26,447.66,49.74,93950,36.618337,-121.926417,0.0,18.95,713.0,0,9,1.0,1.0,1.0,3.0,0,1.0,1.0,0.0,1
233.65,263.95,30.3,10.1,94949,38.067204,-122.524004,0.0,74.55,679.0,0,3,0.0,2.0,0.0,2.0,0,0.0,0.0,73.0,0
253.0,257.4,4.4,1.1,92284,34.159534,-116.425984,0.0,64.4,1101.0,0,4,2.0,0.0,0.0,0.0,0,0.0,0.0,19.0,0
923.85,1051.96,138.58,10.66,96044,41.962127,-122.527696,0.0,71.95,430.0,0,13,0.0,2.0,0.0,1.0,0,0.0,2.0,5.0,0
874.8,1250.28,375.48,20.86,92883,33.762351,-117.488725,0.0,49.4,217.0,0,18,0.0,2.0,0.0,1.0,0,0.0,0.0,3.0,1
163.7,229.66,65.96,32.98,90222,33.912246,-118.236773,2.0,83.8,211.0,0,2,0.0,0.0,2.0,2.0,0,0.0,0.0,14.0,0
2119.5,2309.76,190.26,9.06,94104,37.791222,-122.402241,0.0,97.35,855.0,0,21,0.0,0.0,0.0,2.0,0,0.0,2.0,10.0,1
73.6,79.79,6.19,6.19,92122,32.85723,-117.209774,0.0,73.6,852.0,0,1,0.0,2.0,0.0,2.0,0,0.0,2.0,52.0,1
2387.75,3293.75,906.0,36.24,95626,38.734997,-121.463719,0.0,100.25,299.0,0,25,0.0,0.0,2.0,2.0,0,0.0,2.0,3.0,1
77.15,77.15,0.0,0.0,90502,33.833181,-118.292062,0.0,40.4,999.0,0,2,2.0,0.0,2.0,1.0,0,2.0,0.0,8.0,1
2119.5,2309.76,190.26,9.06,94104,37.791222,-122.402241,0.0,97.35,855.0,0,21,0.0,0.0,0.0,2.0,0,0.0,2.0,10.0,1
75.45,87.03,11.58,11.58,92117,32.825086,-117.199424,0.0,75.45,852.0,0,1,0.0,0.0,0.0,2.0,0,0.0,0.0,15.0,1
53.95,85.11,31.16,31.16,95966,39.473896,-121.415927,0.0,53.95,711.0,0,1,2.0,2.0,0.0,1.0,0,0.0,0.0,11.0,1
809.25,1287.7,478.45,13.67,94972,38.339996,-122.935056,2.0,70.5,1027.0,1,35,1.0,1.0,1.0,3.0,3,1.0,1.0,0.0,0
59.2,72.78,13.58,13.58,90063,34.044271,-118.185237,0.0,59.2,552.0,0,1,0.0,0.0,0.0,1.0,3,2.0,2.0,24.0,1
36.45,36.45,0.0,0.0,91501,34.188339,-118.300942,0.0,36.45,119.0,0,1,0.0,0.0,0.0,0.0,0,0.0,0.0,26.0,1
94.55,105.69,11.14,5.57,94525,38.049292,-122.228415,0.0,66.4,232.0,0,2,0.0,2.0,0.0,0.0,0,2.0,0.0,24.0,1
803.3,1070.6,267.3,29.7,94010,37.57028,-122.365778,0.0,83.3,120.0,0,9,0.0,0.0,0.0,2.0,0,0.0,2.0,17.0,1
2244.95,3192.47,947.52,33.84,95350,37.671806,-121.007575,0.0,80.6,620.0,0,28,0.0,0.0,0.0,2.0,0,0.0,2.0,5.0,0
890.5,1010.82,120.32,2.56,92376,34.109775,-117.378904,2.0,19.3,814.0,1,47,1.0,1.0,1.0,3.0,3,1.0,1.0,0.0,0
2209.15,2473.18,264.03,6.77,94591,38.105733,-122.186338,1.0,59.3,1025.0,0,39,2.0,0.0,0.0,1.0,0,0.0,2.0,17.0,0
3021.6,4161.0,1139.4,31.65,91384,34.506627,-118.699048,0.0,84.1,168.0,1,36,0.0,0.0,0.0,2.0,0,0.0,0.0,15.0,1
193.05,212.85,19.8,1.98,91737,34.245289,-117.642503,0.0,19.85,795.0,0,10,1.0,1.0,1.0,3.0,0,1.0,1.0,0.0,0
6669.45,8645.21,1885.76,26.56,90606,33.976678,-118.065875,0.0,93.25,1069.0,8,71,0.0,0.0,2.0,2.0,0,2.0,2.0,7.0,0
231.8,322.55,90.75,30.25,94402,37.556634,-122.317723,0.0,76.05,871.0,0,3,0.0,0.0,0.0,2.0,0,0.0,0.0,28.0,1
405.6,1012.11,606.51,26.37,94038,37.515556,-122.502311,1.0,70.5,638.0,0,23,1.0,1.0,1.0,3.0,0,1.0,1.0,0.0,0
3655.45,4294.37,568.92,17.24,94542,37.656695,-122.048361,0.0,110.45,408.0,0,33,2.0,0.0,2.0,2.0,0,2.0,2.0,25.0,1
1973.75,2417.9,444.15,21.15,92592,33.507255,-117.029473,0.0,94.25,984.0,0,21,0.0,0.0,0.0,2.0,0,0.0,0.0,9.0,1
3877.95,4234.02,356.07,9.13,95322,37.147198,-121.120161,1.0,99.1,397.0,6,39,0.0,2.0,2.0,2.0,0,0.0,0.0,18.0,0
246.25,463.69,217.44,18.12,94501,37.774633,-122.274434,0.0,19.45,7.0,0,12,1.0,1.0,1.0,3.0,0,1.0,1.0,0.0,0
1718.95,1943.37,257.52,8.88,94579,37.687264,-122.15728,2.0,58.55,864.0,0,29,0.0,2.0,2.0,1.0,0,0.0,0.0,22.0,0
3053.0,4022.57,969.57,17.01,91364,34.153733,-118.593408,1.0,53.45,1091.0,1,57,0.0,2.0,2.0,1.0,2,0.0,0.0,11.0,0
2757.85,3467.42,669.57,20.29,94574,38.581354,-122.296283,0.0,83.35,839.0,0,33,0.0,0.0,0.0,2.0,0,0.0,2.0,30.0,1
33.2,97.26,64.06,32.03,95547,40.557314,-124.081662,0.0,20.35,438.0,0,2,1.0,1.0,1.0,3.0,0,1.0,1.0,0.0,1
4018.55,4147.58,129.03,2.53,95941,39.531028,-121.24807,0.0,79.15,331.0,6,51,0.0,2.0,2.0,2.0,2,0.0,0.0,71.0,0
470.2,725.56,255.36,10.64,90638,33.902045,-118.008961,2.0,19.55,489.0,0,24,1.0,1.0,1.0,3.0,0,1.0,1.0,0.0,0
7723.9,8849.96,1174.6,16.78,95014,37.306612,-122.080621,2.0,114.2,235.0,1,70,2.0,2.0,2.0,2.0,0,2.0,2.0,48.0,1
156.4,247.22,90.82,45.41,96044,41.962127,-122.527696,0.0,74.85,430.0,0,2,0.0,0.0,0.0,2.0,0,0.0,0.0,18.0,1
70.15,118.12,47.97,47.97,93426,35.842889,-121.004862,0.0,70.15,106.0,0,1,0.0,0.0,0.0,2.0,0,0.0,0.0,8.0,1
151.65,169.89,18.24,9.12,90005,34.059281,-118.30742,0.0,70.7,552.0,0,2,0.0,0.0,0.0,2.0,2,0.0,0.0,51.0,1
1625.65,1702.32,76.67,4.51,94086,37.378541,-122.020456,0.0,93.85,967.0,0,17,0.0,2.0,0.0,2.0,0,0.0,2.0,13.0,1
224.05,233.92,9.87,3.29,95232,38.358464,-120.579304,0.0,80.4,365.0,1,3,0.0,0.0,0.0,2.0,0,0.0,0.0,9.0,1
3050.15,4633.07,1582.92,43.97,92126,32.886925,-117.152162,0.0,84.75,852.0,0,36,0.0,0.0,0.0,2.0,0,0.0,2.0,42.0,1
1740.8,3624.32,1883.52,29.43,92618,33.667145,-117.732135,2.0,25.65,449.0,0,64,1.0,1.0,1.0,3.0,0,1.0,1.0,0.0,0
82.3,115.71,33.41,33.41,96006,41.171578,-120.913161,0.0,82.3,3.0,0,1,0.0,0.0,2.0,2.0,0,2.0,0.0,28.0,1
4828.05,6563.99,1735.94,29.93,93651,37.007238,-119.505661,2.0,82.5,788.0,1,58,0.0,0.0,0.0,2.0,2,0.0,0.0,24.0,0
6819.45,8503.11,1683.66,25.51,93065,34.269449,-118.768471,1.0,104.6,921.0,7,66,0.0,0.0,2.0,2.0,0,2.0,0.0,15.0,0
5769.6,8957.33,3206.45,49.33,95668,38.833554,-121.498102,1.0,89.75,769.0,5,65,0.0,2.0,2.0,2.0,0,2.0,0.0,16.0,1
6019.35,9006.47,2837.12,45.76,92020,32.79697,-116.969082,2.0,96.1,284.0,1,62,0.0,0.0,2.0,2.0,2,2.0,0.0,12.0,0
4338.6,6931.36,2502.76,48.13,91345,34.266389,-118.459744,0.0,85.35,618.0,0,52,0.0,0.0,2.0,2.0,0,0.0,2.0,12.0,1
1861.5,3044.7,1183.2,49.3,92382,34.186211,-117.07683,0.0,80.25,837.0,0,24,0.0,0.0,2.0,2.0,0,0.0,0.0,20.0,1
5832.0,7023.82,1198.08,23.04,90301,33.956445,-118.358634,2.0,110.75,446.0,0,52,2.0,0.0,2.0,2.0,0,2.0,2.0,25.0,0
5586.45,6758.25,1171.8,18.9,90278,33.873395,-118.37019,0.0,90.7,807.0,0,62,0.0,2.0,2.0,2.0,0,2.0,0.0,2.0,0
1049.6,2046.53,996.93,18.81,93625,36.625792,-119.672483,2.0,19.85,343.0,0,53,1.0,1.0,1.0,3.0,0,1.0,1.0,0.0,0
223.9,568.6,344.7,34.47,92316,34.059722,-117.39104,0.0,24.8,92.0,0,10,1.0,1.0,1.0,3.0,3,1.0,1.0,0.0,0
191.05,372.65,181.6,45.4,93247,36.205465,-119.085807,0.0,45.65,529.0,0,4,0.0,0.0,0.0,1.0,0,0.0,0.0,27.0,1
527.35,670.87,143.52,5.98,95357,37.670526,-120.877572,1.0,20.45,620.0,0,24,1.0,1.0,1.0,3.0,0,1.0,1.0,0.0,0
1760.25,2132.08,371.83,19.57,93652,36.594542,-119.905245,2.0,94.95,791.0,10,19,0.0,0.0,0.0,2.0,0,0.0,0.0,27.0,0
1790.6,1790.6,0.0,0.0,96027,41.405193,-123.008567,1.0,45.05,308.0,0,39,2.0,2.0,0.0,1.0,0,0.0,0.0,13.0,0
95.65,127.98,32.33,32.33,95060,36.993451,-122.098858,0.0,95.65,885.0,0,1,0.0,0.0,0.0,2.0,0,0.0,2.0,9.0,1
930.4,1286.7,356.3,35.63,96037,41.528541,-122.955018,0.0,95.2,383.0,0,10,0.0,0.0,0.0,2.0,0,0.0,2.0,18.0,1
524.5,1014.9,490.4,49.04,94401,37.590421,-122.306467,0.0,51.65,871.0,0,10,0.0,2.0,0.0,0.0,0,0.0,0.0,23.0,0
5059.75,6362.75,1303.0,26.06,90305,33.958134,-118.330905,1.0,99.4,446.0,7,50,2.0,0.0,0.0,2.0,0,0.0,2.0,18.0,0
31.35,111.35,0.0,0.0,95236,38.047746,-121.030499,0.0,31.35,528.0,0,1,0.0,0.0,2.0,1.0,0,0.0,0.0,6.0,1
2762.75,4222.67,1459.92,34.76,92338,34.702766,-116.093376,2.0,66.5,564.0,0,42,2.0,0.0,0.0,0.0,0,2.0,2.0,20.0,0
2119.5,2309.76,190.26,9.06,94104,37.791222,-122.402241,0.0,97.35,855.0,0,21,0.0,0.0,0.0,2.0,0,0.0,2.0,10.0,1
1859.5,2636.5,777.0,38.85,93241,35.245035,-118.905553,1.0,91.0,510.0,2,20,0.0,0.0,0.0,2.0,0,0.0,2.0,2.0,0
875.35,967.99,92.64,5.79,96058,41.769709,-121.92063,0.0,55.3,567.0,0,16,0.0,0.0,2.0,1.0,0,0.0,0.0,4.0,0
592.65,1728.57,1135.92,47.33,92309,35.28952,-116.092214,1.0,24.6,55.0,0,24,1.0,1.0,1.0,3.0,0,1.0,1.0,0.0,0
34.8,126.8,92.0,46.0,92586,33.707483,-117.200006,1.0,20.45,964.0,0,2,1.0,1.0,1.0,3.0,0,1.0,1.0,0.0,0
4200.25,4904.5,704.25,15.65,95215,37.946282,-121.139499,2.0,93.9,954.0,0,45,0.0,0.0,0.0,2.0,0,0.0,0.0,18.0,0
659.65,845.26,220.3,22.03,95358,37.612612,-121.108568,0.0,70.1,620.0,1,10,0.0,0.0,0.0,2.0,0,0.0,0.0,19.0,1
4525.8,4632.9,107.1,2.38,92606,33.703976,-117.824172,1.0,98.7,449.0,1,45,2.0,0.0,2.0,2.0,0,2.0,0.0,20.0,0
2317.1,3198.56,761.46,36.26,93650,36.841655,-119.797113,0.0,111.2,349.0,1,21,2.0,0.0,2.0,2.0,0,2.0,2.0,59.0,1
617.85,630.61,12.76,1.16,90703,33.8681,-118.067402,1.0,54.6,179.0,0,11,2.0,2.0,0.0,1.0,0,0.0,0.0,41.0,0
272.0,846.7,574.7,41.05,93543,34.505273,-117.955054,1.0,19.5,532.0,2,14,1.0,1.0,1.0,3.0,1,1.0,1.0,0.0,0
99.75,99.75,0.0,0.0,91773,34.102119,-117.815532,0.0,35.15,853.0,1,3,0.0,0.0,0.0,0.0,0,0.0,2.0,13.0,1
80.55,146.48,5.93,5.93,95043,36.525703,-120.952122,0.0,80.55,717.0,0,1,0.0,0.0,0.0,2.0,0,0.0,0.0,19.0,0
931.9,995.07,98.4,6.56,95819,38.567594,-121.437507,1.0,56.15,838.0,0,15,0.0,0.0,0.0,1.0,0,0.0,0.0,52.0,0
231.8,322.55,90.75,30.25,94402,37.556634,-122.317723,0.0,76.05,871.0,0,3,0.0,0.0,0.0,2.0,0,0.0,0.0,28.0,1
2555.05,2555.05,0.0,0.0,95820,38.53508,-121.444144,2.0,48.8,838.0,0,52,0.0,2.0,0.0,1.0,0,0.0,2.0,19.0,0
1618.2,3302.82,1684.62,26.74,90056,33.987945,-118.370442,2.0,24.2,552.0,0,63,1.0,1.0,1.0,3.0,0,1.0,1.0,0.0,0
204.55,219.49,14.94,1.66,93441,34.70434,-120.02609,1.0,21.25,556.0,1,9,1.0,1.0,1.0,3.0,0,1.0,1.0,0.0,0
146.4,146.4,0.0,0.0,92840,33.787165,-117.931889,0.0,42.4,355.0,0,4,2.0,2.0,2.0,1.0,0,0.0,0.0,23.0,0
1328.15,3539.58,2227.05,35.35,92071,32.847336,-116.997605,1.0,20.5,894.0,0,63,1.0,1.0,1.0,3.0,0,1.0,1.0,0.0,0
70.5,111.89,41.39,41.39,93531,35.214982,-118.59049,0.0,70.5,465.0,0,1,0.0,0.0,0.0,2.0,0,0.0,0.0,3.0,1
1758.9,3345.87,1586.97,48.09,93460,34.630356,-120.032564,1.0,51.45,892.0,7,33,2.0,0.0,0.0,1.0,0,0.0,0.0,9.0,0
1246.4,1276.4,0.0,0.0,92823,33.924143,-117.79387,1.0,45.85,109.0,3,27,0.0,0.0,2.0,1.0,0,2.0,2.0,27.0,0
8672.45,11634.53,2962.08,41.14,95461,38.787446,-122.58675,2.0,118.75,605.0,1,72,2.0,2.0,2.0,2.0,3,2.0,2.0,53.0,0
8093.15,10430.99,2337.84,32.47,95251,38.055562,-120.456298,2.0,114.0,1024.0,1,72,2.0,2.0,2.0,2.0,3,2.0,2.0,76.0,0
5174.35,7167.18,1992.83,40.67,95662,38.689174,-121.218435,2.0,106.65,703.0,10,49,2.0,2.0,2.0,2.0,0,2.0,2.0,12.0,0
740.3,1870.48,1165.23,35.31,94574,38.581354,-122.296283,2.0,24.5,839.0,1,33,1.0,1.0,1.0,3.0,0,1.0,1.0,0.0,1
19.55,57.99,38.44,38.44,92129,32.961064,-117.134917,0.0,19.55,852.0,0,1,1.0,1.0,1.0,3.0,0,1.0,1.0,0.0,1
906.85,1239.31,332.46,36.94,90247,33.890853,-118.297967,0.0,101.5,357.0,1,9,2.0,0.0,2.0,2.0,1,0.0,2.0,16.0,0
159.4,248.66,79.26,39.63,96074,39.884395,-122.587513,0.0,79.75,733.0,0,2,0.0,0.0,0.0,2.0,0,0.0,0.0,23.0,1
48.6,55.14,6.54,6.54,93212,36.04533,-119.532424,0.0,48.6,215.0,0,1,0.0,2.0,0.0,0.0,0,0.0,0.0,52.0,1
6056.15,8116.4,2060.25,30.75,92129,32.961064,-117.134917,1.0,90.6,852.0,1,67,0.0,2.0,2.0,2.0,0,0.0,2.0,5.0,1
69.7,91.22,21.52,21.52,91763,34.072121,-117.698319,0.0,69.7,625.0,0,1,0.0,0.0,0.0,2.0,0,0.0,0.0,25.0,1
4131.95,5555.15,1423.2,35.58,92563,33.581045,-117.14719,0.0,104.8,649.0,0,40,2.0,0.0,0.0,2.0,0,2.0,2.0,8.0,1
5948.7,6029.98,81.28,1.27,93505,35.151491,-117.927597,2.0,94.6,131.0,7,64,0.0,2.0,0.0,2.0,0,2.0,0.0,13.0,0
3921.1,3921.1,0.0,0.0,94063,37.499411,-122.196318,2.0,59.95,809.0,0,65,2.0,2.0,0.0,0.0,0,2.0,2.0,22.0,0
1566.9,4616.82,3049.92,42.36,91505,34.174215,-118.345928,2.0,20.25,119.0,0,72,1.0,1.0,1.0,3.0,0,1.0,1.0,0.0,0
867.3,2309.16,1441.86,34.33,95336,37.830267,-121.201018,2.0,19.35,577.0,10,42,1.0,1.0,1.0,3.0,2,1.0,1.0,0.0,0
7372.65,7593.69,221.04,3.07,95827,38.549185,-121.328386,2.0,103.4,838.0,1,72,0.0,0.0,2.0,2.0,0,2.0,2.0,23.0,1
6998.95,8336.86,1337.91,19.39,95903,39.125311,-121.392283,2.0,105.4,64.0,2,69,2.0,0.0,2.0,2.0,0,0.0,2.0,13.0,0
3723.65,3698.03,0.0,0.0,92692,33.60693,-117.644253,1.0,54.4,619.0,8,68,0.0,2.0,0.0,1.0,0,2.0,2.0,11.0,0
365.65,512.69,147.04,36.76,94590,38.104705,-122.247387,0.0,89.6,1025.0,0,4,0.0,0.0,2.0,2.0,0,0.0,0.0,20.0,1
2319.8,4211.6,1891.8,42.04,91748,33.976753,-117.897367,1.0,54.15,836.0,1,45,2.0,0.0,2.0,0.0,0,0.0,0.0,26.0,1
244.1,361.07,116.97,38.99,90212,34.062095,-118.401508,0.0,75.3,77.0,0,3,2.0,0.0,2.0,1.0,0,0.0,2.0,20.0,0
84.5,91.39,6.89,6.89,95641,38.154823,-121.601358,0.0,84.5,450.0,0,1,0.0,0.0,0.0,2.0,0,0.0,0.0,12.0,1
2497.2,3795.58,1238.38,47.63,95602,38.99003,-121.114408,0.0,95.0,48.0,0,26,0.0,2.0,2.0,2.0,0,0.0,0.0,26.0,1
1270.2,1670.65,300.45,20.03,95595,40.170357,-123.417298,0.0,86.2,1102.0,0,15,0.0,2.0,0.0,2.0,0,0.0,2.0,59.0,1
299.3,427.96,128.66,9.19,96132,41.027281,-120.669427,0.0,20.05,987.0,0,14,1.0,1.0,1.0,3.0,0,1.0,1.0,0.0,0
409.9,720.32,310.42,18.26,93426,35.842889,-121.004862,0.0,24.1,106.0,1,17,1.0,1.0,1.0,3.0,2,1.0,1.0,0.0,1
280.85,415.45,134.6,33.65,92627,33.645672,-117.922613,0.0,73.9,221.0,0,4,0.0,0.0,0.0,2.0,0,2.0,0.0,30.0,1
641.25,1270.55,629.3,44.95,95957,39.068071,-121.832638,1.0,44.6,603.0,1,14,0.0,0.0,0.0,1.0,0,0.0,0.0,19.0,0
1177.05,3073.35,1896.3,30.1,95690,38.240419,-121.587535,2.0,19.15,1044.0,2,63,1.0,1.0,1.0,3.0,3,1.0,1.0,0.0,0
44.55,85.65,41.1,41.1,92545,33.734933,-117.044145,0.0,44.55,413.0,1,1,0.0,0.0,0.0,1.0,2,0.0,0.0,18.0,0
3561.15,4475.55,914.4,15.24,93932,35.989792,-121.055933,1.0,59.8,538.0,6,60,0.0,2.0,0.0,1.0,0,0.0,0.0,16.0,0
71.1,81.29,10.19,10.19,95923,40.171312,-121.120605,0.0,71.1,150.0,0,1,0.0,0.0,0.0,2.0,0,0.0,0.0,9.0,1
4287.2,6625.48,2338.28,47.72,93206,35.451402,-119.488413,1.0,89.85,125.0,0,49,0.0,0.0,2.0,2.0,0,2.0,0.0,21.0,0
3233.6,4608.44,1374.84,36.18,96039,41.831901,-123.487478,0.0,83.9,402.0,0,38,0.0,2.0,2.0,2.0,0,2.0,2.0,48.0,1
432.5,1182.04,749.54,34.07,95615,38.311609,-121.554034,0.0,20.15,225.0,0,22,1.0,1.0,1.0,3.0,2,1.0,1.0,0.0,0
201.7,543.06,341.36,42.67,91381,34.364153,-118.615583,2.0,19.05,950.0,1,8,1.0,1.0,1.0,3.0,1,1.0,1.0,0.0,0
20.1,36.91,16.81,16.81,92028,33.362575,-117.299644,0.0,20.1,315.0,0,1,1.0,1.0,1.0,3.0,0,1.0,1.0,0.0,1
5895.45,7954.2,2058.75,33.75,92107,32.741852,-117.243453,0.0,94.2,852.0,1,61,2.0,2.0,2.0,2.0,0,2.0,0.0,29.0,0
3365.85,5478.44,2112.59,49.13,95364,38.224869,-119.755729,0.0,77.85,755.0,0,43,0.0,0.0,2.0,2.0,0,0.0,0.0,25.0,1
1414.8,4708.8,3294.0,45.75,94920,37.885629,-122.46858,2.0,19.3,70.0,0,72,1.0,1.0,1.0,3.0,0,1.0,1.0,0.0,0
3715.65,5989.05,2273.4,42.1,92119,32.802959,-117.027095,1.0,70.15,852.0,1,54,0.0,0.0,0.0,1.0,0,0.0,2.0,12.0,1
24.05,44.31,20.26,20.26,93306,35.449881,-118.841442,0.0,24.05,56.0,0,1,1.0,1.0,1.0,3.0,0,1.0,1.0,0.0,1
167.5,205.08,37.58,18.79,92548,33.761894,-117.120868,0.0,94.2,424.0,4,2,2.0,0.0,0.0,2.0,0,0.0,2.0,19.0,1
802.35,2279.56,1507.16,36.76,95842,38.687367,-121.34848,2.0,20.15,838.0,0,41,1.0,1.0,1.0,3.0,0,1.0,1.0,0.0,0
1347.15,1379.12,31.97,1.39,92027,33.141265,-116.967221,1.0,60.0,305.0,5,23,2.0,0.0,0.0,1.0,0,0.0,0.0,18.0,0
3067.2,3954.96,887.76,24.66,95686,38.157794,-121.520223,0.0,84.9,991.0,0,36,0.0,0.0,0.0,2.0,0,0.0,2.0,22.0,1
4318.35,4870.13,551.78,11.74,95690,38.240419,-121.587535,2.0,90.5,1044.0,10,47,2.0,2.0,2.0,1.0,3,2.0,2.0,48.0,0
1288.75,1288.75,0.0,0.0,91405,34.202494,-118.448048,1.0,50.6,1031.0,0,24,0.0,2.0,0.0,1.0,0,0.0,2.0,46.0,0
389.95,389.95,0.0,0.0,92879,33.893823,-117.531446,0.0,31.65,217.0,0,13,0.0,0.0,2.0,1.0,0,0.0,0.0,27.0,0
2966.95,2966.95,0.0,0.0,95665,38.400264,-120.641274,1.0,55.45,753.0,0,54,0.0,0.0,2.0,1.0,0,2.0,2.0,26.0,0
7250.15,8103.45,853.3,12.19,93641,36.696759,-119.024051,2.0,104.0,616.0,0,70,2.0,2.0,0.0,2.0,0,0.0,2.0,42.0,1
757.1,1014.95,257.85,17.19,94608,37.83726,-122.287648,0.0,55.0,300.0,0,15,2.0,0.0,0.0,1.0,0,0.0,0.0,19.0,1
1620.2,2908.98,1298.12,19.09,93203,35.116307,-118.817644,2.0,25.4,43.0,10,68,1.0,1.0,1.0,3.0,2,1.0,1.0,0.0,0
4414.3,5163.79,749.49,17.43,91948,32.830852,-116.444601,0.0,103.0,642.0,1,43,0.0,0.0,2.0,2.0,0,2.0,0.0,26.0,1
890.6,1047.83,157.23,17.47,93206,35.451402,-119.488413,0.0,94.85,125.0,1,9,2.0,0.0,2.0,2.0,0,2.0,0.0,6.0,1
1625.0,2055.58,368.97,17.57,95412,38.731055,-123.316553,1.0,77.5,28.0,1,21,2.0,2.0,2.0,0.0,0,0.0,0.0,14.0,1
828.05,1348.85,520.8,43.4,94010,37.57028,-122.365778,2.0,73.3,120.0,0,12,0.0,0.0,0.0,2.0,0,0.0,0.0,24.0,0
7677.4,8342.6,565.2,7.85,92807,33.848733,-117.788357,1.0,106.85,23.0,8,72,0.0,2.0,2.0,2.0,0,0.0,2.0,20.0,0
86.05,124.83,38.78,38.78,95039,36.863303,-121.781632,0.0,86.05,639.0,0,1,0.0,0.0,0.0,2.0,0,0.0,0.0,23.0,1
69.8,80.88,11.08,11.08,95984,40.022184,-121.062384,0.0,69.8,1014.0,1,1,0.0,0.0,0.0,2.0,0,0.0,0.0,13.0,1
19.9,69.41,49.51,49.51,93553,34.445239,-117.894868,0.0,19.9,738.0,0,1,1.0,1.0,1.0,3.0,0,1.0,1.0,0.0,1
4760.3,6388.94,1628.64,22.62,92027,33.141265,-116.967221,2.0,66.75,305.0,8,72,2.0,2.0,2.0,0.0,3,0.0,0.0,27.0,0
244.75,459.85,215.1,43.02,91780,34.101608,-118.055848,0.0,50.55,985.0,0,5,0.0,0.0,2.0,1.0,0,0.0,0.0,42.0,0
445.3,1002.36,557.06,24.22,90232,34.019323,-118.391902,1.0,20.0,234.0,2,23,1.0,1.0,1.0,3.0,1,1.0,1.0,0.0,0
6441.4,8614.8,2063.4,34.39,95636,38.636102,-120.522149,1.0,106.0,389.0,0,60,2.0,0.0,0.0,2.0,0,2.0,0.0,17.0,1
50.45,74.15,23.7,23.7,95223,38.32153,-120.236358,0.0,50.45,39.0,0,1,0.0,0.0,0.0,0.0,0,2.0,0.0,17.0,1
970.85,1918.35,947.5,18.95,92314,34.278967,-116.773825,2.0,20.15,80.0,0,50,1.0,1.0,1.0,3.0,3,1.0,1.0,0.0,0
44.9,86.68,41.78,41.78,95355,37.672906,-120.946594,0.0,44.9,620.0,0,1,0.0,0.0,0.0,1.0,0,0.0,0.0,59.0,1
7852.4,10788.56,2936.16,40.78,91733,34.04622,-118.053753,2.0,109.95,938.0,9,72,2.0,2.0,2.0,2.0,0,0.0,2.0,22.0,0
668.4,926.88,258.48,32.31,92624,33.458754,-117.665104,0.0,84.95,152.0,0,8,0.0,2.0,0.0,2.0,0,0.0,0.0,6.0,1
1784.5,5161.94,3427.2,47.6,95835,38.685069,-121.543709,2.0,24.25,838.0,8,72,1.0,1.0,1.0,3.0,3,1.0,1.0,0.0,0
362.2,391.76,29.56,7.39,92592,33.507255,-117.029473,0.0,93.5,984.0,0,4,2.0,0.0,2.0,2.0,0,0.0,2.0,4.0,1
1537.9,1578.58,40.68,2.26,90293,33.947305,-118.439841,0.0,84.3,768.0,0,18,0.0,0.0,0.0,2.0,0,0.0,0.0,73.0,0
151.75,202.87,51.12,25.56,96101,41.468877,-120.54229,0.0,79.55,19.0,0,2,0.0,0.0,2.0,2.0,0,0.0,0.0,6.0,0
610.2,610.2,0.0,0.0,91345,34.266389,-118.459744,0.0,34.95,618.0,3,19,0.0,2.0,2.0,0.0,1,0.0,0.0,52.0,0
8127.6,8842.3,714.7,10.21,95519,40.965011,-124.015255,1.0,115.55,594.0,0,70,2.0,2.0,2.0,2.0,0,2.0,2.0,52.0,1
25.25,25.25,0.0,0.0,92084,33.22784,-117.200024,0.0,25.25,1039.0,0,1,0.0,0.0,0.0,1.0,0,0.0,0.0,15.0,1
4729.75,7326.75,2457.0,49.14,91701,34.132275,-117.611478,0.0,95.7,795.0,0,50,0.0,0.0,0.0,2.0,0,0.0,2.0,6.0,0
4187.75,5912.21,1724.46,42.06,92373,34.003243,-117.138286,0.0,98.4,806.0,0,41,0.0,0.0,0.0,2.0,0,2.0,0.0,21.0,1
2085.45,2280.95,195.5,8.5,95645,38.875508,-121.765866,0.0,96.9,479.0,0,23,2.0,0.0,0.0,2.0,0,2.0,0.0,6.0,0
164.85,502.39,337.54,48.22,90810,33.819814,-118.222416,0.0,20.05,546.0,0,7,1.0,1.0,1.0,3.0,0,1.0,1.0,0.0,1
1959.5,2567.97,606.06,23.31,96057,41.251322,-122.105209,0.0,73.05,593.0,7,26,2.0,0.0,2.0,1.0,0,0.0,2.0,20.0,0
19.9,27.66,7.76,7.76,90806,33.802664,-118.179971,0.0,19.9,546.0,0,1,1.0,1.0,1.0,3.0,0,1.0,1.0,0.0,0
270.7,350.26,79.56,26.52,92129,32.961064,-117.134917,0.0,75.1,852.0,0,3,0.0,0.0,0.0,2.0,0,0.0,0.0,10.0,1
415.55,572.3,136.75,27.35,92583,33.796568,-116.924723,0.0,84.85,859.0,0,5,0.0,0.0,0.0,2.0,0,2.0,0.0,27.0,1
688.65,773.25,54.6,5.46,94108,37.791998,-122.408653,0.0,72.85,855.0,0,10,0.0,0.0,2.0,2.0,0,0.0,0.0,24.0,1
245.2,585.21,340.01,30.91,95815,38.608405,-121.449942,0.0,23.15,838.0,0,11,1.0,1.0,1.0,3.0,0,1.0,1.0,0.0,1
4164.4,6488.9,2324.5,46.49,92596,33.657433,-117.04254,1.0,84.15,1078.0,9,50,2.0,0.0,2.0,1.0,0,2.0,2.0,11.0,0
1493.2,2135.59,642.39,30.59,95683,38.470423,-121.114897,0.0,68.65,922.0,0,21,0.0,0.0,0.0,2.0,0,0.0,0.0,11.0,0
1692.6,1804.58,111.98,5.09,92110,32.76501,-117.19938,0.0,74.4,852.0,0,22,0.0,0.0,0.0,2.0,0,0.0,0.0,23.0,1
1249.25,2367.74,1118.49,48.63,95945,39.194539,-120.988066,0.0,54.4,378.0,0,23,0.0,2.0,0.0,0.0,0,0.0,0.0,11.0,0
1170.5,1783.62,613.12,38.32,92868,33.787796,-117.875928,0.0,74.55,701.0,0,16,2.0,0.0,0.0,2.0,0,0.0,0.0,82.0,0
1617.5,1988.44,370.94,21.82,95330,37.80821,-121.308401,0.0,94.4,514.0,0,17,0.0,2.0,2.0,2.0,0,0.0,0.0,23.0,1
733.55,823.55,90.0,3.6,93262,36.527243,-118.594938,1.0,26.8,906.0,10,25,1.0,1.0,1.0,3.0,0,1.0,1.0,0.0,0
1863.8,1898.05,34.25,1.37,95131,37.387027,-121.897775,1.0,74.3,861.0,0,25,2.0,2.0,2.0,1.0,0,2.0,0.0,21.0,1
7544.0,9125.12,1581.12,21.96,95462,38.471049,-123.015549,2.0,105.5,626.0,0,72,0.0,2.0,0.0,2.0,0,2.0,2.0,59.0,0
4965.1,7412.65,2447.55,38.85,94061,37.461251,-122.235414,1.0,81.2,809.0,1,63,2.0,0.0,0.0,2.0,0,0.0,0.0,27.0,0
680.05,938.61,258.56,32.32,92401,34.105935,-117.2914,0.0,83.55,848.0,1,8,0.0,0.0,2.0,0.0,0,0.0,0.0,25.0,1
1046.5,1158.2,81.7,4.3,90048,34.072945,-118.37267,0.0,55.0,552.0,0,19,2.0,0.0,0.0,0.0,0,2.0,0.0,23.0,1
2884.9,2884.9,0.0,0.0,92282,33.972293,-116.654195,1.0,52.0,1067.0,8,56,2.0,2.0,2.0,0.0,2,0.0,0.0,41.0,0
184.95,472.16,287.21,26.11,96076,40.367964,-122.937379,1.0,20.55,767.0,6,11,1.0,1.0,1.0,3.0,0,1.0,1.0,0.0,0
242.8,220.38,23.02,11.51,91042,34.296574,-118.244839,0.0,104.4,1007.0,1,2,2.0,0.0,0.0,2.0,3,2.0,2.0,53.0,1
1620.45,2585.92,965.47,14.41,95981,39.58458,-121.093256,2.0,24.65,958.0,6,67,1.0,1.0,1.0,3.0,2,1.0,1.0,0.0,0
7069.3,8460.9,1391.6,19.88,91935,32.695681,-116.798386,1.0,101.75,455.0,0,70,0.0,0.0,0.0,2.0,0,2.0,2.0,26.0,0
228.75,730.11,501.36,41.78,93526,36.869584,-118.189241,1.0,19.3,443.0,0,12,1.0,1.0,1.0,3.0,0,1.0,1.0,0.0,0
2414.55,2720.5,305.95,10.55,93510,34.501452,-118.207862,0.0,79.3,1.0,0,29,2.0,0.0,0.0,2.0,0,0.0,0.0,2.0,0
307.4,437.12,129.72,32.43,92347,34.983808,-117.239306,0.0,80.35,422.0,3,4,0.0,0.0,0.0,2.0,0,0.0,0.0,13.0,1
521.35,584.0,62.65,8.95,95354,37.639029,-120.964772,0.0,69.55,620.0,0,7,0.0,0.0,0.0,2.0,0,0.0,0.0,52.0,0
39.85,67.63,27.78,13.89,92028,33.362575,-117.299644,0.0,20.7,315.0,0,2,1.0,1.0,1.0,3.0,0,1.0,1.0,0.0,0
5560.0,7270.88,1710.88,25.16,95471,38.522328,-122.97932,2.0,85.3,820.0,1,68,2.0,0.0,2.0,0.0,2,2.0,2.0,26.0,0
33.7,41.34,7.64,3.82,93622,36.785618,-120.625382,0.0,19.9,324.0,0,2,1.0,1.0,1.0,3.0,0,1.0,1.0,0.0,0
316.2,343.68,27.48,2.29,90034,34.030578,-118.399613,0.0,25.0,552.0,0,12,1.0,1.0,1.0,3.0,0,1.0,1.0,0.0,0
1046.1,1311.71,153.0,12.75,96050,41.816595,-122.948287,0.0,94.2,477.0,0,12,0.0,0.0,0.0,2.0,0,0.0,2.0,24.0,1
123.05,196.97,73.92,36.96,93109,34.406256,-119.726936,0.0,50.95,882.0,0,2,0.0,2.0,0.0,1.0,0,0.0,0.0,24.0,0
227.45,657.17,429.72,35.81,94070,37.497915,-122.267361,0.0,19.45,850.0,0,12,1.0,1.0,1.0,3.0,0,1.0,1.0,0.0,0
1017.35,1048.19,30.84,2.57,95356,37.716186,-121.025836,0.0,84.6,620.0,0,12,0.0,0.0,2.0,2.0,0,0.0,2.0,25.0,0
414.1,688.12,274.02,45.67,94519,37.990118,-122.012188,0.0,60.9,212.0,0,6,0.0,0.0,0.0,1.0,0,2.0,0.0,71.0,0
3110.1,3418.1,308.0,8.8,92626,33.678591,-117.905471,1.0,85.95,221.0,0,35,2.0,2.0,0.0,0.0,0,2.0,2.0,46.0,1
1143.8,3712.51,2568.71,42.11,94931,38.326215,-122.718742,1.0,19.1,222.0,8,61,1.0,1.0,1.0,3.0,1,1.0,1.0,0.0,0
5215.1,5563.85,308.75,4.75,92260,33.694501,-116.412711,2.0,82.5,720.0,0,65,2.0,2.0,2.0,1.0,2,0.0,2.0,69.0,0
743.75,822.79,79.04,9.88,93218,35.846067,-119.004073,0.0,90.25,271.0,4,8,2.0,0.0,0.0,2.0,0,0.0,2.0,4.0,0
196.9,273.92,77.02,38.51,95219,38.029729,-121.387999,0.0,95.15,954.0,0,2,0.0,0.0,0.0,2.0,0,0.0,2.0,25.0,1
1061.6,3430.52,2368.92,41.56,94305,37.424342,-122.165641,1.0,19.4,948.0,1,57,1.0,1.0,1.0,3.0,2,1.0,1.0,0.0,0
79.55,121.68,32.13,32.13,94602,37.803883,-122.208417,0.0,79.55,688.0,0,1,0.0,0.0,0.0,2.0,0,0.0,0.0,15.0,1
69.6,104.11,34.51,34.51,90254,33.86532,-118.396336,0.0,69.6,417.0,0,1,0.0,0.0,0.0,2.0,0,0.0,0.0,15.0,1
1378.25,1487.37,109.12,6.82,95633,38.852544,-120.837669,0.0,84.95,356.0,1,16,0.0,0.0,0.0,2.0,0,0.0,0.0,7.0,1
2679.7,3929.5,1249.8,41.66,94062,37.410567,-122.297152,0.0,94.3,809.0,0,30,0.0,2.0,2.0,2.0,0,0.0,2.0,28.0,0
2001.0,2848.2,847.2,35.3,94506,37.791481,-121.903253,0.0,79.85,241.0,0,24,0.0,0.0,0.0,2.0,0,0.0,2.0,41.0,0
1334.0,1478.48,144.48,2.58,91206,34.162515,-118.203869,1.0,24.9,366.0,0,56,1.0,1.0,1.0,3.0,0,1.0,1.0,0.0,1
540.05,1343.93,803.88,27.72,91356,34.157137,-118.548511,1.0,20.0,979.0,6,29,1.0,1.0,1.0,3.0,0,1.0,1.0,0.0,0
2967.35,4355.65,1308.3,43.61,95209,38.044523,-121.348048,0.0,99.7,954.0,0,30,0.0,0.0,2.0,2.0,0,0.0,0.0,8.0,1
44.9,86.68,41.78,41.78,95355,37.672906,-120.946594,0.0,44.9,620.0,0,1,0.0,0.0,0.0,1.0,0,0.0,0.0,59.0,1
82.15,82.15,0.0,0.0,91214,34.239636,-118.245259,0.0,30.4,483.0,0,3,2.0,0.0,0.0,1.0,0,0.0,0.0,59.0,0
4254.85,6195.25,1940.4,39.6,94509,37.980057,-121.801599,0.0,84.5,30.0,1,49,0.0,0.0,0.0,2.0,0,0.0,0.0,20.0,1
84.6,91.94,7.34,7.34,92571,33.828289,-117.201666,0.0,84.6,743.0,0,1,0.0,0.0,0.0,2.0,0,0.0,0.0,11.0,0
3777.15,4965.41,1188.26,31.27,93561,35.073777,-118.652112,0.0,99.25,982.0,0,38,0.0,0.0,0.0,2.0,0,2.0,2.0,85.0,1
19.5,51.95,32.45,32.45,90265,34.074572,-118.831181,0.0,70.5,573.0,0,1,1.0,1.0,1.0,3.0,0,1.0,1.0,0.0,1
5327.25,7102.61,1775.36,27.74,90305,33.958134,-118.330905,0.0,86.8,446.0,0,64,2.0,2.0,0.0,2.0,2,0.0,0.0,12.0,0
4284.8,5581.55,1296.75,33.25,95128,37.316146,-121.936285,0.0,105.65,861.0,1,39,0.0,0.0,2.0,2.0,0,2.0,2.0,26.0,1
2188.45,2188.45,0.0,0.0,92154,32.578103,-117.012975,1.0,44.45,852.0,3,50,2.0,2.0,0.0,1.0,0,0.0,0.0,73.0,0
4131.95,5555.15,1423.2,35.58,92563,33.581045,-117.14719,0.0,104.8,649.0,0,40,2.0,0.0,0.0,2.0,0,2.0,2.0,8.0,1
5750.0,5946.56,196.56,2.73,95205,37.965695,-121.260051,2.0,81.0,954.0,8,72,2.0,2.0,2.0,1.0,3,2.0,2.0,59.0,0
3974.7,5228.89,1270.92,24.92,96029,39.84784,-122.544556,1.0,79.6,327.0,0,51,0.0,0.0,2.0,2.0,0,0.0,0.0,11.0,0
7984.15,10960.47,2976.32,41.92,94107,37.768881,-122.395521,2.0,111.25,855.0,0,71,2.0,0.0,2.0,2.0,0,2.0,2.0,53.0,0
4009.2,4143.89,180.5,4.75,96121,40.181279,-120.392967,2.0,102.6,608.0,7,38,0.0,0.0,2.0,2.0,0,2.0,0.0,24.0,0
6441.4,8614.8,2063.4,34.39,95636,38.636102,-120.522149,1.0,106.0,389.0,0,60,2.0,0.0,0.0,2.0,0,2.0,0.0,17.0,1
4874.7,7319.8,2355.1,42.82,92122,32.85723,-117.209774,0.0,85.45,852.0,2,55,0.0,0.0,2.0,2.0,0,2.0,0.0,27.0,1
1886.25,2018.25,132.0,6.0,91978,32.730264,-116.950963,0.0,89.05,944.0,0,22,2.0,2.0,0.0,2.0,0,0.0,2.0,8.0,0
631.85,949.73,257.88,36.84,92341,34.244411,-117.072654,0.0,89.35,380.0,0,7,0.0,0.0,0.0,2.0,0,2.0,0.0,17.0,1
930.45,2073.45,1143.0,25.4,90703,33.8681,-118.067402,1.0,20.4,179.0,0,45,1.0,1.0,1.0,3.0,0,1.0,1.0,0.0,1
1225.65,2171.57,945.92,14.78,95366,37.750778,-121.13238,2.0,19.45,823.0,4,64,1.0,1.0,1.0,3.0,0,1.0,1.0,0.0,0
5997.1,8087.26,2090.16,29.03,96114,40.294034,-120.512622,2.0,84.3,456.0,0,72,2.0,2.0,0.0,1.0,0,2.0,2.0,27.0,0
3264.5,3935.58,671.08,17.66,90712,33.840524,-118.148403,0.0,84.25,509.0,0,38,2.0,0.0,2.0,2.0,0,2.0,2.0,41.0,1
2438.6,3310.5,741.9,24.73,92844,33.766476,-117.969795,0.0,84.3,355.0,0,30,0.0,2.0,2.0,2.0,0,2.0,0.0,20.0,0
3281.65,3281.65,0.0,0.0,94022,37.349546,-122.134356,2.0,50.9,551.0,2,67,0.0,2.0,0.0,1.0,2,0.0,2.0,17.0,0
797.25,953.25,156.0,15.6,92530,33.655421,-117.391751,0.0,79.85,501.0,0,10,0.0,0.0,2.0,2.0,0,0.0,0.0,22.0,0
1798.65,1798.65,0.0,0.0,90064,34.037251,-118.423573,1.0,39.65,552.0,0,47,2.0,2.0,2.0,1.0,0,0.0,0.0,3.0,0
2929.75,3624.77,695.02,22.42,94707,37.897753,-122.279391,0.0,90.55,74.0,4,31,2.0,2.0,2.0,2.0,0,0.0,0.0,21.0,0
2934.3,4691.93,1757.63,35.87,92273,32.790282,-115.689559,0.0,59.75,903.0,0,49,0.0,2.0,2.0,1.0,0,0.0,0.0,30.0,1
8100.55,9896.95,1796.4,24.95,90263,34.037037,-118.705803,2.0,114.45,573.0,0,72,2.0,2.0,2.0,2.0,1,2.0,2.0,13.0,0
2211.8,2406.97,195.17,6.73,93402,35.279984,-120.824288,0.0,80.1,557.0,6,29,0.0,0.0,2.0,1.0,2,2.0,2.0,27.0,0
450.8,614.25,163.45,23.35,96136,40.345949,-120.081187,0.0,70.75,1054.0,0,7,2.0,0.0,0.0,1.0,0,0.0,2.0,6.0,1
3842.6,5375.45,1532.85,27.87,95562,40.485849,-124.163234,2.0,69.05,818.0,3,55,0.0,0.0,0.0,2.0,2,0.0,0.0,17.0,0
668.4,926.88,258.48,32.31,92624,33.458754,-117.665104,0.0,84.95,152.0,0,8,0.0,2.0,0.0,2.0,0,0.0,0.0,6.0,1
340.85,477.33,86.48,21.62,96137,40.271535,-121.018087,0.0,81.0,1065.0,0,4,0.0,0.0,0.0,2.0,0,0.0,2.0,59.0,1
3673.6,5439.2,1765.6,44.14,93023,34.581308,-118.931948,2.0,91.55,694.0,0,40,0.0,0.0,0.0,2.0,0,0.0,0.0,23.0,0
154.85,174.57,19.72,9.86,90620,33.845706,-118.012204,0.0,70.75,118.0,0,2,0.0,0.0,0.0,2.0,0,0.0,0.0,21.0,1
143.9,202.1,58.2,29.1,93004,34.278697,-119.167798,0.0,69.95,1033.0,6,2,0.0,0.0,0.0,2.0,2,0.0,0.0,19.0,0
3970.4,6528.2,2557.8,44.1,95637,38.830739,-122.196202,0.0,66.8,396.0,2,58,0.0,0.0,2.0,1.0,1,0.0,0.0,19.0,0
3474.45,4851.93,1377.48,35.32,95536,40.4785,-124.301372,1.0,89.55,321.0,1,39,2.0,0.0,2.0,2.0,0,2.0,0.0,30.0,1
599.3,1539.77,940.47,32.43,93648,36.622237,-119.521126,1.0,20.0,731.0,0,29,1.0,1.0,1.0,3.0,0,1.0,1.0,0.0,0
6754.35,10211.03,3366.68,49.51,95437,39.455555,-123.683979,1.0,100.3,339.0,1,68,2.0,0.0,2.0,2.0,0,0.0,2.0,3.0,0
4713.4,7017.35,2303.95,41.89,92585,33.739412,-117.173334,0.0,85.5,964.0,1,55,0.0,0.0,0.0,2.0,2,0.0,2.0,52.0,0
7517.7,10824.66,3306.96,45.93,94044,37.573633,-122.455167,2.0,103.95,715.0,1,72,2.0,2.0,2.0,2.0,2,2.0,2.0,30.0,0
3437.45,3437.45,0.0,0.0,91361,34.130992,-118.894673,0.0,58.75,1061.0,1,57,0.0,2.0,2.0,0.0,0,2.0,2.0,22.0,0
2088.75,3258.69,1169.94,34.41,92843,33.764018,-117.931507,1.0,64.4,355.0,0,34,2.0,2.0,2.0,1.0,0,0.0,0.0,4.0,1
923.1,2006.0,1082.9,22.1,96105,39.872961,-120.198876,1.0,20.05,184.0,3,49,1.0,1.0,1.0,3.0,0,1.0,1.0,0.0,0
3948.45,3948.45,0.0,0.0,94005,37.684694,-122.40712,2.0,56.4,113.0,10,68,2.0,2.0,2.0,1.0,2,2.0,2.0,19.0,0
242.05,337.69,95.64,31.88,95202,37.959706,-121.287669,0.0,78.5,954.0,0,3,0.0,0.0,0.0,2.0,0,0.0,0.0,7.0,1
1297.8,1990.92,693.12,36.48,95135,37.28682,-121.723877,0.0,60.6,861.0,0,19,0.0,2.0,2.0,1.0,3,2.0,0.0,20.0,0
212.3,419.06,206.76,17.23,90032,34.078821,-118.177576,2.0,19.35,552.0,0,12,1.0,1.0,1.0,3.0,3,1.0,1.0,0.0,0
6145.85,7015.27,869.42,14.99,90038,34.088017,-118.327168,1.0,106.45,552.0,0,58,0.0,2.0,2.0,2.0,0,2.0,2.0,12.0,1
794.25,1211.75,337.5,33.75,92377,34.156758,-117.404686,0.0,72.15,814.0,0,10,0.0,0.0,0.0,1.0,0,0.0,2.0,11.0,1
4263.4,4263.4,0.0,0.0,94089,37.421633,-122.009613,1.0,60.8,967.0,7,69,2.0,0.0,2.0,1.0,0,2.0,2.0,42.0,0
116.65,140.15,23.5,11.75,95423,39.07116,-122.598542,0.0,67.75,195.0,0,2,0.0,0.0,0.0,2.0,0,0.0,0.0,4.0,1
8456.75,9609.47,1152.72,16.01,94086,37.378541,-122.020456,2.0,116.8,967.0,2,72,2.0,2.0,2.0,2.0,2,2.0,2.0,59.0,0
82.3,115.71,33.41,33.41,96006,41.171578,-120.913161,0.0,82.3,3.0,0,1,0.0,0.0,2.0,2.0,0,2.0,0.0,28.0,1
545.2,709.84,164.64,27.44,93222,34.907911,-119.234281,0.0,105.3,344.0,1,6,0.0,0.0,2.0,2.0,0,2.0,2.0,58.0,1
2799.0,3015.44,216.44,7.73,90290,34.115192,-118.61017,1.0,100.35,997.0,8,28,0.0,0.0,2.0,2.0,2,2.0,2.0,13.0,0
2186.4,2628.0,441.6,19.2,95364,38.224869,-119.755729,0.0,99.25,755.0,1,23,0.0,2.0,2.0,2.0,0,2.0,0.0,7.0,1
934.1,1145.3,111.2,11.12,92126,32.886925,-117.152162,0.0,92.5,852.0,1,10,2.0,0.0,2.0,2.0,0,2.0,0.0,30.0,1
3895.35,4469.43,574.08,14.72,93704,36.799648,-119.801247,2.0,100.55,349.0,0,39,2.0,0.0,0.0,2.0,1,0.0,2.0,85.0,0
1355.45,2259.7,904.25,36.17,91505,34.174215,-118.345928,1.0,53.65,119.0,1,25,0.0,0.0,2.0,1.0,3,2.0,0.0,53.0,0
1033.95,1599.04,415.09,31.93,91340,34.286131,-118.435969,0.0,78.3,854.0,0,13,0.0,0.0,0.0,2.0,3,0.0,0.0,22.0,0
4042.3,5811.56,1719.26,36.58,90808,33.823943,-118.111335,0.0,85.5,546.0,0,47,0.0,2.0,0.0,2.0,0,0.0,2.0,20.0,1
425.9,643.45,217.55,43.51,95665,38.400264,-120.641274,0.0,85.4,753.0,0,5,2.0,0.0,0.0,2.0,0,0.0,2.0,17.0,1
6875.35,10004.5,3129.15,45.35,95482,39.134075,-123.23422,2.0,99.15,1018.0,6,69,0.0,2.0,0.0,2.0,0,0.0,2.0,19.0,0
2684.85,4080.42,1395.57,42.29,91343,34.238802,-118.482296,1.0,79.95,673.0,0,33,2.0,0.0,2.0,2.0,0,0.0,0.0,13.0,0
41.85,41.85,0.0,0.0,94014,37.691561,-122.445202,0.0,24.35,239.0,0,2,0.0,0.0,0.0,1.0,0,0.0,0.0,11.0,1
1859.2,3170.32,1311.12,18.21,93526,36.869584,-118.189241,2.0,24.9,443.0,5,72,1.0,1.0,1.0,3.0,3,1.0,1.0,0.0,0
1096.25,1587.23,490.98,35.07,90304,33.936827,-118.359824,0.0,74.3,446.0,0,14,0.0,0.0,0.0,2.0,0,0.0,0.0,10.0,1
3439.0,5051.81,1614.99,39.39,96031,41.232128,-123.194748,0.0,80.25,337.0,10,41,0.0,0.0,2.0,2.0,0,0.0,0.0,3.0,0
1210.4,1555.76,345.36,14.39,92117,32.825086,-117.199424,0.0,49.55,852.0,0,24,0.0,2.0,0.0,1.0,0,0.0,0.0,28.0,1
1237.85,1599.51,361.66,27.82,94553,38.014457,-122.115432,0.0,98.0,585.0,1,13,0.0,0.0,2.0,2.0,0,2.0,0.0,4.0,1
2000.2,3441.4,1441.2,48.04,95113,37.333851,-121.891147,0.0,67.6,861.0,4,30,2.0,2.0,2.0,0.0,1,2.0,0.0,19.0,0
1842.7,1922.7,0.0,0.0,94707,37.897753,-122.279391,2.0,40.4,74.0,6,46,2.0,2.0,0.0,1.0,0,2.0,0.0,26.0,0
338.9,366.54,27.64,6.91,90023,34.017697,-118.200577,0.0,85.65,552.0,0,4,0.0,0.0,0.0,2.0,0,0.0,2.0,53.0,1
4953.25,7274.09,2320.84,34.13,90630,33.818477,-118.038307,2.0,72.95,237.0,4,68,2.0,0.0,0.0,1.0,1,2.0,2.0,25.0,0
30.2,30.2,0.0,0.0,90029,34.089953,-118.294824,0.0,30.2,552.0,1,1,0.0,0.0,2.0,1.0,0,0.0,0.0,58.0,1
69.6,83.79,14.19,14.19,92592,33.507255,-117.029473,0.0,69.6,984.0,0,1,0.0,0.0,0.0,2.0,0,0.0,2.0,59.0,1
308.25,326.3,18.05,3.61,95818,38.556306,-121.495817,0.0,54.2,838.0,0,5,2.0,2.0,0.0,1.0,0,0.0,0.0,69.0,1
2209.75,2633.92,424.17,15.71,96119,41.042003,-120.506086,1.0,80.65,569.0,1,27,0.0,2.0,2.0,2.0,3,0.0,0.0,53.0,0
7181.95,7639.99,458.04,6.94,92014,32.948262,-117.256086,1.0,108.1,248.0,3,66,2.0,0.0,2.0,2.0,0,2.0,2.0,23.0,0
7767.25,9804.61,2007.36,27.88,91207,34.182378,-118.262922,2.0,108.4,366.0,4,72,0.0,2.0,2.0,2.0,2,2.0,2.0,30.0,0
1612.75,2180.27,615.78,34.21,94595,37.862128,-122.075197,0.0,90.1,1043.0,0,18,2.0,0.0,0.0,2.0,0,0.0,2.0,19.0,1
1483.25,1950.29,327.04,20.44,94804,37.921034,-122.341798,0.0,94.25,816.0,0,16,0.0,2.0,0.0,2.0,0,0.0,2.0,59.0,1
3597.5,4020.17,445.95,9.91,93230,36.29223,-119.622676,1.0,78.8,401.0,6,45,0.0,2.0,2.0,0.0,0,2.0,2.0,19.0,0
4750.95,5880.09,1129.14,22.14,90640,34.015217,-118.109962,0.0,93.8,627.0,1,51,0.0,2.0,0.0,2.0,0,2.0,0.0,30.0,1
44.0,72.67,28.67,28.67,93202,36.315979,-119.710852,2.0,44.0,38.0,0,1,0.0,0.0,0.0,1.0,0,0.0,0.0,4.0,0
4025.5,4727.95,702.45,20.07,94923,38.377165,-123.037957,2.0,108.95,96.0,0,35,2.0,2.0,0.0,2.0,0,2.0,2.0,23.0,0
3734.25,5535.07,1800.82,47.39,95920,39.449794,-121.936372,0.0,99.55,124.0,0,38,2.0,0.0,0.0,2.0,0,0.0,0.0,2.0,1
2196.15,2657.65,461.5,18.46,92109,32.787836,-117.232376,0.0,89.5,852.0,0,25,0.0,0.0,2.0,2.0,0,0.0,0.0,3.0,1
102.45,128.33,25.88,25.88,92845,33.782955,-118.026456,0.0,102.45,355.0,1,1,0.0,2.0,0.0,2.0,0,2.0,2.0,9.0,1
4254.85,6195.25,1940.4,39.6,94509,37.980057,-121.801599,0.0,84.5,30.0,1,49,0.0,0.0,0.0,2.0,0,0.0,0.0,20.0,1
4154.8,4880.68,725.88,15.78,94105,37.789168,-122.395009,0.0,93.7,855.0,0,46,0.0,2.0,2.0,2.0,0,0.0,2.0,3.0,1
2952.85,3600.42,647.57,22.33,95209,38.044523,-121.348048,0.0,99.05,954.0,1,29,0.0,0.0,0.0,2.0,0,2.0,2.0,6.0,1
1813.1,2777.85,964.75,38.59,95642,38.336216,-120.76901,2.0,69.3,452.0,7,25,0.0,0.0,0.0,2.0,0,0.0,0.0,24.0,0
1523.4,1523.4,0.0,0.0,95236,38.047746,-121.030499,1.0,50.05,528.0,0,31,0.0,0.0,0.0,1.0,0,2.0,2.0,5.0,0
1643.55,2128.81,405.26,17.62,94115,37.786031,-122.437301,1.0,75.4,855.0,0,23,0.0,2.0,0.0,2.0,0,0.0,0.0,25.0,0
196.95,356.55,159.6,39.9,91105,34.13946,-118.166649,0.0,45.3,732.0,0,4,0.0,0.0,0.0,0.0,0,0.0,0.0,20.0,1
208.25,411.15,202.9,20.29,94040,37.380662,-122.086022,0.0,19.75,646.0,0,10,1.0,1.0,1.0,3.0,0,1.0,1.0,0.0,0
2193.2,2193.2,0.0,0.0,92086,33.323705,-116.626907,2.0,60.0,1045.0,5,38,2.0,2.0,2.0,0.0,0,0.0,2.0,25.0,0
654.5,1236.06,451.56,37.63,90402,34.035849,-118.503508,0.0,54.3,889.0,0,12,2.0,0.0,2.0,1.0,0,0.0,0.0,26.0,0
1872.2,4460.63,2594.16,36.03,91351,34.422519,-118.420717,2.0,25.85,149.0,1,72,1.0,1.0,1.0,3.0,0,1.0,1.0,0.0,0
468.35,468.35,0.0,0.0,93111,34.460197,-119.802602,0.0,25.15,882.0,0,19,0.0,0.0,0.0,1.0,0,0.0,0.0,6.0,0
3297.0,3962.76,665.76,17.52,95133,37.371862,-121.860349,2.0,85.4,861.0,6,38,2.0,2.0,0.0,1.0,2,2.0,2.0,59.0,0
165.2,168.92,3.72,1.24,91910,32.636792,-117.054989,0.0,55.35,189.0,0,3,0.0,2.0,2.0,1.0,0,0.0,2.0,52.0,1
217.45,238.36,20.91,6.97,95476,38.25485,-122.461799,0.0,74.5,933.0,0,3,0.0,0.0,0.0,2.0,0,0.0,0.0,14.0,0
201.0,201.0,0.0,0.0,93647,36.600185,-119.175655,0.0,48.55,710.0,4,4,0.0,0.0,2.0,1.0,0,0.0,2.0,76.0,1
57.4,111.2,53.8,26.9,95646,38.631489,-120.015167,0.0,19.9,475.0,0,2,1.0,1.0,1.0,3.0,0,1.0,1.0,0.0,0
63.75,141.0,77.25,25.75,95204,37.974498,-121.319568,0.0,19.85,954.0,0,3,1.0,1.0,1.0,3.0,0,1.0,1.0,0.0,1
793.55,868.65,75.1,7.51,94970,37.921137,-122.657562,0.0,79.25,952.0,0,10,0.0,0.0,0.0,2.0,0,0.0,0.0,18.0,1
59.2,72.78,13.58,13.58,90063,34.044271,-118.185237,0.0,59.2,552.0,0,1,0.0,0.0,0.0,1.0,3,2.0,2.0,24.0,1
4056.75,5605.2,1548.45,41.85,96080,40.186772,-122.388361,0.0,106.75,803.0,0,37,0.0,2.0,2.0,2.0,0,0.0,0.0,2.0,1
4059.85,6755.68,2695.83,39.07,92249,32.730583,-115.501083,2.0,61.4,410.0,10,69,2.0,2.0,0.0,1.0,2,0.0,0.0,19.0,0
526.95,526.95,0.0,0.0,94933,38.010092,-122.689442,0.0,43.65,333.0,0,12,2.0,0.0,0.0,1.0,0,2.0,0.0,10.0,1
2979.2,4402.72,1423.52,45.92,95821,38.625096,-121.383658,0.0,94.5,838.0,0,31,0.0,0.0,2.0,2.0,0,0.0,2.0,18.0,0
3930.55,4534.48,603.93,14.73,92503,33.890046,-117.455583,1.0,101.6,827.0,7,41,0.0,2.0,2.0,2.0,1,2.0,2.0,82.0,0
1848.8,1848.8,0.0,0.0,94002,37.509366,-122.306132,1.0,59.95,69.0,7,31,2.0,2.0,0.0,0.0,2,2.0,2.0,25.0,0
119.5,144.68,25.18,12.59,92305,34.1678,-116.86433,0.0,53.45,26.0,0,2,0.0,2.0,0.0,0.0,0,2.0,0.0,76.0,0
113.1,209.88,96.78,48.39,95325,37.479926,-120.230424,0.0,62.15,431.0,6,2,0.0,2.0,0.0,0.0,0,0.0,2.0,24.0,0
3233.85,5028.25,1794.4,44.86,90706,33.887676,-118.127289,0.0,79.2,68.0,0,40,0.0,2.0,2.0,2.0,0,0.0,0.0,4.0,1
676.7,772.11,95.41,13.63,95464,39.12334,-122.838198,0.0,89.5,665.0,1,7,0.0,0.0,0.0,2.0,0,0.0,0.0,27.0,1
2293.6,3010.51,716.91,31.17,92130,32.957195,-117.202542,0.0,94.75,852.0,0,23,0.0,0.0,2.0,2.0,0,0.0,0.0,23.0,1
2613.4,3363.91,750.51,24.21,92373,34.003243,-117.138286,0.0,84.75,806.0,0,31,0.0,2.0,0.0,2.0,0,2.0,0.0,48.0,0
44.4,144.22,99.82,49.91,90247,33.890853,-118.297967,0.0,19.3,357.0,0,2,1.0,1.0,1.0,3.0,0,1.0,1.0,0.0,0
154.85,174.57,19.72,9.86,90620,33.845706,-118.012204,0.0,70.75,118.0,0,2,0.0,0.0,0.0,2.0,0,0.0,0.0,21.0,1
6383.35,6824.17,440.82,7.11,94558,38.489789,-122.27011,1.0,103.75,651.0,1,62,0.0,0.0,2.0,2.0,0,2.0,2.0,16.0,1
6083.1,7276.86,1193.76,16.58,90033,34.050198,-118.210946,2.0,85.25,552.0,9,72,0.0,2.0,2.0,1.0,0,2.0,2.0,30.0,0
745.3,820.9,75.6,1.89,90274,33.788208,-118.404955,0.0,20.4,727.0,2,40,1.0,1.0,1.0,3.0,1,1.0,1.0,0.0,0
318.6,1074.6,756.0,47.25,90042,34.11572,-118.192754,1.0,20.1,552.0,0,16,1.0,1.0,1.0,3.0,0,1.0,1.0,0.0,0
4388.4,5882.15,1343.75,31.25,92590,33.475493,-117.219551,0.0,101.0,984.0,8,43,0.0,0.0,2.0,2.0,0,0.0,0.0,20.0,1
1679.4,1774.31,133.56,7.42,92270,33.763678,-116.429928,0.0,95.05,796.0,0,18,2.0,0.0,0.0,2.0,0,2.0,2.0,12.0,0
520.1,846.6,326.5,13.06,94970,37.921137,-122.657562,1.0,20.05,952.0,7,25,1.0,1.0,1.0,3.0,2,1.0,1.0,0.0,0
262.3,348.1,85.8,17.16,93460,34.630356,-120.032564,0.0,51.35,892.0,0,5,0.0,0.0,2.0,1.0,0,0.0,0.0,7.0,0
918.75,962.04,43.29,4.81,90266,33.889632,-118.39737,0.0,99.3,576.0,0,9,0.0,0.0,2.0,2.0,0,0.0,2.0,69.0,0
138.85,281.23,142.38,23.73,90044,33.952714,-118.292061,0.0,19.85,552.0,8,6,1.0,1.0,1.0,3.0,2,1.0,1.0,0.0,0
168.6,203.01,34.41,11.47,95401,38.460517,-122.790335,0.0,58.7,891.0,9,3,0.0,0.0,2.0,1.0,2,0.0,0.0,51.0,0
2145.0,2285.0,0.0,0.0,92397,34.358321,-117.618263,0.0,45.3,1093.0,3,48,0.0,2.0,0.0,0.0,0,2.0,2.0,58.0,1
2264.05,2585.17,321.12,13.38,93627,36.520537,-120.118055,0.0,93.55,412.0,1,24,0.0,0.0,0.0,2.0,0,0.0,2.0,12.0,1
90.35,90.35,0.0,0.0,94601,37.776523,-122.219268,0.0,49.25,688.0,0,2,0.0,0.0,0.0,1.0,0,2.0,2.0,51.0,1
1607.2,2045.63,438.43,25.79,94703,37.863843,-122.275684,0.0,94.4,74.0,1,17,0.0,2.0,0.0,0.0,0,2.0,0.0,12.0,1
20.05,32.05,12.0,12.0,91207,34.182378,-118.262922,0.0,20.05,366.0,0,1,1.0,1.0,1.0,3.0,0,1.0,1.0,0.0,1
7372.65,7593.69,221.04,3.07,95827,38.549185,-121.328386,2.0,103.4,838.0,1,72,0.0,0.0,2.0,2.0,0,2.0,2.0,23.0,1
4299.75,4744.57,484.5,9.5,95445,38.848082,-123.50608,1.0,84.2,393.0,6,51,2.0,0.0,2.0,2.0,3,0.0,0.0,51.0,0
1463.5,1570.9,107.4,5.37,93928,35.930782,-121.189757,0.0,73.65,459.0,1,20,0.0,0.0,2.0,2.0,0,0.0,0.0,24.0,1
4805.65,6250.6,1444.95,22.23,93446,35.634222,-120.728341,2.0,74.2,734.0,0,65,2.0,0.0,2.0,1.0,0,2.0,2.0,18.0,0
5528.9,8571.1,3042.2,43.46,90731,33.736387,-118.284363,1.0,79.4,874.0,0,70,2.0,2.0,2.0,1.0,0,2.0,0.0,21.0,0
7372.65,7593.69,221.04,3.07,95827,38.549185,-121.328386,2.0,103.4,838.0,1,72,0.0,0.0,2.0,2.0,0,2.0,2.0,23.0,1
6287.3,7502.71,1115.41,15.71,93433,35.120833,-120.61843,2.0,90.3,391.0,1,71,2.0,2.0,2.0,1.0,3,2.0,2.0,57.0,0
3473.4,5300.09,1826.69,49.37,91011,34.234912,-118.153729,0.0,92.5,482.0,3,37,0.0,0.0,0.0,2.0,0,0.0,2.0,4.0,1
4634.35,5693.65,1059.3,23.54,94005,37.684694,-122.40712,2.0,99.7,113.0,0,45,0.0,0.0,0.0,2.0,2,2.0,2.0,12.0,0
90.55,97.7,7.15,7.15,90804,33.783047,-118.1486,0.0,90.55,546.0,0,1,0.0,0.0,0.0,2.0,0,0.0,2.0,48.0,1
486.85,719.1,232.25,46.45,96008,40.722733,-122.109666,0.0,93.9,67.0,0,5,0.0,0.0,0.0,2.0,0,0.0,2.0,10.0,1
3682.45,3843.89,121.44,2.53,91963,32.619465,-116.593605,1.0,78.75,785.0,0,48,0.0,2.0,0.0,0.0,0,2.0,2.0,6.0,0
227.35,383.19,155.84,38.96,96141,39.117018,-120.212535,0.0,55.5,425.0,0,4,0.0,0.0,0.0,1.0,0,0.0,0.0,10.0,0
2405.05,3504.61,1099.56,33.32,92591,33.540604,-117.10909,1.0,73.9,984.0,3,33,2.0,0.0,0.0,1.0,0,2.0,2.0,4.0,1
635.6,744.17,108.57,15.51,95503,40.737431,-124.108897,0.0,93.85,309.0,0,7,0.0,0.0,0.0,2.0,0,0.0,2.0,23.0,1
4386.2,4470.05,83.85,1.29,94118,37.781304,-122.461522,2.0,71.0,855.0,1,65,0.0,2.0,2.0,1.0,0,2.0,2.0,51.0,0
262.05,410.25,148.2,49.4,95240,38.123544,-121.159078,0.0,88.35,539.0,0,3,2.0,0.0,0.0,2.0,0,2.0,0.0,10.0,1
8058.85,11416.21,3357.36,46.63,93623,37.483535,-119.679414,2.0,110.45,325.0,9,72,2.0,2.0,0.0,2.0,1,2.0,2.0,14.0,0
608.0,773.33,165.33,15.03,92109,32.787836,-117.232376,0.0,53.75,852.0,0,11,0.0,0.0,0.0,1.0,0,2.0,0.0,13.0,1
6951.15,9387.38,2439.56,34.36,94801,37.945288,-122.383941,2.0,99.65,816.0,0,71,0.0,0.0,2.0,2.0,0,0.0,0.0,13.0,0
1305.95,1607.99,302.04,16.78,91604,34.139082,-118.39275,0.0,73.15,959.0,5,18,0.0,0.0,0.0,2.0,0,0.0,0.0,23.0,0
1537.85,1537.85,0.0,0.0,92061,33.313828,-116.940501,1.0,33.7,736.0,0,46,2.0,0.0,0.0,1.0,0,2.0,0.0,18.0,0
3862.55,5630.03,1767.48,40.17,91754,34.050322,-118.147037,0.0,84.8,629.0,0,44,0.0,0.0,2.0,2.0,0,2.0,0.0,6.0,1
3744.05,5152.27,1408.22,38.06,92109,32.787836,-117.232376,0.0,101.1,852.0,0,37,0.0,0.0,0.0,2.0,0,2.0,0.0,19.0,1
1612.2,2206.86,594.66,34.98,91722,34.097345,-117.906736,0.0,90.95,227.0,0,17,0.0,0.0,2.0,2.0,0,2.0,2.0,21.0,0
302.75,519.87,177.12,44.28,95817,38.550722,-121.457314,0.0,80.85,838.0,1,4,0.0,0.0,0.0,2.0,0,0.0,2.0,59.0,1
415.55,448.01,28.9,5.78,92122,32.85723,-117.209774,0.0,80.6,852.0,0,5,0.0,0.0,0.0,2.0,0,0.0,0.0,52.0,1
267.0,466.08,199.08,16.59,94111,37.801776,-122.402293,1.0,70.5,855.0,0,12,1.0,1.0,1.0,3.0,0,1.0,1.0,0.0,0
6367.2,8544.3,2067.1,29.53,95631,39.031876,-120.811141,2.0,89.75,335.0,0,70,2.0,2.0,2.0,0.0,0,2.0,2.0,7.0,0
6141.65,6538.37,396.72,5.51,96092,39.955164,-122.018567,2.0,84.8,1037.0,7,72,2.0,2.0,2.0,2.0,0,0.0,0.0,2.0,0
5769.6,8957.33,3206.45,49.33,95668,38.833554,-121.498102,1.0,89.75,769.0,5,65,0.0,2.0,2.0,2.0,0,2.0,0.0,16.0,1
50.45,78.7,28.25,28.25,95713,39.084645,-120.894014,0.0,50.45,206.0,0,1,0.0,0.0,0.0,0.0,0,0.0,0.0,9.0,1
553.4,888.84,335.44,41.93,91978,32.730264,-116.950963,0.0,70.7,944.0,0,8,0.0,0.0,0.0,2.0,0,0.0,2.0,59.0,0
1423.35,2294.13,870.78,37.86,96118,39.637471,-120.226338,1.0,57.2,561.0,4,23,2.0,2.0,0.0,1.0,2,0.0,0.0,30.0,0
3021.3,3386.4,365.1,12.17,95121,37.304681,-121.809955,1.0,97.0,861.0,0,30,0.0,0.0,2.0,2.0,0,0.0,2.0,16.0,0
3021.6,4161.0,1139.4,31.65,91384,34.506627,-118.699048,0.0,84.1,168.0,1,36,0.0,0.0,0.0,2.0,0,0.0,0.0,15.0,1
272.2,304.0,31.8,10.6,95385,37.609095,-121.263381,0.0,85.8,1034.0,0,3,2.0,0.0,0.0,2.0,0,0.0,2.0,73.0,1
356.1,595.65,239.55,47.91,93444,35.050345,-120.489599,0.0,80.85,668.0,8,5,0.0,0.0,0.0,2.0,2,0.0,0.0,73.0,0
608.15,1094.35,486.2,44.2,94589,38.161321,-122.271588,0.0,70.5,1025.0,6,11,0.0,0.0,0.0,1.0,0,0.0,0.0,15.0,0
58.15,103.51,45.36,15.12,96130,40.559177,-120.612113,0.0,19.8,971.0,0,3,1.0,1.0,1.0,3.0,0,1.0,1.0,0.0,1
19.75,50.13,30.38,30.38,93433,35.120833,-120.61843,0.0,19.75,391.0,8,1,1.0,1.0,1.0,3.0,2,1.0,1.0,0.0,0
2509.25,3245.09,735.84,26.28,93675,36.719141,-119.202677,1.0,90.45,946.0,7,28,2.0,0.0,0.0,2.0,1,0.0,2.0,19.0,0
334.8,563.6,228.8,45.76,92557,33.970661,-117.255039,0.0,74.35,634.0,4,5,0.0,0.0,0.0,2.0,0,0.0,0.0,22.0,1
442.85,493.57,50.72,12.68,95668,38.833554,-121.498102,0.0,99.8,769.0,0,4,0.0,0.0,2.0,2.0,0,2.0,2.0,10.0,1
1430.05,1883.35,453.3,30.22,92401,34.105935,-117.2914,0.0,91.0,848.0,0,15,0.0,0.0,2.0,2.0,1,0.0,0.0,12.0,0
255.55,879.25,623.7,44.55,94595,37.862128,-122.075197,2.0,18.8,1043.0,2,14,1.0,1.0,1.0,3.0,3,1.0,1.0,0.0,0
2596.15,2643.83,47.68,1.49,92661,33.601309,-117.902304,0.0,80.35,662.0,0,32,0.0,0.0,2.0,2.0,0,0.0,0.0,21.0,1
4871.45,7396.37,2524.92,47.64,92116,32.765299,-117.122565,1.0,94.0,852.0,1,53,2.0,0.0,2.0,2.0,0,2.0,0.0,25.0,0
854.9,1246.76,391.86,9.33,95311,37.722127,-120.110174,1.0,20.25,224.0,4,42,1.0,1.0,1.0,3.0,2,1.0,1.0,0.0,0
84.5,184.12,99.62,49.81,91352,34.231053,-118.338307,0.0,70.5,965.0,0,2,0.0,0.0,0.0,1.0,0,0.0,2.0,41.0,1
1387.45,2532.68,1145.23,16.13,94971,38.240769,-122.901041,2.0,19.6,996.0,6,71,1.0,1.0,1.0,3.0,3,1.0,1.0,0.0,0
75.3,101.36,26.06,26.06,90742,33.719221,-118.073596,0.0,75.3,969.0,0,1,0.0,0.0,0.0,2.0,0,2.0,0.0,3.0,1
221.35,585.01,363.66,33.06,90740,33.75462,-118.071128,0.0,20.1,900.0,0,11,1.0,1.0,1.0,3.0,3,1.0,1.0,0.0,1
475.7,737.4,261.7,26.17,90043,33.988543,-118.334081,1.0,49.55,552.0,6,10,0.0,0.0,2.0,1.0,0,0.0,0.0,7.0,0
330.8,330.8,0.0,0.0,93270,35.939068,-119.043666,0.0,38.5,988.0,0,8,0.0,2.0,0.0,1.0,1,0.0,2.0,51.0,0
4524.05,4757.87,233.82,4.33,92328,36.27688,-117.033326,0.0,86.2,246.0,7,54,2.0,0.0,2.0,1.0,2,2.0,2.0,12.0,0
426.35,600.9,164.55,32.91,95914,39.396585,-121.38029,0.0,78.75,59.0,0,5,0.0,0.0,0.0,2.0,0,0.0,2.0,24.0,0
74.6,117.59,42.99,42.99,95833,38.619049,-121.517552,0.0,74.6,838.0,5,1,0.0,0.0,2.0,2.0,1,0.0,0.0,59.0,0
2838.7,3784.2,865.5,28.85,92679,33.631119,-117.567346,0.0,94.4,1000.0,1,30,0.0,2.0,2.0,2.0,0,0.0,0.0,6.0,1
3942.45,5631.03,1688.58,31.86,93955,36.625114,-121.823565,1.0,78.75,901.0,7,53,2.0,0.0,0.0,1.0,3,2.0,2.0,56.0,0
184.65,267.01,82.36,41.18,92592,33.507255,-117.029473,0.0,82.0,984.0,0,2,0.0,0.0,2.0,2.0,0,0.0,0.0,14.0,1
4146.05,6368.63,2222.58,43.58,91915,32.605012,-116.97595,0.0,84.2,189.0,2,51,0.0,0.0,2.0,0.0,0,2.0,0.0,22.0,1
80.2,81.43,1.23,1.23,94533,38.287136,-122.02711,0.0,80.2,313.0,0,1,0.0,0.0,2.0,2.0,0,0.0,0.0,69.0,1
1126.75,3863.47,2736.72,48.87,90270,33.988572,-118.186565,1.0,19.95,589.0,0,56,1.0,1.0,1.0,3.0,0,1.0,1.0,0.0,0
416.45,557.03,140.58,15.62,92108,32.774046,-117.142454,0.0,45.15,852.0,0,9,0.0,0.0,0.0,1.0,0,0.0,0.0,2.0,1
4904.25,5818.17,913.92,19.04,95646,38.631489,-120.015167,2.0,102.5,475.0,0,48,2.0,2.0,0.0,2.0,0,2.0,2.0,21.0,0
5388.15,8446.92,3058.77,44.33,95988,39.493991,-122.286363,2.0,75.75,1074.0,4,69,2.0,2.0,2.0,0.0,0,2.0,0.0,18.0,0
322.9,364.78,41.88,6.98,91784,34.141146,-117.655583,0.0,55.15,1020.0,0,6,0.0,2.0,2.0,0.0,0,0.0,0.0,30.0,0
3638.25,5493.45,1855.2,30.92,95305,37.818589,-120.256995,2.0,61.4,84.0,0,60,0.0,2.0,2.0,1.0,0,2.0,0.0,26.0,0
6157.6,7310.8,1153.2,19.22,96121,40.181279,-120.392967,1.0,102.5,608.0,8,60,0.0,0.0,2.0,2.0,0,2.0,2.0,4.0,0
729.95,1036.19,306.24,27.84,93440,34.758699,-120.275839,1.0,61.25,550.0,0,11,0.0,0.0,2.0,0.0,0,0.0,0.0,59.0,0
88.35,102.61,14.26,14.26,93512,37.653947,-118.231443,0.0,88.35,73.0,0,1,0.0,0.0,0.0,2.0,0,0.0,2.0,46.0,1
8012.75,9754.43,1741.68,24.19,96073,40.582399,-122.195512,2.0,111.6,724.0,0,72,2.0,0.0,2.0,2.0,0,2.0,2.0,13.0,0
1454.15,1659.17,205.02,12.06,94539,37.516791,-121.899117,0.0,90.2,346.0,1,17,0.0,2.0,2.0,2.0,0,2.0,0.0,9.0,1
193.6,272.84,79.24,39.62,95728,39.279068,-120.414275,0.0,91.4,926.0,0,2,0.0,0.0,0.0,2.0,0,2.0,0.0,7.0,1
446.8,546.08,99.28,12.41,95429,39.756049,-123.358701,0.0,55.75,264.0,1,8,0.0,0.0,2.0,1.0,3,0.0,0.0,53.0,0
3190.25,3674.07,483.82,14.23,94929,38.24458,-122.956268,2.0,96.35,258.0,0,34,2.0,0.0,2.0,2.0,0,0.0,0.0,13.0,0
1907.85,2304.07,396.22,18.01,93535,34.712708,-117.889656,0.0,89.25,511.0,0,22,0.0,0.0,0.0,2.0,0,0.0,2.0,2.0,1
125.0,232.44,107.44,13.43,91384,34.506627,-118.699048,2.0,19.6,168.0,1,8,1.0,1.0,1.0,3.0,3,1.0,1.0,0.0,0
44.9,86.68,41.78,41.78,95355,37.672906,-120.946594,0.0,44.9,620.0,0,1,0.0,0.0,0.0,1.0,0,0.0,0.0,59.0,1
899.8,1509.7,609.9,40.66,90059,33.927254,-118.249826,0.0,55.7,552.0,0,15,0.0,2.0,0.0,1.0,0,0.0,0.0,8.0,1
3457.9,4335.3,882.36,24.51,95050,37.351214,-121.952417,0.0,97.35,883.0,3,36,0.0,0.0,2.0,2.0,0,2.0,0.0,27.0,1
696.35,1030.19,333.84,27.82,94607,37.80707,-122.297401,1.0,53.65,688.0,1,12,0.0,0.0,0.0,1.0,0,0.0,2.0,26.0,1
2215.45,3074.0,858.55,24.53,90270,33.988572,-118.186565,1.0,62.15,589.0,1,35,0.0,2.0,0.0,1.0,0,0.0,0.0,30.0,0
560.6,844.7,284.1,47.35,90712,33.840524,-118.148403,0.0,98.25,509.0,0,6,0.0,0.0,2.0,2.0,0,0.0,2.0,29.0,1
1359.7,1359.7,0.0,0.0,94550,37.571748,-121.659562,0.0,30.35,534.0,2,44,0.0,0.0,2.0,0.0,0,0.0,0.0,28.0,1
1046.5,1368.5,322.0,23.0,94922,38.343282,-122.9755,0.0,70.2,95.0,0,14,0.0,0.0,0.0,2.0,2,0.0,0.0,17.0,0
2896.4,4524.08,1627.68,33.91,95405,38.439696,-122.668817,1.0,60.35,891.0,0,48,2.0,2.0,0.0,1.0,0,2.0,0.0,13.0,1
1974.8,2300.76,325.96,11.24,96103,39.783747,-120.661032,0.0,70.75,90.0,1,29,0.0,0.0,0.0,2.0,0,0.0,0.0,16.0,1
2651.2,2610.25,0.0,0.0,91024,34.168686,-118.057505,0.0,45.3,918.0,6,58,0.0,0.0,2.0,1.0,0,2.0,0.0,24.0,1
2356.75,4204.45,1866.09,36.59,92883,33.762351,-117.488725,1.0,47.85,217.0,0,51,2.0,0.0,0.0,1.0,0,0.0,0.0,20.0,0
979.5,1289.46,309.96,22.14,96145,39.178337,-120.162806,0.0,66.6,976.0,3,14,2.0,0.0,0.0,1.0,0,0.0,0.0,11.0,0
996.85,1011.01,0.0,0.0,92084,33.22784,-117.200024,0.0,44.95,1039.0,0,23,0.0,0.0,0.0,1.0,0,0.0,2.0,14.0,0
253.9,295.5,41.6,4.16,96134,41.813521,-121.492666,0.0,24.4,1009.0,4,10,1.0,1.0,1.0,3.0,1,1.0,1.0,0.0,0
5965.95,6842.43,876.48,13.28,92236,33.680031,-116.171678,2.0,90.05,201.0,0,66,2.0,2.0,2.0,1.0,0,2.0,2.0,24.0,0
4013.8,5803.77,1815.46,42.22,91316,34.150354,-118.518292,1.0,70.5,303.0,11,43,2.0,2.0,0.0,2.0,1,2.0,0.0,25.0,0
5608.4,6758.08,1149.68,20.53,92124,32.827238,-117.089287,1.0,99.75,852.0,9,56,2.0,0.0,2.0,2.0,0,2.0,2.0,19.0,0
630.6,1178.43,592.25,23.69,95405,38.439696,-122.668817,2.0,25.5,891.0,1,25,1.0,1.0,1.0,3.0,3,1.0,1.0,0.0,0
7751.7,10612.98,2861.28,39.74,96121,40.181279,-120.392967,2.0,110.75,608.0,1,72,0.0,2.0,2.0,2.0,0,2.0,2.0,5.0,0
74.9,134.7,49.8,24.9,92028,33.362575,-117.299644,0.0,44.65,315.0,0,2,0.0,0.0,0.0,1.0,0,0.0,0.0,11.0,1
6838.6,7425.9,587.3,8.39,94512,38.140719,-121.838298,1.0,98.9,88.0,0,70,0.0,0.0,2.0,2.0,0,0.0,2.0,59.0,0
1442.65,3062.08,1619.43,23.47,96122,39.786755,-120.445626,1.0,20.35,782.0,5,69,1.0,1.0,1.0,3.0,2,1.0,1.0,0.0,0
1379.8,4838.68,3458.88,48.04,90201,33.970343,-118.171368,2.0,19.7,66.0,9,72,1.0,1.0,1.0,3.0,1,1.0,1.0,0.0,0
740.3,1870.48,1165.23,35.31,94574,38.581354,-122.296283,2.0,24.5,839.0,1,33,1.0,1.0,1.0,3.0,0,1.0,1.0,0.0,1
529.5,777.44,247.94,35.42,93207,35.865795,-118.69759,0.0,69.95,132.0,9,7,0.0,0.0,0.0,2.0,0,0.0,0.0,3.0,1
5453.4,7448.4,1995.0,33.25,93665,36.959731,-120.653519,1.0,90.95,937.0,1,60,0.0,0.0,2.0,2.0,0,2.0,2.0,52.0,1
159.15,227.46,68.31,22.77,96071,40.656287,-121.428965,0.0,55.15,696.0,0,3,0.0,0.0,0.0,1.0,0,0.0,2.0,51.0,1
6997.3,8351.54,1354.24,21.16,94568,37.713926,-121.928425,2.0,110.3,270.0,7,64,2.0,2.0,2.0,2.0,1,0.0,2.0,23.0,0
1270.2,1670.65,300.45,20.03,95595,40.170357,-123.417298,0.0,86.2,1102.0,0,15,0.0,2.0,0.0,2.0,0,0.0,2.0,59.0,1
222.3,301.08,78.78,26.26,93219,35.858054,-119.305858,0.0,69.55,280.0,0,3,0.0,0.0,0.0,2.0,0,0.0,0.0,30.0,1
5278.15,7181.54,1914.84,35.46,96013,40.946785,-121.719489,0.0,104.3,121.0,1,54,0.0,0.0,2.0,2.0,0,2.0,2.0,23.0,1
1875.25,1875.25,0.0,0.0,90504,33.867257,-118.330794,2.0,41.9,999.0,0,47,2.0,2.0,0.0,0.0,0,2.0,0.0,23.0,0
113.5,146.62,33.12,5.52,90807,33.830099,-118.182239,0.0,19.7,546.0,9,6,1.0,1.0,1.0,3.0,3,1.0,1.0,0.0,0
45.85,90.6,44.75,44.75,96014,41.388397,-122.794636,0.0,45.85,136.0,0,1,0.0,0.0,0.0,0.0,0,0.0,0.0,12.0,1
338.9,366.54,27.64,6.91,90023,34.017697,-118.200577,0.0,85.65,552.0,0,4,0.0,0.0,0.0,2.0,0,0.0,2.0,53.0,1
536.4,799.2,262.8,43.8,93013,34.441398,-119.513163,0.0,93.55,162.0,0,6,0.0,0.0,0.0,2.0,0,0.0,2.0,5.0,1
1381.8,1593.68,131.88,4.71,94546,37.708327,-122.083473,1.0,51.0,170.0,1,28,0.0,0.0,0.0,1.0,2,0.0,0.0,21.0,0
330.8,516.95,186.15,12.41,94939,37.937082,-122.532369,0.0,20.45,513.0,3,15,1.0,1.0,1.0,3.0,0,1.0,1.0,0.0,0
1269.55,1639.0,369.45,24.63,93531,35.214982,-118.59049,0.0,85.9,465.0,0,15,0.0,0.0,2.0,2.0,0,0.0,2.0,13.0,1
3190.65,3511.68,321.03,7.83,95942,40.077028,-121.494168,0.0,81.3,334.0,0,41,0.0,2.0,0.0,2.0,0,0.0,0.0,19.0,0
801.3,1002.99,201.69,22.41,94563,37.873916,-122.20522,0.0,88.05,706.0,3,9,0.0,2.0,0.0,2.0,0,0.0,2.0,21.0,0
20.25,67.5,47.25,47.25,95017,37.114335,-122.237162,0.0,20.25,243.0,0,1,1.0,1.0,1.0,3.0,2,1.0,1.0,0.0,0
6982.5,8228.7,1166.2,16.66,90802,33.752524,-118.210737,1.0,97.65,546.0,9,70,0.0,0.0,0.0,2.0,0,2.0,2.0,26.0,0
2816.65,2966.65,0.0,0.0,94132,37.722302,-122.491129,1.0,59.9,855.0,1,46,2.0,0.0,2.0,1.0,0,2.0,0.0,15.0,1
3975.9,6733.3,2757.4,40.55,96048,40.913192,-123.06597,1.0,60.65,462.0,2,68,2.0,0.0,2.0,1.0,0,2.0,0.0,20.0,0
413.65,589.75,176.1,35.22,92028,33.362575,-117.299644,0.0,75.55,315.0,0,5,0.0,0.0,0.0,2.0,0,0.0,2.0,58.0,1
1855.65,2495.19,639.54,29.07,95409,38.468893,-122.580539,0.0,84.3,891.0,0,22,0.0,0.0,2.0,2.0,0,0.0,2.0,52.0,1
20.95,61.43,40.48,40.48,95065,37.031404,-121.981865,0.0,20.95,885.0,0,1,1.0,1.0,1.0,3.0,0,1.0,1.0,0.0,1
1309.15,1309.15,0.0,0.0,95917,39.457388,-121.818201,1.0,35.55,86.0,0,39,2.0,0.0,0.0,1.0,0,2.0,0.0,14.0,0
6281.45,9069.15,2787.7,45.7,94523,37.95338,-122.076886,0.0,105.55,770.0,1,61,0.0,0.0,2.0,2.0,0,2.0,2.0,24.0,1
73.55,110.47,36.92,36.92,94114,37.758085,-122.434801,0.0,73.55,855.0,0,1,0.0,0.0,0.0,2.0,0,0.0,0.0,6.0,1
70.85,120.45,49.6,49.6,92625,33.600987,-117.862734,0.0,70.85,218.0,1,1,0.0,0.0,0.0,2.0,0,0.0,0.0,13.0,1
7008.15,8228.76,1220.61,20.01,91740,34.119363,-117.855059,2.0,115.1,367.0,3,61,2.0,2.0,2.0,2.0,1,2.0,2.0,12.0,0
74.9,134.7,49.8,24.9,92028,33.362575,-117.299644,0.0,44.65,315.0,0,2,0.0,0.0,0.0,1.0,0,0.0,0.0,11.0,1
424.15,606.75,182.6,36.52,95828,38.486938,-121.395805,0.0,85.3,838.0,0,5,0.0,0.0,2.0,2.0,0,2.0,0.0,27.0,1
2413.05,3876.75,1313.7,22.65,90274,33.788208,-118.404955,1.0,44.1,727.0,7,58,0.0,0.0,0.0,0.0,3,0.0,0.0,25.0,0
768.45,768.45,0.0,0.0,90067,34.057496,-118.413959,0.0,34.65,552.0,0,23,0.0,0.0,0.0,0.0,0,0.0,2.0,2.0,0
418.3,476.33,58.03,8.29,95673,38.688764,-121.457596,0.0,62.8,819.0,0,7,2.0,0.0,0.0,1.0,0,2.0,2.0,21.0,0
1400.85,1683.22,282.37,16.61,92308,34.424926,-117.184503,0.0,80.85,32.0,1,17,0.0,0.0,0.0,2.0,0,0.0,0.0,3.0,1
5330.2,6800.6,1380.4,20.3,94904,37.946617,-122.563571,2.0,80.65,381.0,0,68,0.0,0.0,2.0,1.0,0,2.0,2.0,13.0,0
1907.85,2304.07,396.22,18.01,93535,34.712708,-117.889656,0.0,89.25,511.0,0,22,0.0,0.0,0.0,2.0,0,0.0,2.0,2.0,1
19.3,68.5,49.2,49.2,93067,34.420998,-119.60137,0.0,19.3,963.0,0,1,1.0,1.0,1.0,3.0,0,1.0,1.0,0.0,1
1637.4,1637.4,0.0,0.0,90029,34.089953,-118.294824,0.0,39.3,552.0,1,40,0.0,0.0,2.0,0.0,0,0.0,0.0,3.0,1
401.85,1098.99,697.14,38.73,93238,35.852892,-118.397782,1.0,20.1,469.0,0,18,1.0,1.0,1.0,3.0,0,1.0,1.0,0.0,0
485.25,532.92,47.67,6.81,93251,35.38381,-119.730885,0.0,70.5,591.0,2,7,0.0,0.0,0.0,2.0,0,0.0,0.0,13.0,0
58.0,66.07,8.07,2.69,95313,37.435664,-121.049056,0.0,19.95,233.0,0,3,1.0,1.0,1.0,3.0,0,1.0,1.0,0.0,0
475.2,823.45,348.25,13.93,93673,36.456091,-119.486225,2.0,19.8,1003.0,0,25,1.0,1.0,1.0,3.0,0,1.0,1.0,0.0,0
8425.15,11033.9,2651.04,36.82,92844,33.766476,-117.969795,2.0,115.5,355.0,1,72,2.0,2.0,2.0,2.0,1,2.0,2.0,10.0,0
7051.95,7531.53,518.76,7.86,90013,34.044639,-118.240413,1.0,107.35,552.0,7,66,2.0,0.0,2.0,2.0,0,2.0,0.0,26.0,0
1164.3,1530.78,366.48,30.54,91948,32.830852,-116.444601,0.0,100.15,642.0,0,12,0.0,0.0,0.0,2.0,0,2.0,2.0,47.0,1
49.7,59.7,0.0,0.0,95303,37.4695,-120.672724,0.0,24.9,58.0,0,2,0.0,0.0,0.0,1.0,0,0.0,0.0,48.0,0
2257.75,2873.75,616.0,24.64,92117,32.825086,-117.199424,0.0,89.15,852.0,1,25,0.0,0.0,2.0,2.0,0,2.0,0.0,5.0,1
6871.9,10162.0,3290.1,49.85,94533,38.287136,-122.02711,0.0,100.05,313.0,6,66,2.0,0.0,0.0,2.0,0,0.0,0.0,14.0,1
68.35,175.12,106.77,35.59,94108,37.791998,-122.408653,0.0,19.65,855.0,0,3,1.0,1.0,1.0,3.0,0,1.0,1.0,0.0,0
221.9,221.9,0.0,0.0,96052,40.704293,-122.803899,0.0,29.4,525.0,0,8,0.0,0.0,0.0,1.0,0,2.0,0.0,4.0,1
465.85,689.54,225.34,11.86,91106,34.139402,-118.128658,0.0,24.7,732.0,0,19,1.0,1.0,1.0,3.0,0,1.0,1.0,0.0,0
4959.15,6169.39,1210.24,19.52,94591,38.105733,-122.186338,1.0,84.45,1025.0,0,62,0.0,0.0,0.0,2.0,0,0.0,0.0,3.0,0
5637.85,6006.34,391.5,7.25,95064,37.007882,-122.065975,1.0,105.2,885.0,9,54,2.0,0.0,2.0,2.0,3,0.0,2.0,57.0,0
4187.75,5912.21,1724.46,42.06,92373,34.003243,-117.138286,0.0,98.4,806.0,0,41,0.0,0.0,0.0,2.0,0,2.0,0.0,21.0,1
110.15,275.39,165.24,27.54,95935,39.381174,-121.21191,0.0,18.95,261.0,0,6,1.0,1.0,1.0,3.0,0,1.0,1.0,0.0,0
1941.5,3700.62,1689.12,46.92,92310,35.349241,-116.770281,1.0,55.8,340.0,0,36,0.0,0.0,0.0,1.0,0,2.0,0.0,5.0,0
1331.05,2867.65,1536.6,29.55,95945,39.194539,-120.988066,2.0,24.55,378.0,6,52,1.0,1.0,1.0,3.0,1,1.0,1.0,0.0,0
217.55,339.56,122.01,40.67,92886,33.897253,-117.792202,0.0,80.1,1095.0,0,3,2.0,0.0,0.0,2.0,0,2.0,0.0,58.0,1
340.85,477.33,86.48,21.62,96137,40.271535,-121.018087,0.0,81.0,1065.0,0,4,0.0,0.0,0.0,2.0,0,0.0,2.0,59.0,1
49.55,73.79,24.24,24.24,92029,33.079834,-117.134275,0.0,49.55,305.0,1,1,0.0,2.0,0.0,0.0,0,0.0,0.0,9.0,1
1231.85,2085.86,794.01,41.79,94104,37.791222,-122.402241,1.0,65.35,855.0,0,19,2.0,0.0,2.0,1.0,0,0.0,2.0,6.0,0
69.6,83.79,14.19,14.19,92592,33.507255,-117.029473,0.0,69.6,984.0,0,1,0.0,0.0,0.0,2.0,0,0.0,2.0,59.0,1
6413.65,8433.61,2019.96,32.58,92027,33.141265,-116.967221,1.0,100.15,305.0,0,62,0.0,0.0,0.0,2.0,0,2.0,2.0,15.0,1
165.35,231.36,66.01,9.43,92225,33.674583,-114.71612,2.0,19.45,94.0,0,7,1.0,1.0,1.0,3.0,0,1.0,1.0,0.0,0
4478.85,4558.85,0.0,0.0,95546,41.163637,-123.704841,2.0,65.25,428.0,9,72,2.0,2.0,2.0,1.0,3,2.0,2.0,51.0,0
2868.15,3102.36,234.21,6.33,90602,33.972119,-118.020188,0.0,76.5,1069.0,1,37,0.0,0.0,0.0,2.0,1,0.0,0.0,14.0,1
3273.95,3734.57,460.62,8.53,94706,37.890274,-122.295192,2.0,60.0,9.0,6,54,2.0,2.0,0.0,0.0,3,0.0,0.0,73.0,0
4594.65,6252.77,1528.12,33.22,90731,33.736387,-118.284363,1.0,103.15,874.0,3,46,2.0,0.0,2.0,2.0,0,0.0,2.0,29.0,0
2424.45,3272.92,848.47,27.37,93117,34.489983,-120.091246,1.0,75.5,372.0,2,31,2.0,2.0,2.0,1.0,0,2.0,2.0,15.0,0
2807.65,4203.93,1427.86,46.06,94945,38.135897,-122.563683,2.0,89.45,679.0,5,31,0.0,2.0,0.0,2.0,0,0.0,0.0,18.0,0
1161.75,1643.14,481.39,37.03,95204,37.974498,-121.319568,2.0,88.95,954.0,0,13,2.0,2.0,2.0,1.0,0,2.0,2.0,52.0,0
4398.15,6286.63,1888.48,42.92,95948,39.346898,-121.759537,0.0,100.55,387.0,0,44,2.0,0.0,2.0,2.0,0,0.0,2.0,23.0,1
69.7,91.22,21.52,21.52,91763,34.072121,-117.698319,0.0,69.7,625.0,0,1,0.0,0.0,0.0,2.0,0,0.0,0.0,25.0,1
1641.8,4340.87,2744.82,39.78,95073,37.023669,-121.946461,2.0,24.25,935.0,10,69,1.0,1.0,1.0,3.0,0,1.0,1.0,0.0,0
485.9,1216.07,730.17,38.43,92679,33.631119,-117.567346,2.0,25.6,1000.0,4,19,1.0,1.0,1.0,3.0,2,1.0,1.0,0.0,0
6751.35,8436.78,1685.43,27.63,93652,36.594542,-119.905245,0.0,106.35,791.0,3,61,2.0,0.0,0.0,2.0,0,2.0,2.0,29.0,0
307.4,450.26,142.86,47.62,93930,36.220761,-120.980777,0.0,95.1,472.0,0,3,0.0,0.0,2.0,0.0,0,0.0,2.0,29.0,1
6631.85,8435.6,1803.75,27.75,93928,35.930782,-121.189757,2.0,70.5,459.0,0,65,0.0,0.0,2.0,2.0,0,2.0,2.0,30.0,0
249.95,455.45,185.5,37.1,92028,33.362575,-117.299644,0.0,50.6,315.0,0,5,0.0,0.0,0.0,0.0,0,0.0,0.0,2.0,1
137.1,207.92,70.82,35.41,93465,35.536115,-120.739231,0.0,80.45,986.0,0,2,0.0,2.0,0.0,2.0,0,2.0,0.0,25.0,0
7689.95,8124.11,434.16,6.03,90713,33.847755,-118.112532,2.0,104.15,509.0,0,72,0.0,0.0,2.0,2.0,0,2.0,0.0,2.0,1
76.95,187.98,111.03,37.01,91776,34.089927,-118.095645,0.0,20.5,856.0,0,3,1.0,1.0,1.0,3.0,0,1.0,1.0,0.0,0
5498.2,5807.33,336.0,4.8,96037,41.528541,-122.955018,2.0,77.3,383.0,2,70,2.0,2.0,0.0,0.0,0,2.0,2.0,41.0,0
4370.75,5579.87,1209.12,25.19,93451,35.886767,-120.608661,2.0,91.05,872.0,1,48,0.0,0.0,0.0,2.0,0,2.0,2.0,22.0,0
5791.85,6768.97,977.12,15.76,94603,37.739113,-122.175602,1.0,94.95,688.0,6,62,0.0,2.0,2.0,2.0,3,0.0,2.0,59.0,0
2623.65,3008.33,374.68,12.92,91602,34.15136,-118.364786,0.0,89.65,674.0,0,29,2.0,0.0,2.0,2.0,0,0.0,0.0,24.0,0
1573.95,2427.99,854.04,38.82,95225,38.183918,-120.898817,0.0,75.0,123.0,1,22,0.0,2.0,0.0,2.0,2,0.0,0.0,19.0,0
73.0,93.55,20.55,20.55,95497,38.696659,-123.436861,0.0,73.0,989.0,0,1,0.0,0.0,2.0,2.0,0,0.0,0.0,5.0,1
564.35,753.79,189.44,23.68,91741,34.14649,-117.849815,2.0,65.5,367.0,1,8,2.0,2.0,0.0,1.0,0,0.0,2.0,41.0,0
100.8,118.15,17.35,17.35,92663,33.62251,-117.927024,0.0,100.8,662.0,4,1,0.0,0.0,0.0,2.0,0,2.0,0.0,23.0,1
245.2,585.21,340.01,30.91,95815,38.608405,-121.449942,0.0,23.15,838.0,0,11,1.0,1.0,1.0,3.0,0,1.0,1.0,0.0,1
1993.8,2261.98,268.18,12.19,95955,39.281194,-122.226568,0.0,70.5,588.0,0,22,2.0,0.0,0.0,2.0,0,0.0,0.0,23.0,1
4732.35,4732.35,0.0,0.0,92173,32.555828,-117.040073,2.0,64.8,879.0,1,72,2.0,2.0,2.0,1.0,0,2.0,0.0,24.0,0
5780.7,7585.08,1804.38,31.11,93513,37.245505,-118.062943,2.0,98.9,85.0,8,58,0.0,0.0,2.0,2.0,0,0.0,0.0,4.0,0
53.05,102.01,48.96,16.32,92061,33.313828,-116.940501,0.0,19.1,736.0,0,3,1.0,1.0,1.0,3.0,0,1.0,1.0,0.0,0
6993.65,7332.2,338.55,5.55,92057,33.254497,-117.285879,1.0,115.1,692.0,0,61,2.0,2.0,2.0,2.0,0,2.0,2.0,7.0,0
3246.45,4489.53,1243.08,23.02,95814,38.584505,-121.491956,2.0,59.8,838.0,9,54,0.0,0.0,2.0,0.0,3,2.0,0.0,21.0,0
221.35,585.01,363.66,33.06,90740,33.75462,-118.071128,0.0,20.1,900.0,0,11,1.0,1.0,1.0,3.0,3,1.0,1.0,0.0,1
1049.05,1742.71,693.66,31.53,94904,37.946617,-122.563571,0.0,49.8,381.0,0,22,0.0,2.0,0.0,0.0,0,0.0,0.0,11.0,0
275.7,341.78,66.08,4.13,95043,36.525703,-120.952122,0.0,20.0,717.0,0,16,1.0,1.0,1.0,3.0,0,1.0,1.0,0.0,0
1378.45,2180.75,802.3,11.3,91350,34.502432,-118.41459,2.0,19.45,884.0,6,71,1.0,1.0,1.0,3.0,3,1.0,1.0,0.0,0
1441.1,1930.35,489.25,25.75,91344,34.291273,-118.505104,0.0,73.2,375.0,1,19,0.0,2.0,0.0,2.0,0,0.0,0.0,22.0,1
109.5,368.64,259.14,43.19,94550,37.571748,-121.659562,0.0,20.95,534.0,0,6,1.0,1.0,1.0,3.0,0,1.0,1.0,0.0,0
79.65,102.13,22.48,22.48,92109,32.787836,-117.232376,0.0,79.65,852.0,0,1,0.0,0.0,0.0,2.0,0,0.0,0.0,5.0,1
273.25,618.66,345.41,26.57,92561,33.638645,-116.55783,1.0,20.2,644.0,0,13,1.0,1.0,1.0,3.0,0,1.0,1.0,0.0,0
44.75,73.32,18.57,18.57,93420,35.176236,-120.483243,0.0,44.75,41.0,0,1,0.0,0.0,0.0,1.0,0,0.0,0.0,26.0,0
29.15,29.15,0.0,0.0,92333,34.274846,-116.937581,0.0,29.15,318.0,0,1,2.0,0.0,0.0,1.0,0,0.0,0.0,22.0,0
1867.6,2223.76,356.16,12.72,92227,33.03933,-115.191857,2.0,64.45,108.0,0,28,2.0,0.0,2.0,0.0,0,2.0,0.0,23.0,0
1943.2,2828.34,889.87,38.69,94949,38.067204,-122.524004,0.0,90.6,679.0,0,23,2.0,0.0,0.0,0.0,0,0.0,2.0,69.0,1
66.95,66.95,0.0,0.0,94960,37.99272,-122.575026,0.0,24.75,846.0,0,3,0.0,0.0,0.0,1.0,0,0.0,0.0,18.0,1
5275.8,6164.81,893.94,19.02,95379,37.939768,-120.188002,1.0,110.85,1010.0,1,47,2.0,2.0,0.0,2.0,0,2.0,2.0,17.0,1
2254.2,2626.0,371.8,14.3,95558,40.274302,-124.210902,0.0,83.95,746.0,0,26,0.0,0.0,0.0,2.0,0,0.0,2.0,20.0,1
947.3,1457.9,510.6,42.55,90717,33.794209,-118.317354,0.0,78.1,543.0,0,12,0.0,0.0,0.0,2.0,0,0.0,2.0,18.0,1
1161.75,2480.55,1318.8,21.98,90042,34.11572,-118.192754,2.0,19.65,552.0,7,60,1.0,1.0,1.0,3.0,1,1.0,1.0,0.0,0
4783.5,7215.37,2431.87,49.63,94303,37.45809,-122.115398,0.0,95.6,723.0,2,49,0.0,0.0,0.0,2.0,0,0.0,2.0,9.0,1
565.75,565.75,0.0,0.0,93450,35.996008,-120.85305,0.0,26.05,847.0,1,21,0.0,0.0,0.0,1.0,9,0.0,0.0,59.0,0
2879.2,2879.2,0.0,0.0,95449,38.93706,-123.118111,1.0,53.6,429.0,0,53,2.0,2.0,2.0,1.0,0,2.0,0.0,25.0,0
307.4,450.26,142.86,47.62,93930,36.220761,-120.980777,0.0,95.1,472.0,0,3,0.0,0.0,2.0,0.0,0,0.0,2.0,29.0,1
3539.25,4192.85,653.6,15.2,91040,34.282704,-118.312929,1.0,84.25,966.0,6,43,2.0,2.0,0.0,2.0,0,2.0,0.0,21.0,0
2107.15,2335.87,228.72,9.53,95552,40.390301,-123.412327,0.0,85.95,568.0,0,24,2.0,0.0,2.0,2.0,0,2.0,0.0,24.0,0
76.35,83.61,7.26,7.26,90808,33.823943,-118.111335,0.0,76.35,546.0,0,1,0.0,0.0,0.0,0.0,0,2.0,0.0,9.0,1
586.05,788.49,202.44,28.92,92557,33.970661,-117.255039,0.0,79.7,634.0,0,7,0.0,0.0,0.0,2.0,0,0.0,0.0,16.0,1
929.2,2685.55,1756.35,39.03,92802,33.807864,-117.923782,2.0,20.35,23.0,3,45,1.0,1.0,1.0,3.0,2,1.0,1.0,0.0,0
1600.95,4582.5,2981.55,45.87,96107,38.42528,-119.475741,1.0,24.8,205.0,0,65,1.0,1.0,1.0,3.0,0,1.0,1.0,0.0,0
7968.85,9180.75,1201.9,17.17,96055,40.059385,-122.091481,1.0,115.65,555.0,1,70,2.0,2.0,2.0,2.0,0,2.0,2.0,20.0,1
6339.3,8769.3,2430.0,33.75,95630,38.672638,-121.147403,2.0,89.7,328.0,10,72,2.0,2.0,2.0,0.0,1,2.0,2.0,30.0,0
1001.2,1152.71,173.04,14.42,92804,33.818,-117.974404,0.0,79.8,23.0,0,12,0.0,2.0,0.0,2.0,0,0.0,0.0,14.0,0
3005.8,3005.8,0.0,0.0,91765,33.992416,-117.807874,0.0,51.7,256.0,0,59,2.0,0.0,0.0,1.0,0,0.0,2.0,7.0,0
142.35,167.39,25.04,12.52,95542,40.057784,-123.679461,0.0,70.65,354.0,0,2,0.0,0.0,0.0,2.0,0,0.0,0.0,25.0,1
690.5,978.38,287.88,23.99,95550,40.7666,-123.80458,0.0,54.2,480.0,4,12,2.0,2.0,0.0,1.0,0,0.0,0.0,51.0,0
346.2,539.6,193.4,48.35,92807,33.848733,-117.788357,0.0,89.2,23.0,0,4,0.0,0.0,0.0,0.0,0,2.0,0.0,24.0,1
1614.05,2671.49,1057.44,44.06,92354,34.049315,-117.255974,0.0,69.45,541.0,8,24,0.0,0.0,2.0,1.0,0,0.0,2.0,59.0,0
1226.45,3147.34,1920.89,31.49,93960,36.414216,-121.360597,1.0,20.4,928.0,7,61,1.0,1.0,1.0,3.0,3,1.0,1.0,0.0,0
1582.75,1918.6,335.85,22.39,94014,37.691561,-122.445202,0.0,105.1,239.0,0,15,2.0,2.0,0.0,2.0,0,2.0,2.0,7.0,1
865.55,1034.05,168.5,16.85,93401,35.233745,-120.626442,0.0,84.6,867.0,0,10,0.0,0.0,0.0,2.0,0,2.0,2.0,30.0,1
1952.25,2344.21,432.5,17.3,91306,34.209532,-118.577563,0.0,74.3,1080.0,0,25,0.0,2.0,0.0,2.0,0,0.0,0.0,26.0,0
973.35,1111.53,138.18,2.82,90265,34.074572,-118.831181,2.0,20.15,573.0,10,49,1.0,1.0,1.0,3.0,0,1.0,1.0,0.0,0
2254.2,2626.0,371.8,14.3,95558,40.274302,-124.210902,0.0,83.95,746.0,0,26,0.0,0.0,0.0,2.0,0,0.0,2.0,20.0,1
5841.35,7352.67,1547.84,27.64,91024,34.168686,-118.057505,2.0,104.75,918.0,0,56,0.0,0.0,2.0,2.0,0,2.0,0.0,7.0,0
2234.55,2234.55,0.0,0.0,95457,38.925545,-122.549083,1.0,60.7,560.0,7,36,2.0,2.0,0.0,1.0,0,2.0,2.0,24.0,0
190.1,190.1,0.0,0.0,95365,37.329725,-120.306399,0.0,24.6,766.0,0,9,0.0,0.0,0.0,1.0,0,0.0,0.0,52.0,0
7544.3,9961.84,2442.96,33.93,92266,33.3249,-114.758334,1.0,104.95,725.0,0,72,0.0,0.0,2.0,2.0,0,2.0,2.0,18.0,0
3210.35,3210.35,0.0,0.0,93430,35.511833,-120.918713,2.0,49.85,174.0,3,64,2.0,0.0,2.0,1.0,3,2.0,2.0,59.0,0
79.55,84.65,5.1,5.1,91605,34.207295,-118.400022,0.0,79.55,674.0,0,1,0.0,0.0,0.0,2.0,0,2.0,0.0,10.0,1
69.9,115.56,45.66,45.66,94555,37.555473,-122.080312,0.0,69.9,346.0,0,1,0.0,0.0,0.0,2.0,0,0.0,0.0,28.0,1
338.9,366.54,27.64,6.91,90023,34.017697,-118.200577,0.0,85.65,552.0,0,4,0.0,0.0,0.0,2.0,0,0.0,2.0,53.0,1
662.65,835.28,205.84,25.73,91204,34.136306,-118.26036,0.0,84.5,366.0,0,8,0.0,0.0,0.0,2.0,2,0.0,2.0,19.0,1
73.5,77.34,3.84,3.84,95431,38.348884,-122.51699,0.0,73.5,294.0,0,1,0.0,0.0,0.0,2.0,0,2.0,0.0,2.0,1
6065.3,6161.78,96.48,1.34,96037,41.528541,-122.955018,2.0,84.9,383.0,7,72,2.0,2.0,0.0,1.0,0,2.0,2.0,19.0,0
5295.7,7413.62,2077.92,38.48,95468,38.911299,-123.609588,0.0,99.05,773.0,0,54,0.0,0.0,0.0,2.0,0,2.0,0.0,13.0,0
185.4,579.3,393.9,39.39,95128,37.316146,-121.936285,0.0,20.0,861.0,0,10,1.0,1.0,1.0,3.0,0,1.0,1.0,0.0,0
2688.85,2782.23,93.38,2.03,90248,33.876482,-118.284077,1.0,55.65,357.0,0,46,0.0,0.0,0.0,0.0,0,0.0,2.0,7.0,0
3946.9,4880.88,933.98,27.47,95947,40.160386,-120.835428,2.0,116.15,384.0,0,34,2.0,2.0,2.0,2.0,3,2.0,2.0,51.0,0
1520.9,1757.3,236.4,11.82,92241,33.832799,-116.250973,0.0,79.15,255.0,0,20,0.0,2.0,0.0,2.0,0,0.0,0.0,5.0,1
6448.05,7787.94,1339.89,22.71,95445,38.848082,-123.50608,1.0,110.15,393.0,1,59,0.0,2.0,2.0,2.0,0,2.0,2.0,26.0,1
439.2,714.32,275.12,14.48,95550,40.7666,-123.80458,0.0,24.1,480.0,0,19,1.0,1.0,1.0,3.0,2,1.0,1.0,0.0,0
1174.35,1716.55,542.2,27.11,92397,34.358321,-117.618263,0.0,61.6,1093.0,0,20,0.0,0.0,0.0,1.0,0,0.0,0.0,27.0,1
54.9,99.26,44.36,44.36,90068,34.137411,-118.328915,0.0,54.9,552.0,0,1,0.0,2.0,2.0,1.0,0,0.0,2.0,58.0,1
1546.3,2492.06,795.76,28.42,92567,33.82769,-117.102244,1.0,54.3,681.0,0,28,2.0,2.0,0.0,1.0,0,0.0,0.0,48.0,0
1107.25,1626.7,519.45,34.63,96092,39.955164,-122.018567,0.0,74.9,1037.0,1,15,0.0,0.0,0.0,2.0,0,0.0,0.0,15.0,1
4350.1,5002.42,652.32,12.08,92122,32.85723,-117.209774,1.0,82.45,852.0,0,54,2.0,2.0,2.0,1.0,0,0.0,2.0,5.0,1
3650.35,5507.79,1857.44,39.52,90220,33.88151,-118.234451,1.0,78.9,211.0,8,47,0.0,0.0,2.0,2.0,0,0.0,0.0,30.0,0
70.15,72.39,2.24,2.24,92692,33.60693,-117.644253,0.0,70.15,619.0,0,1,0.0,0.0,0.0,2.0,0,0.0,0.0,6.0,1
973.95,2072.75,1098.8,27.47,95471,38.522328,-122.97932,2.0,24.6,820.0,0,40,1.0,1.0,1.0,3.0,0,1.0,1.0,0.0,0
723.4,1132.09,408.69,45.41,90069,34.093781,-118.381061,0.0,79.55,1058.0,0,9,0.0,0.0,0.0,2.0,0,0.0,2.0,23.0,1
1072.0,1088.66,16.66,1.19,93673,36.456091,-119.486225,0.0,80.45,1003.0,0,14,0.0,0.0,0.0,2.0,0,2.0,0.0,23.0,1
1133.9,1443.54,352.95,23.53,93625,36.625792,-119.672483,0.0,74.2,343.0,0,15,0.0,0.0,0.0,2.0,0,0.0,0.0,9.0,1
6743.55,10148.7,3405.15,49.35,90064,34.037251,-118.423573,2.0,97.65,552.0,0,69,2.0,0.0,2.0,2.0,0,2.0,0.0,30.0,0
971.3,971.3,0.0,0.0,95728,39.279068,-120.414275,0.0,39.1,926.0,1,24,0.0,2.0,0.0,1.0,0,0.0,0.0,5.0,1
7723.9,8849.96,1174.6,16.78,95014,37.306612,-122.080621,2.0,114.2,235.0,1,70,2.0,2.0,2.0,2.0,0,2.0,2.0,48.0,1
19.8,31.76,11.96,11.96,94577,37.717196,-122.159338,0.0,19.8,864.0,0,1,1.0,1.0,1.0,3.0,0,1.0,1.0,0.0,0
562.7,902.94,340.24,42.53,94063,37.499411,-122.196318,2.0,69.95,809.0,0,8,0.0,0.0,0.0,2.0,0,0.0,0.0,6.0,0
3694.45,6288.85,2594.4,43.24,92646,33.666301,-117.969501,2.0,60.5,434.0,7,60,0.0,2.0,2.0,1.0,2,2.0,0.0,28.0,0
6292.7,7002.75,710.05,12.91,95459,38.966713,-123.586412,2.0,113.6,575.0,7,55,2.0,0.0,2.0,2.0,0,2.0,0.0,21.0,0
498.1,1319.86,821.76,34.24,92536,33.482243,-116.827173,2.0,19.75,5.0,0,24,1.0,1.0,1.0,3.0,1,1.0,1.0,0.0,0
3122.4,5293.04,2070.64,47.06,95709,38.748316,-120.675512,1.0,73.85,140.0,0,44,0.0,0.0,0.0,2.0,0,2.0,0.0,3.0,0
992.7,1307.88,315.18,17.51,93208,36.057458,-118.591951,0.0,57.65,141.0,0,18,0.0,2.0,0.0,1.0,2,0.0,0.0,30.0,0
1259.0,1449.96,190.96,13.64,92117,32.825086,-117.199424,0.0,90.9,852.0,1,14,0.0,0.0,2.0,2.0,0,0.0,2.0,9.0,1
402.6,502.6,0.0,0.0,90248,33.876482,-118.284077,1.0,36.05,357.0,0,11,2.0,2.0,0.0,1.0,1,0.0,0.0,17.0,0
5067.45,5543.13,475.68,9.91,92203,33.752938,-116.230055,2.0,108.1,445.0,0,48,0.0,0.0,2.0,2.0,0,2.0,2.0,4.0,0
6563.4,7254.6,691.2,9.6,93532,34.659579,-118.584212,2.0,90.35,503.0,9,72,2.0,2.0,2.0,2.0,0,0.0,0.0,25.0,0
6148.45,7595.92,1483.76,21.82,92064,32.984395,-117.013454,2.0,88.15,787.0,0,68,2.0,2.0,2.0,1.0,0,2.0,2.0,2.0,0
239.55,291.07,51.52,12.88,90062,34.003553,-118.308933,0.0,50.85,552.0,1,4,0.0,0.0,0.0,0.0,1,0.0,0.0,22.0,1
6614.9,8566.1,1951.2,27.1,95383,38.107441,-120.230625,2.0,91.95,1015.0,1,72,2.0,2.0,2.0,0.0,1,2.0,2.0,59.0,0
4627.8,5624.84,937.04,18.02,94511,38.050558,-121.646924,2.0,91.6,76.0,3,52,2.0,2.0,0.0,2.0,0,2.0,0.0,3.0,0
345.5,399.74,54.24,6.78,95960,39.423046,-120.984472,1.0,43.45,676.0,1,8,0.0,0.0,0.0,1.0,2,0.0,0.0,24.0,0
20.5,55.07,34.57,34.57,93429,34.866032,-120.536546,0.0,20.5,165.0,0,1,1.0,1.0,1.0,3.0,3,1.0,1.0,0.0,1
42.9,46.92,4.02,4.02,93201,35.869626,-119.498771,0.0,42.9,15.0,0,1,0.0,0.0,0.0,0.0,0,0.0,0.0,11.0,1
2429.1,3578.27,1149.17,37.07,92373,34.003243,-117.138286,0.0,80.45,806.0,0,31,0.0,0.0,2.0,2.0,0,0.0,0.0,23.0,0
45.95,92.12,46.17,46.17,93402,35.279984,-120.824288,0.0,45.95,557.0,0,1,0.0,0.0,0.0,0.0,1,0.0,0.0,19.0,1
59.25,198.69,139.44,34.86,94533,38.287136,-122.02711,0.0,19.95,313.0,0,4,1.0,1.0,1.0,3.0,0,1.0,1.0,0.0,0
3027.4,3027.4,0.0,0.0,94002,37.509366,-122.306132,0.0,50.8,69.0,0,60,0.0,0.0,2.0,0.0,0,0.0,2.0,5.0,1
70.3,86.22,15.92,15.92,90221,33.885811,-118.206459,0.0,70.3,211.0,0,1,0.0,0.0,0.0,2.0,0,0.0,0.0,11.0,1
67.1,116.27,49.17,16.39,91406,34.195685,-118.490752,0.0,20.75,1031.0,0,3,1.0,1.0,1.0,3.0,0,1.0,1.0,0.0,0
153.8,219.04,65.24,32.62,91307,34.199787,-118.68493,2.0,69.3,1057.0,1,2,0.0,0.0,0.0,2.0,0,0.0,0.0,2.0,0
2570.2,2877.4,307.2,10.24,91701,34.132275,-117.611478,0.0,83.55,795.0,1,30,2.0,0.0,2.0,2.0,1,0.0,2.0,48.0,0
2804.45,3014.75,210.3,7.01,92130,32.957195,-117.202542,0.0,94.1,852.0,1,30,2.0,0.0,2.0,2.0,0,0.0,0.0,24.0,1
3045.75,3045.75,0.0,0.0,95425,38.801936,-122.938935,1.0,54.9,199.0,0,53,2.0,0.0,0.0,0.0,0,2.0,2.0,17.0,0
2597.6,3878.58,1280.98,33.71,95956,39.937017,-121.058043,1.0,70.45,595.0,0,38,0.0,0.0,0.0,2.0,0,0.0,0.0,17.0,1
1233.15,1988.97,755.82,29.07,92407,34.250069,-117.393949,0.0,45.45,848.0,0,26,0.0,0.0,0.0,0.0,0,0.0,0.0,42.0,0
154.65,232.77,78.12,26.04,95776,38.694081,-121.694431,0.0,55.1,1090.0,0,3,2.0,2.0,0.0,0.0,2,0.0,0.0,16.0,1
69.9,89.26,9.36,9.36,95453,39.080469,-122.955176,0.0,69.9,506.0,0,1,0.0,0.0,0.0,2.0,0,0.0,0.0,14.0,0
1673.4,3092.93,1447.62,20.98,90813,33.781086,-118.199049,2.0,25.6,546.0,5,69,1.0,1.0,1.0,3.0,1,1.0,1.0,0.0,0
3334.9,4663.86,1328.96,41.53,95922,39.432127,-121.099287,0.0,101.35,145.0,0,32,0.0,0.0,0.0,2.0,0,2.0,2.0,28.0,0
2890.65,3678.57,787.92,28.14,94027,37.454924,-122.203168,0.0,103.3,45.0,0,28,2.0,0.0,0.0,2.0,0,2.0,0.0,10.0,1
1834.95,2290.73,455.78,17.53,90010,34.062125,-118.315709,0.0,74.95,552.0,0,26,0.0,0.0,0.0,2.0,0,0.0,0.0,15.0,1
185.55,203.27,17.72,8.86,94947,38.112166,-122.634384,0.0,89.55,679.0,1,2,0.0,0.0,0.0,2.0,0,0.0,2.0,23.0,1
1111.65,1499.42,436.02,33.54,91206,34.162515,-118.203869,0.0,79.25,366.0,0,13,0.0,0.0,2.0,2.0,3,2.0,0.0,76.0,1
144.8,231.92,87.12,43.56,92028,33.362575,-117.299644,0.0,74.75,315.0,0,2,0.0,0.0,2.0,2.0,0,0.0,0.0,52.0,0
6994.8,10471.7,3476.9,49.67,92557,33.970661,-117.255039,2.0,101.1,634.0,10,70,2.0,2.0,2.0,2.0,2,2.0,0.0,19.0,0
4786.1,4900.56,114.46,1.94,95563,40.89866,-123.539754,1.0,79.85,843.0,0,59,2.0,2.0,2.0,1.0,0,2.0,2.0,73.0,0
45.7,58.5,12.8,12.8,92117,32.825086,-117.199424,0.0,45.7,852.0,3,1,0.0,0.0,0.0,1.0,0,0.0,0.0,5.0,1
1459.35,1459.35,0.0,0.0,95947,40.160386,-120.835428,0.0,29.45,384.0,1,51,0.0,0.0,2.0,1.0,0,0.0,0.0,21.0,0
331.3,584.28,252.98,36.14,91010,34.145695,-117.95982,1.0,49.75,269.0,4,7,0.0,2.0,0.0,1.0,0,0.0,2.0,85.0,1
741.4,1334.08,592.68,49.39,95701,39.218096,-120.79153,0.0,74.15,17.0,7,12,2.0,0.0,0.0,1.0,0,2.0,2.0,5.0,0
5860.7,6483.51,622.81,10.21,95665,38.400264,-120.641274,1.0,93.7,753.0,0,61,2.0,2.0,2.0,2.0,0,0.0,2.0,69.0,0
74.4,121.76,17.36,17.36,95250,38.244806,-120.417301,0.0,74.4,911.0,1,1,0.0,0.0,0.0,2.0,0,0.0,0.0,29.0,1
323.25,364.74,41.49,13.83,95721,38.851842,-120.076204,0.0,105.35,282.0,0,3,0.0,0.0,2.0,2.0,0,2.0,2.0,14.0,1
44.1,48.51,4.41,4.41,90024,34.066303,-118.435479,0.0,44.1,552.0,0,1,0.0,0.0,0.0,1.0,0,0.0,0.0,30.0,1
6668.35,8145.55,1477.2,24.62,94703,37.863843,-122.275684,2.0,110.0,74.0,2,60,2.0,2.0,2.0,2.0,0,2.0,0.0,30.0,0
7110.75,7873.71,762.96,11.22,90715,33.841027,-118.078097,1.0,101.35,509.0,0,68,0.0,2.0,2.0,2.0,0,2.0,0.0,7.0,0
20.95,61.43,40.48,40.48,95065,37.031404,-121.981865,0.0,20.95,885.0,0,1,1.0,1.0,1.0,3.0,0,1.0,1.0,0.0,1
1424.95,1489.15,64.2,4.28,95950,39.033058,-121.895718,0.0,89.85,388.0,0,15,0.0,0.0,2.0,2.0,0,0.0,0.0,6.0,1
2407.3,3311.86,904.56,37.69,95864,38.585826,-121.376263,0.0,98.75,838.0,0,24,0.0,0.0,0.0,2.0,0,2.0,2.0,18.0,1
2395.7,3220.95,745.25,29.81,93060,34.402343,-119.094824,0.0,95.15,890.0,0,25,2.0,0.0,0.0,2.0,0,0.0,2.0,52.0,0
141.7,202.81,61.11,20.37,94102,37.7795,-122.419233,0.0,45.45,855.0,0,3,0.0,0.0,0.0,0.0,0,0.0,0.0,17.0,0
1258.3,2030.25,661.95,44.13,92592,33.507255,-117.029473,0.0,83.05,984.0,2,15,2.0,0.0,0.0,2.0,0,2.0,0.0,3.0,1
6144.55,7767.97,1623.42,27.99,92647,33.723579,-118.005441,2.0,109.45,434.0,1,58,0.0,2.0,2.0,2.0,0,2.0,2.0,24.0,1
4692.55,7321.68,2629.13,37.03,91106,34.139402,-118.128658,1.0,66.2,732.0,0,71,0.0,2.0,0.0,1.0,3,0.0,0.0,26.0,0
4040.65,4710.28,669.63,17.17,93705,36.78724,-119.827813,0.0,106.4,349.0,0,39,0.0,2.0,2.0,2.0,0,0.0,2.0,30.0,0
905.55,967.15,61.6,1.4,93705,36.78724,-119.827813,2.0,20.4,349.0,0,44,1.0,1.0,1.0,3.0,0,1.0,1.0,0.0,0
1970.5,2000.08,29.58,1.02,95970,39.424957,-122.039307,0.0,68.85,789.0,0,29,0.0,2.0,2.0,1.0,0,2.0,2.0,19.0,1
208.85,288.98,80.13,26.71,93536,34.741406,-118.38111,0.0,70.3,511.0,1,3,0.0,0.0,0.0,2.0,0,0.0,0.0,11.0,1
450.8,614.25,163.45,23.35,96136,40.345949,-120.081187,0.0,70.75,1054.0,0,7,2.0,0.0,0.0,1.0,0,0.0,2.0,6.0,1
330.05,498.29,168.24,42.06,95619,38.683605,-120.811852,0.0,78.45,257.0,0,4,0.0,0.0,2.0,2.0,0,0.0,2.0,58.0,1
184.15,262.85,78.7,39.35,95228,37.943954,-120.67108,0.0,97.1,214.0,10,2,0.0,2.0,0.0,2.0,1,0.0,2.0,24.0,0
381.3,397.86,16.56,4.14,92129,32.961064,-117.134917,0.0,85.95,852.0,1,4,0.0,0.0,0.0,2.0,0,0.0,2.0,30.0,1
1388.75,1388.75,0.0,0.0,90250,33.914775,-118.348083,1.0,29.9,407.0,0,48,0.0,0.0,2.0,1.0,2,0.0,0.0,19.0,0
3744.05,5152.27,1408.22,38.06,92109,32.787836,-117.232376,0.0,101.1,852.0,0,37,0.0,0.0,0.0,2.0,0,2.0,0.0,19.0,1
723.4,1132.09,408.69,45.41,90069,34.093781,-118.381061,0.0,79.55,1058.0,0,9,0.0,0.0,0.0,2.0,0,0.0,2.0,23.0,1
2404.1,3055.14,651.04,25.04,95563,40.89866,-123.539754,2.0,93.6,843.0,0,26,0.0,0.0,0.0,2.0,0,0.0,2.0,9.0,0
75.3,114.74,39.44,39.44,92386,34.243088,-116.830015,0.0,75.3,960.0,0,1,0.0,0.0,0.0,2.0,0,0.0,0.0,18.0,1
1072.6,1072.6,0.0,0.0,95212,38.049457,-121.21653,1.0,35.6,954.0,0,29,2.0,2.0,0.0,1.0,0,0.0,0.0,8.0,0
3375.9,4102.92,727.02,17.31,96059,40.426679,-121.850421,1.0,80.45,578.0,1,42,2.0,2.0,0.0,0.0,0,0.0,2.0,82.0,0
1325.85,1325.85,0.0,0.0,94030,37.601248,-122.403099,2.0,40.55,611.0,10,34,2.0,0.0,0.0,1.0,1,0.0,0.0,29.0,0
411.15,805.15,394.0,15.76,95673,38.688764,-121.457596,1.0,19.6,819.0,1,25,1.0,1.0,1.0,3.0,2,1.0,1.0,0.0,0
1687.95,2254.77,566.82,31.49,90712,33.840524,-118.148403,0.0,94.7,509.0,1,18,0.0,0.0,0.0,2.0,0,0.0,2.0,20.0,1
1914.9,2746.5,831.6,37.8,95642,38.336216,-120.76901,0.0,94.7,452.0,7,22,0.0,0.0,0.0,2.0,0,2.0,2.0,15.0,1
6586.85,9052.07,2421.6,40.36,91352,34.231053,-118.338307,2.0,110.6,965.0,1,60,2.0,2.0,0.0,2.0,3,2.0,2.0,76.0,0
775.6,1410.28,634.68,15.48,93022,34.404544,-119.302118,0.0,20.45,685.0,0,41,1.0,1.0,1.0,3.0,0,1.0,1.0,0.0,0
3450.15,6259.68,2809.53,49.29,91765,33.992416,-117.807874,2.0,59.75,256.0,1,57,2.0,2.0,2.0,0.0,0,0.0,0.0,22.0,0
19.25,32.06,12.81,12.81,93277,36.303793,-119.375646,0.0,19.25,1038.0,0,1,1.0,1.0,1.0,3.0,7,1.0,1.0,0.0,1
6840.95,7662.45,821.5,13.25,95661,38.736685,-121.251984,1.0,110.8,833.0,5,62,2.0,0.0,2.0,2.0,3,2.0,2.0,57.0,0
118.5,118.5,0.0,0.0,95361,37.785033,-120.776141,0.0,29.65,686.0,0,4,0.0,0.0,0.0,1.0,0,2.0,2.0,48.0,1
1553.2,2482.7,929.5,35.75,92551,33.88274,-117.224878,1.0,56.05,634.0,0,26,0.0,0.0,2.0,0.0,0,2.0,0.0,71.0,0
3545.35,4434.83,889.48,24.04,91732,34.074492,-118.01462,0.0,101.9,289.0,0,37,0.0,0.0,2.0,2.0,0,2.0,2.0,59.0,1
1271.8,2208.56,936.76,42.58,95020,37.03889,-121.528955,0.0,57.95,363.0,9,22,2.0,2.0,2.0,1.0,3,0.0,2.0,82.0,0
1574.45,2287.6,713.15,41.95,95628,38.652065,-121.25441,0.0,91.85,311.0,1,17,2.0,2.0,0.0,2.0,0,0.0,0.0,51.0,1
20.45,50.54,30.09,30.09,92371,34.441123,-117.537886,0.0,20.45,747.0,0,1,1.0,1.0,1.0,3.0,0,1.0,1.0,0.0,0
49.65,142.83,93.18,31.06,95926,39.745712,-121.84333,0.0,20.0,183.0,3,3,1.0,1.0,1.0,3.0,0,1.0,1.0,0.0,0
3088.25,3709.85,621.6,14.8,94521,37.971421,-121.971504,1.0,73.15,212.0,1,42,2.0,0.0,0.0,1.0,2,2.0,2.0,23.0,0
223.45,223.45,0.0,0.0,91789,34.018354,-117.85492,0.0,40.0,1042.0,0,5,2.0,2.0,0.0,0.0,0,2.0,2.0,59.0,1
80.8,122.57,41.77,41.77,92121,32.898613,-117.202937,0.0,80.8,852.0,0,1,0.0,0.0,0.0,2.0,0,0.0,2.0,15.0,1
3314.15,3373.35,59.2,1.6,93313,35.140938,-119.051348,0.0,95.25,56.0,0,37,0.0,0.0,0.0,2.0,2,0.0,2.0,11.0,0
2227.1,2698.9,471.8,16.85,92338,34.702766,-116.093376,0.0,81.05,564.0,1,28,0.0,0.0,0.0,2.0,0,0.0,2.0,13.0,1
3217.55,3315.47,97.92,2.88,95653,38.674276,-121.961866,0.0,94.25,571.0,1,34,0.0,0.0,2.0,2.0,0,2.0,0.0,4.0,1
1139.2,1398.92,298.2,21.3,94706,37.890274,-122.295192,0.0,85.15,9.0,1,14,0.0,0.0,0.0,2.0,0,0.0,2.0,42.0,1
69.5,190.7,41.2,41.2,93933,36.689582,-121.758398,0.0,69.5,580.0,0,1,0.0,0.0,0.0,2.0,0,0.0,0.0,15.0,1
1539.45,1865.68,326.23,19.19,96125,39.600599,-120.636358,0.0,89.4,917.0,1,17,0.0,2.0,0.0,2.0,0,2.0,0.0,22.0,1
5986.55,8711.03,2724.48,37.84,92584,33.653338,-117.178271,2.0,84.2,599.0,10,72,2.0,2.0,0.0,0.0,3,2.0,2.0,53.0,0
2045.55,3110.51,1064.96,33.28,95051,37.348129,-121.98469,0.0,62.45,883.0,9,32,0.0,0.0,2.0,1.0,1,2.0,2.0,51.0,0
4275.75,5939.11,1543.36,27.56,92882,33.819385,-117.600213,0.0,76.85,217.0,7,56,2.0,0.0,0.0,2.0,0,0.0,0.0,29.0,0
899.8,1509.7,609.9,40.66,90059,33.927254,-118.249826,0.0,55.7,552.0,0,15,0.0,2.0,0.0,1.0,0,0.0,0.0,8.0,1
219.65,323.81,104.16,26.04,92314,34.278967,-116.773825,0.0,49.35,80.0,0,4,0.0,2.0,0.0,1.0,1,0.0,0.0,27.0,1
144.55,232.61,78.06,39.03,92126,32.886925,-117.152162,0.0,80.25,852.0,0,2,0.0,0.0,0.0,2.0,0,0.0,0.0,30.0,1
1319.85,1976.73,656.88,27.37,96133,38.636052,-119.489162,0.0,55.15,998.0,7,24,2.0,2.0,0.0,1.0,3,0.0,0.0,85.0,0
5600.15,7285.75,1685.6,24.08,93522,36.319181,-117.593053,2.0,80.15,242.0,10,70,0.0,2.0,2.0,1.0,0,2.0,2.0,46.0,0
3886.05,6339.27,2453.22,45.43,96116,41.266008,-120.490731,1.0,72.1,526.0,0,54,2.0,0.0,2.0,0.0,0,0.0,0.0,2.0,0
58.9,58.9,0.0,0.0,96071,40.656287,-121.428965,0.0,25.25,696.0,0,3,0.0,0.0,0.0,1.0,0,0.0,0.0,27.0,1
1902.0,2090.75,188.75,7.55,90037,34.002642,-118.287596,0.0,79.0,552.0,0,25,2.0,2.0,2.0,1.0,0,0.0,2.0,71.0,0
1498.2,2219.51,770.88,35.04,96009,41.083464,-121.107929,1.0,69.5,78.0,1,22,0.0,0.0,2.0,1.0,0,0.0,2.0,76.0,1
231.8,322.55,90.75,30.25,94402,37.556634,-122.317723,0.0,76.05,871.0,0,3,0.0,0.0,0.0,2.0,0,0.0,0.0,28.0,1
3398.9,5197.59,1798.69,41.83,93531,35.214982,-118.59049,0.0,80.45,465.0,7,43,0.0,0.0,2.0,2.0,0,0.0,0.0,15.0,0
1411.65,2109.87,698.22,38.79,92356,34.508417,-116.856103,0.0,80.55,563.0,0,18,0.0,0.0,2.0,2.0,0,0.0,0.0,14.0,0
1066.15,2697.31,1631.16,35.46,92260,33.694501,-116.412711,1.0,24.45,720.0,9,46,1.0,1.0,1.0,3.0,0,1.0,1.0,0.0,0
69.95,81.4,11.45,11.45,93243,34.845861,-118.885163,0.0,69.95,519.0,10,1,0.0,0.0,0.0,2.0,1,0.0,0.0,14.0,0
573.75,861.15,287.4,47.9,92121,32.898613,-117.202937,0.0,95.75,852.0,0,6,0.0,0.0,0.0,2.0,0,2.0,0.0,6.0,1
989.45,1525.31,535.86,41.22,94515,38.629618,-122.593216,1.0,75.3,135.0,1,13,0.0,0.0,0.0,0.0,0,2.0,2.0,82.0,1
2145.0,2285.0,0.0,0.0,92397,34.358321,-117.618263,0.0,45.3,1093.0,3,48,0.0,2.0,0.0,0.0,0,2.0,2.0,58.0,1
2317.1,2544.36,227.26,10.33,94618,37.84551,-122.235181,0.0,101.35,688.0,0,22,0.0,2.0,0.0,2.0,0,0.0,2.0,19.0,1
1752.65,2517.65,765.0,30.6,90062,34.003553,-118.308933,1.0,69.5,552.0,9,25,2.0,2.0,0.0,1.0,0,0.0,0.0,2.0,0
95.45,101.04,5.59,5.59,91744,34.031441,-117.936436,0.0,95.45,491.0,0,1,0.0,0.0,0.0,2.0,0,0.0,2.0,2.0,1
5127.95,6818.54,1690.59,35.97,92882,33.819385,-117.600213,0.0,106.4,217.0,0,47,0.0,0.0,2.0,2.0,0,2.0,2.0,25.0,1
1294.6,1694.22,379.62,21.09,92027,33.141265,-116.967221,0.0,74.7,305.0,0,18,0.0,0.0,2.0,2.0,0,0.0,0.0,18.0,0
4820.15,7450.7,2630.55,40.47,95567,41.950683,-124.097094,2.0,74.8,924.0,1,65,2.0,2.0,0.0,1.0,0,0.0,2.0,30.0,1
445.95,668.83,222.88,31.84,92688,33.624654,-117.611733,0.0,64.3,799.0,0,7,2.0,0.0,0.0,0.0,0,2.0,0.0,58.0,0
6511.8,8278.2,1706.4,23.7,93624,36.397745,-120.119911,2.0,90.8,326.0,1,72,0.0,0.0,0.0,2.0,1,2.0,2.0,59.0,0
6004.85,7966.41,1961.56,33.82,95678,38.759751,-121.288545,1.0,105.05,833.0,2,58,2.0,0.0,0.0,2.0,2,2.0,2.0,10.0,0
5301.1,7630.18,2329.08,44.79,94558,38.489789,-122.27011,1.0,101.25,651.0,1,52,0.0,0.0,0.0,2.0,1,2.0,2.0,52.0,0
292.8,440.52,147.72,36.93,93675,36.719141,-119.202677,0.0,78.85,946.0,0,4,0.0,0.0,0.0,2.0,0,0.0,0.0,18.0,1
1096.25,1587.23,490.98,35.07,90304,33.936827,-118.359824,0.0,74.3,446.0,0,14,0.0,0.0,0.0,2.0,0,0.0,0.0,10.0,1
2638.1,2718.2,80.1,2.67,91325,34.236683,-118.517588,1.0,94.4,677.0,0,30,2.0,0.0,0.0,2.0,0,0.0,2.0,27.0,0
7953.25,9881.61,1928.36,27.16,96027,41.405193,-123.008567,1.0,113.15,308.0,8,71,2.0,0.0,2.0,2.0,0,2.0,2.0,3.0,0
4400.75,5765.92,1405.32,33.46,94901,37.972662,-122.491452,0.0,105.2,876.0,0,42,0.0,2.0,0.0,2.0,0,2.0,2.0,52.0,1
78.65,124.74,46.09,46.09,93110,34.437945,-119.77191,0.0,78.65,882.0,0,1,0.0,0.0,0.0,2.0,0,0.0,2.0,10.0,1
3687.85,3775.63,87.78,1.54,93265,36.245926,-118.693138,0.0,65.2,945.0,3,57,2.0,2.0,2.0,1.0,1,0.0,0.0,15.0,0
45.6,57.33,11.73,11.73,92109,32.787836,-117.232376,0.0,45.6,852.0,0,1,0.0,0.0,0.0,1.0,0,0.0,0.0,24.0,1
4858.7,6769.65,1914.5,38.29,92691,33.611945,-117.665867,1.0,98.25,619.0,10,50,0.0,0.0,2.0,2.0,0,0.0,2.0,16.0,0
1096.65,1645.24,548.59,32.27,96084,40.923558,-122.059933,1.0,62.1,835.0,10,17,2.0,2.0,0.0,0.0,3,0.0,0.0,28.0,0
1431.65,3275.73,1844.08,32.93,90031,34.085807,-118.206617,1.0,24.45,552.0,7,56,1.0,1.0,1.0,3.0,0,1.0,1.0,0.0,0
4414.3,5163.79,749.49,17.43,91948,32.830852,-116.444601,0.0,103.0,642.0,1,43,0.0,0.0,2.0,2.0,0,2.0,0.0,26.0,1
2460.15,4539.35,2079.2,45.2,93108,34.457541,-119.631072,2.0,54.35,882.0,0,46,2.0,0.0,0.0,1.0,0,2.0,0.0,17.0,1
19.65,36.9,17.25,17.25,92411,34.122501,-117.320138,0.0,19.65,848.0,0,1,1.0,1.0,1.0,3.0,0,1.0,1.0,0.0,1
74.7,86.04,11.34,11.34,95949,39.099204,-121.137962,0.0,74.7,378.0,0,1,0.0,0.0,0.0,2.0,0,0.0,0.0,20.0,1
3540.65,4492.65,952.0,28.0,95439,38.493888,-122.777141,0.0,105.35,352.0,0,34,2.0,0.0,2.0,2.0,0,0.0,2.0,18.0,0
56.25,82.39,26.14,26.14,96069,40.689243,-122.037023,0.0,56.25,684.0,0,1,0.0,0.0,0.0,1.0,0,0.0,2.0,22.0,1
4042.3,5811.56,1719.26,36.58,90808,33.823943,-118.111335,0.0,85.5,546.0,0,47,0.0,2.0,0.0,2.0,0,0.0,2.0,20.0,1
439.75,1419.19,979.44,40.81,95959,39.333737,-120.858667,1.0,20.25,655.0,5,24,1.0,1.0,1.0,3.0,2,1.0,1.0,0.0,0
3112.05,3241.85,129.8,2.36,95453,39.080469,-122.955176,2.0,56.8,506.0,5,55,2.0,2.0,2.0,1.0,0,0.0,0.0,69.0,0
3862.55,5630.03,1767.48,40.17,91754,34.050322,-118.147037,0.0,84.8,629.0,0,44,0.0,0.0,2.0,2.0,0,2.0,0.0,6.0,1
5810.9,9054.5,3243.6,45.05,92315,34.242058,-116.89802,2.0,79.55,81.0,3,72,2.0,2.0,2.0,0.0,0,2.0,2.0,9.0,0
7138.65,9290.8,2152.15,33.11,94607,37.80707,-122.297401,1.0,110.0,688.0,0,65,2.0,2.0,0.0,2.0,0,2.0,2.0,10.0,0
90.05,90.05,0.0,0.0,93452,35.746484,-121.223355,0.0,29.65,878.0,0,3,0.0,0.0,2.0,1.0,3,0.0,0.0,53.0,0
2661.1,4248.3,1587.2,49.6,91030,34.110444,-118.156957,0.0,85.3,941.0,1,32,0.0,0.0,0.0,2.0,0,0.0,2.0,10.0,1
2043.45,2251.2,207.75,8.31,93705,36.78724,-119.827813,0.0,84.8,349.0,0,25,0.0,0.0,0.0,2.0,0,0.0,2.0,22.0,1
2157.95,3053.6,895.65,42.65,93501,35.097323,-118.171288,0.0,104.4,621.0,1,21,0.0,0.0,2.0,2.0,0,2.0,2.0,3.0,1
1253.65,2132.19,878.54,14.17,94904,37.946617,-122.563571,2.0,19.85,381.0,0,62,1.0,1.0,1.0,3.0,0,1.0,1.0,0.0,0
1430.25,1937.93,507.68,31.73,93660,36.600193,-120.153393,0.0,89.45,860.0,1,16,0.0,0.0,2.0,2.0,0,2.0,0.0,25.0,1
85.0,127.5,42.5,42.5,90723,33.897122,-118.164432,0.0,85.0,729.0,0,1,0.0,0.0,0.0,2.0,0,2.0,0.0,8.0,1
740.3,976.22,155.92,19.49,95546,41.163637,-123.704841,0.0,94.7,428.0,0,8,0.0,0.0,0.0,2.0,0,2.0,2.0,10.0,1
3973.2,5417.72,1444.52,32.83,95368,37.713152,-121.08739,0.0,88.15,840.0,0,44,0.0,0.0,2.0,2.0,0,2.0,0.0,24.0,0
4764.0,7840.34,3098.24,48.41,95979,39.288127,-122.415841,0.0,73.55,955.0,0,64,0.0,2.0,0.0,2.0,0,0.0,0.0,22.0,0
1742.95,1946.35,203.4,11.3,95428,39.83307,-123.178765,0.0,99.4,226.0,1,18,0.0,2.0,0.0,2.0,0,0.0,2.0,16.0,1
558.8,1557.56,998.76,34.44,95536,40.4785,-124.301372,2.0,20.2,321.0,5,29,1.0,1.0,1.0,3.0,1,1.0,1.0,0.0,0
1617.5,1988.44,370.94,21.82,95330,37.80821,-121.308401,0.0,94.4,514.0,0,17,0.0,2.0,2.0,2.0,0,0.0,0.0,23.0,1
20.15,23.24,3.09,3.09,90004,34.076259,-118.310715,0.0,20.15,552.0,1,1,1.0,1.0,1.0,3.0,1,1.0,1.0,0.0,1
442.2,452.2,0.0,0.0,94567,38.672708,-122.403219,0.0,48.75,777.0,1,9,0.0,0.0,0.0,1.0,0,2.0,2.0,10.0,1
20.1,36.91,16.81,16.81,92028,33.362575,-117.299644,0.0,20.1,315.0,0,1,1.0,1.0,1.0,3.0,0,1.0,1.0,0.0,1
795.15,1282.67,387.52,27.68,94956,38.060264,-122.830646,1.0,70.5,774.0,0,14,2.0,2.0,0.0,1.0,0,0.0,0.0,26.0,0
2368.4,2949.4,581.0,23.24,91730,34.10097,-117.57882,0.0,89.1,795.0,1,25,0.0,0.0,0.0,2.0,0,2.0,2.0,25.0,1
4508.65,5998.18,1531.2,23.2,92070,33.174725,-116.743329,0.0,67.45,893.0,6,66,0.0,2.0,2.0,1.0,1,2.0,0.0,59.0,0
279.5,816.7,537.2,31.6,96093,40.759401,-122.939337,1.0,20.1,1050.0,0,17,1.0,1.0,1.0,3.0,0,1.0,1.0,0.0,0
855.1,1620.7,765.6,15.95,93516,34.95703,-117.73045,2.0,19.25,102.0,5,48,1.0,1.0,1.0,3.0,0,1.0,1.0,0.0,0
5969.3,6223.24,275.11,4.51,90255,33.97803,-118.217141,1.0,99.0,435.0,10,61,0.0,0.0,2.0,2.0,2,0.0,2.0,22.0,0
75.9,120.46,44.56,44.56,92592,33.507255,-117.029473,0.0,75.9,984.0,0,1,2.0,0.0,0.0,2.0,0,0.0,0.0,27.0,1
7365.3,7639.36,274.06,3.86,92028,33.362575,-117.299644,2.0,104.15,315.0,1,71,2.0,0.0,2.0,2.0,0,0.0,2.0,85.0,0
4191.45,4957.17,765.72,14.18,95975,39.225634,-121.156163,2.0,74.55,834.0,8,54,0.0,2.0,2.0,1.0,0,0.0,2.0,25.0,0
1165.9,1377.5,211.6,4.6,95641,38.154823,-121.601358,1.0,24.95,450.0,0,46,1.0,1.0,1.0,3.0,0,1.0,1.0,0.0,0
8100.25,8448.86,348.61,4.91,95430,38.445603,-123.063756,2.0,114.6,273.0,5,71,2.0,2.0,2.0,2.0,3,2.0,2.0,29.0,0
5594.0,5894.64,290.64,5.19,92278,34.457829,-116.139589,2.0,101.05,1016.0,0,56,0.0,0.0,0.0,2.0,0,2.0,0.0,16.0,0
890.35,2162.25,1271.9,27.65,95307,37.553469,-120.952825,2.0,20.25,178.0,7,46,1.0,1.0,1.0,3.0,1,1.0,1.0,0.0,0
7030.65,9622.15,2591.5,36.5,93244,36.462671,-118.997291,2.0,100.5,522.0,5,71,0.0,2.0,2.0,2.0,2,2.0,0.0,19.0,0
763.1,2158.46,1395.36,36.72,95032,37.233034,-121.947427,1.0,19.6,554.0,1,38,1.0,1.0,1.0,3.0,2,1.0,1.0,0.0,0
4016.85,4607.62,635.4,14.12,95685,38.432145,-120.77069,0.0,89.3,973.0,0,45,0.0,0.0,2.0,2.0,0,0.0,0.0,24.0,1
382.2,1273.49,891.29,46.91,92646,33.666301,-117.969501,0.0,20.2,434.0,6,19,1.0,1.0,1.0,3.0,2,1.0,1.0,0.0,0
4793.8,5436.68,642.88,11.48,94565,38.006047,-121.916834,1.0,85.85,762.0,4,56,2.0,0.0,2.0,2.0,1,2.0,0.0,10.0,0
452.2,634.48,182.28,8.68,95111,37.284265,-121.827673,0.0,20.75,861.0,0,21,1.0,1.0,1.0,3.0,2,1.0,1.0,0.0,0
927.35,1311.43,304.08,25.34,90292,33.977468,-118.445475,0.0,78.95,581.0,0,12,0.0,2.0,0.0,2.0,3,0.0,0.0,56.0,1
1346.3,1547.76,201.46,14.39,93554,35.405722,-117.773354,2.0,95.8,800.0,5,14,0.0,0.0,0.0,2.0,1,0.0,0.0,30.0,0
92.45,119.91,27.46,13.73,93221,36.301689,-119.018233,0.0,47.8,310.0,0,2,0.0,2.0,0.0,1.0,0,0.0,0.0,11.0,1
125.95,190.07,64.12,32.06,95623,38.63153,-120.842609,0.0,61.2,287.0,0,2,0.0,2.0,0.0,0.0,2,0.0,2.0,52.0,0
2537.0,3499.0,962.0,37.0,92239,33.889605,-115.257009,0.0,98.65,254.0,0,26,2.0,0.0,0.0,2.0,0,2.0,2.0,76.0,0
4690.65,6539.35,1778.7,36.3,96120,38.735789,-119.85798,2.0,94.8,583.0,8,49,0.0,0.0,2.0,2.0,0,0.0,2.0,9.0,0
4494.65,5069.91,575.26,11.74,95485,39.220368,-122.907693,0.0,90.4,1021.0,10,49,0.0,0.0,2.0,2.0,3,2.0,0.0,20.0,0
2236.2,2264.72,0.0,0.0,93109,34.406256,-119.726936,1.0,54.55,882.0,0,40,2.0,2.0,0.0,1.0,0,0.0,2.0,28.0,0
609.9,993.18,383.28,47.91,92109,32.787836,-117.232376,0.0,74.5,852.0,1,8,0.0,2.0,0.0,2.0,0,0.0,0.0,23.0,1
7432.05,8085.45,653.4,9.9,96148,39.24124,-120.054765,1.0,110.9,977.0,0,66,2.0,0.0,2.0,2.0,0,2.0,0.0,25.0,1
690.25,1819.51,1129.26,34.22,92121,32.898613,-117.202937,1.0,20.6,852.0,2,33,1.0,1.0,1.0,3.0,0,1.0,1.0,0.0,0
2510.7,2951.69,485.16,18.66,95250,38.244806,-120.417301,2.0,98.1,911.0,8,26,0.0,0.0,0.0,2.0,0,2.0,0.0,11.0,0
19.75,29.97,10.22,10.22,93906,36.722898,-121.633648,0.0,19.75,841.0,0,1,1.0,1.0,1.0,3.0,0,1.0,1.0,0.0,0
2030.3,2907.77,887.67,42.27,92239,33.889605,-115.257009,0.0,70.5,254.0,0,21,0.0,0.0,0.0,2.0,0,2.0,0.0,7.0,1
221.9,221.9,0.0,0.0,96052,40.704293,-122.803899,0.0,29.4,525.0,0,8,0.0,0.0,0.0,1.0,0,2.0,0.0,4.0,1
970.4,1070.4,0.0,0.0,95677,38.7904,-121.236973,1.0,38.1,828.0,10,25,0.0,0.0,0.0,0.0,0,2.0,0.0,24.0,0
4370.25,6841.83,2471.58,45.77,95525,40.94338,-123.831799,0.0,79.5,93.0,0,54,0.0,0.0,2.0,2.0,0,0.0,0.0,10.0,1
2651.2,2610.25,0.0,0.0,91024,34.168686,-118.057505,0.0,45.3,918.0,6,58,0.0,0.0,2.0,1.0,0,2.0,0.0,24.0,1
20.2,68.45,48.25,48.25,91203,34.153338,-118.262974,0.0,20.2,366.0,0,1,1.0,1.0,1.0,3.0,0,1.0,1.0,0.0,1
2642.05,2784.16,191.68,5.99,90813,33.781086,-118.199049,0.0,85.0,546.0,1,32,0.0,0.0,0.0,2.0,0,0.0,2.0,23.0,1
45.8,77.91,22.11,22.11,92121,32.898613,-117.202937,0.0,70.5,852.0,0,1,0.0,0.0,0.0,1.0,0,0.0,0.0,18.0,1
80.55,124.22,43.67,43.67,95403,38.488431,-122.752839,0.0,80.55,891.0,1,1,0.0,0.0,0.0,2.0,0,0.0,2.0,73.0,1
93.7,93.7,0.0,0.0,95982,39.172777,-121.805845,0.0,36.45,972.0,1,3,0.0,0.0,0.0,1.0,0,0.0,0.0,20.0,1
7459.05,9225.21,1766.16,24.53,90291,33.991782,-118.479229,2.0,100.9,1032.0,0,72,0.0,0.0,2.0,2.0,0,2.0,2.0,12.0,0
80.2,81.43,1.23,1.23,94533,38.287136,-122.02711,0.0,80.2,313.0,0,1,0.0,0.0,2.0,2.0,0,0.0,0.0,69.0,1
265.35,456.63,191.28,47.82,92113,32.697098,-117.116587,0.0,74.35,852.0,0,4,0.0,0.0,0.0,2.0,0,0.0,0.0,13.0,1
25.2,25.2,0.0,0.0,95562,40.485849,-124.163234,0.0,25.2,818.0,0,1,0.0,0.0,0.0,0.0,0,0.0,0.0,5.0,1
1874.3,2845.88,987.84,13.72,92887,33.884073,-117.732197,2.0,24.8,1095.0,1,72,1.0,1.0,1.0,3.0,0,1.0,1.0,0.0,0
4820.15,7450.7,2630.55,40.47,95567,41.950683,-124.097094,2.0,74.8,924.0,1,65,2.0,2.0,0.0,1.0,0,0.0,2.0,30.0,1
530.05,882.76,352.71,39.19,92027,33.141265,-116.967221,0.0,59.5,305.0,0,9,2.0,0.0,0.0,0.0,0,0.0,0.0,20.0,0
620.55,853.84,223.29,24.81,95953,39.258746,-121.77697,0.0,66.25,533.0,0,9,2.0,0.0,2.0,0.0,0,0.0,0.0,69.0,1
2896.4,4524.08,1627.68,33.91,95405,38.439696,-122.668817,1.0,60.35,891.0,0,48,2.0,2.0,0.0,1.0,0,2.0,0.0,13.0,1
45.1,60.34,15.24,15.24,91606,34.187599,-118.387125,0.0,45.1,674.0,0,1,0.0,0.0,0.0,1.0,0,0.0,0.0,14.0,1
5238.9,7937.2,2698.3,49.06,90504,33.867257,-118.330794,0.0,96.75,999.0,0,55,0.0,2.0,2.0,2.0,1,0.0,0.0,27.0,1
1305.95,4158.31,2852.36,46.76,93434,34.936,-120.594655,2.0,20.55,392.0,0,61,1.0,1.0,1.0,3.0,0,1.0,1.0,0.0,0
156.25,247.05,90.8,11.35,91745,33.998471,-117.973758,0.0,20.15,398.0,1,8,1.0,1.0,1.0,3.0,0,1.0,1.0,0.0,1
286.8,486.95,200.15,40.03,93442,35.369553,-120.763864,0.0,51.0,637.0,0,5,2.0,0.0,0.0,1.0,1,0.0,0.0,52.0,0
326.8,848.72,521.92,32.62,90013,34.044639,-118.240413,2.0,18.95,552.0,0,16,1.0,1.0,1.0,3.0,0,1.0,1.0,0.0,0
69.75,97.72,27.97,27.97,92305,34.1678,-116.86433,0.0,70.5,26.0,0,1,0.0,0.0,0.0,2.0,0,0.0,0.0,18.0,1
2830.45,4378.13,1447.68,49.92,92027,33.141265,-116.967221,1.0,100.55,305.0,0,29,2.0,0.0,2.0,2.0,0,2.0,2.0,23.0,0
251.75,381.56,129.81,43.27,95537,40.726949,-124.217378,0.0,79.65,323.0,1,3,2.0,0.0,0.0,2.0,0,0.0,0.0,17.0,1
214.75,214.75,0.0,0.0,94803,37.963995,-122.288296,2.0,45.4,293.0,0,5,2.0,0.0,0.0,1.0,0,2.0,0.0,4.0,0
1706.45,2776.13,1069.68,44.57,91505,34.174215,-118.345928,0.0,70.3,119.0,6,24,2.0,2.0,2.0,0.0,2,0.0,2.0,26.0,0
6126.15,8616.95,2490.8,38.32,91706,34.098275,-117.967399,1.0,94.4,57.0,2,65,0.0,2.0,2.0,2.0,0,2.0,2.0,25.0,0
738.2,1055.4,317.2,31.72,94526,37.815459,-121.977203,0.0,70.3,241.0,1,10,0.0,0.0,0.0,2.0,0,0.0,0.0,23.0,1
5237.4,6526.52,1239.12,17.21,92126,32.886925,-117.152162,2.0,74.35,852.0,8,72,2.0,2.0,2.0,0.0,3,2.0,2.0,53.0,0
3557.7,4068.2,510.5,10.21,94708,37.897743,-122.263124,0.0,69.75,74.0,8,50,0.0,0.0,0.0,2.0,3,0.0,0.0,23.0,0
1971.5,2031.5,0.0,0.0,94306,37.416159,-122.131337,1.0,36.1,723.0,1,56,0.0,0.0,2.0,1.0,1,2.0,0.0,28.0,0
2649.15,3823.36,1174.21,40.49,95246,38.264262,-120.515133,0.0,94.65,645.0,1,29,0.0,2.0,0.0,2.0,0,0.0,2.0,15.0,1
661.25,956.28,285.03,31.67,95372,37.990574,-120.261821,0.0,79.35,936.0,1,9,0.0,0.0,0.0,0.0,0,2.0,0.0,59.0,1
3473.4,5300.09,1826.69,49.37,91011,34.234912,-118.153729,0.0,92.5,482.0,3,37,0.0,0.0,0.0,2.0,0,0.0,2.0,4.0,1
3921.3,5693.76,1772.46,41.22,90502,33.833181,-118.292062,1.0,94.35,999.0,0,43,0.0,0.0,0.0,2.0,0,0.0,2.0,7.0,0
6669.05,8935.65,2266.6,32.38,90041,34.137412,-118.207607,0.0,97.55,552.0,8,70,0.0,2.0,2.0,2.0,3,0.0,0.0,53.0,0
24.75,24.75,0.0,0.0,95123,37.238758,-121.828375,0.0,24.75,861.0,0,1,0.0,0.0,0.0,1.0,3,0.0,0.0,57.0,1
2254.2,2279.61,25.41,1.21,90071,34.052917,-118.255178,0.0,103.9,552.0,1,21,0.0,2.0,0.0,2.0,0,2.0,2.0,16.0,1
49.55,73.79,24.24,24.24,92029,33.079834,-117.134275,0.0,49.55,305.0,1,1,0.0,2.0,0.0,0.0,0,0.0,0.0,9.0,1
2862.55,3382.01,519.46,13.67,95726,38.733908,-120.453416,1.0,78.95,775.0,2,38,0.0,0.0,2.0,0.0,3,2.0,2.0,30.0,0
1210.4,1555.76,345.36,14.39,92117,32.825086,-117.199424,0.0,49.55,852.0,0,24,0.0,2.0,0.0,1.0,0,0.0,0.0,28.0,1
164.85,502.39,337.54,48.22,90810,33.819814,-118.222416,0.0,20.05,546.0,0,7,1.0,1.0,1.0,3.0,0,1.0,1.0,0.0,1
378.6,498.0,119.4,7.96,95255,38.41935,-120.469545,0.0,26.35,1059.0,0,15,1.0,1.0,1.0,3.0,0,1.0,1.0,0.0,0
3645.05,4412.57,767.52,18.72,96130,40.559177,-120.612113,0.0,88.5,971.0,0,41,0.0,0.0,2.0,2.0,2,0.0,0.0,10.0,0
6143.15,7373.82,1127.46,16.34,95587,39.955587,-123.681175,0.0,89.95,751.0,1,69,0.0,0.0,2.0,2.0,0,0.0,0.0,4.0,1
20.4,38.21,17.81,17.81,92505,33.920907,-117.489426,0.0,20.4,827.0,0,1,1.0,1.0,1.0,3.0,0,1.0,1.0,0.0,0
2510.2,3576.43,1066.23,39.49,93648,36.622237,-119.521126,0.0,95.55,731.0,1,27,0.0,0.0,2.0,2.0,0,2.0,2.0,7.0,1
2347.9,2519.91,191.68,5.99,94923,38.377165,-123.037957,0.0,69.75,96.0,1,32,0.0,0.0,0.0,2.0,0,0.0,0.0,5.0,1
1101.85,1330.89,229.04,16.36,94514,37.83323,-121.601461,0.0,78.95,126.0,0,14,0.0,0.0,2.0,2.0,0,0.0,0.0,6.0,1
2104.55,3162.71,1018.16,46.28,93932,35.989792,-121.055933,0.0,94.65,538.0,0,22,0.0,0.0,0.0,2.0,0,0.0,2.0,16.0,1
3692.85,3867.57,174.72,4.48,93656,36.452211,-119.94575,1.0,95.55,826.0,0,39,2.0,2.0,0.0,2.0,0,2.0,2.0,71.0,1
909.25,1338.85,429.6,35.8,95326,37.5923,-120.853288,0.0,78.3,432.0,0,12,0.0,2.0,0.0,2.0,0,0.0,0.0,25.0,1
1082.75,1082.75,0.0,0.0,93449,35.165668,-120.655842,1.0,39.5,761.0,0,29,2.0,2.0,2.0,0.0,0,0.0,0.0,28.0,0
2007.85,2007.85,0.0,0.0,91702,34.174493,-117.87068,0.0,43.95,53.0,1,46,0.0,0.0,0.0,1.0,0,0.0,2.0,8.0,0
4374.55,4996.55,612.0,10.2,94931,38.326215,-122.718742,1.0,71.75,222.0,0,60,0.0,2.0,2.0,1.0,0,0.0,2.0,29.0,0
2135.5,2235.41,89.91,3.33,90660,33.989524,-118.089299,0.0,78.05,750.0,0,27,0.0,0.0,0.0,2.0,1,2.0,0.0,18.0,1
7493.05,10798.1,3205.05,46.45,91945,32.733564,-117.033713,1.0,108.75,523.0,5,69,2.0,0.0,2.0,2.0,1,2.0,2.0,26.0,0
1301.0,1428.82,127.82,9.13,91733,34.04622,-118.053753,0.0,91.65,938.0,1,14,2.0,0.0,0.0,2.0,1,0.0,0.0,12.0,1
1021.8,3027.85,2006.05,37.85,95934,40.080342,-120.957805,1.0,20.8,228.0,1,53,1.0,1.0,1.0,3.0,0,1.0,1.0,0.0,1
2239.65,2815.45,575.8,28.79,95497,38.696659,-123.436861,0.0,105.85,989.0,3,20,0.0,0.0,2.0,2.0,0,2.0,2.0,16.0,1
6125.4,7529.08,1403.68,22.64,93624,36.397745,-120.119911,1.0,96.75,326.0,0,62,0.0,0.0,0.0,2.0,0,2.0,2.0,9.0,1
33.2,97.26,64.06,32.03,95547,40.557314,-124.081662,0.0,20.35,438.0,0,2,1.0,1.0,1.0,3.0,0,1.0,1.0,0.0,1
1462.05,2575.05,1113.0,15.9,92083,33.17494,-117.242761,2.0,19.55,1039.0,2,70,1.0,1.0,1.0,3.0,0,1.0,1.0,0.0,0
2948.6,3199.71,191.11,6.59,95682,38.598936,-120.963092,1.0,101.45,914.0,0,29,0.0,0.0,2.0,2.0,0,2.0,0.0,21.0,0
2647.2,2767.56,120.36,3.54,92647,33.723579,-118.005441,1.0,78.95,434.0,1,34,0.0,0.0,0.0,2.0,1,0.0,2.0,12.0,0
242.8,220.38,23.02,11.51,91042,34.296574,-118.244839,0.0,104.4,1007.0,1,2,2.0,0.0,0.0,2.0,3,2.0,2.0,53.0,1
824.75,884.15,59.4,5.4,95450,38.505995,-123.187019,0.0,74.55,457.0,0,11,0.0,0.0,2.0,2.0,0,0.0,0.0,41.0,1
1006.9,2080.39,1118.0,27.95,95826,38.542532,-121.378826,2.0,25.25,838.0,9,40,1.0,1.0,1.0,3.0,1,1.0,1.0,0.0,0
19.45,48.18,28.73,28.73,95554,40.267158,-123.805913,0.0,19.45,650.0,1,1,1.0,1.0,1.0,3.0,2,1.0,1.0,0.0,1
5265.55,8026.15,2700.6,38.58,96112,41.932207,-120.135941,2.0,72.95,338.0,4,70,2.0,0.0,2.0,1.0,0,2.0,0.0,25.0,0
169.65,273.25,103.6,25.9,91364,34.153733,-118.593408,0.0,44.8,1091.0,1,4,0.0,0.0,0.0,1.0,2,0.0,0.0,19.0,0
45.3,45.3,0.0,0.0,95076,36.931654,-121.752383,0.0,45.3,1049.0,0,1,0.0,0.0,0.0,1.0,0,0.0,2.0,18.0,1
624.6,943.96,319.36,39.92,91377,34.19225,-118.776874,0.0,80.0,683.0,0,8,0.0,0.0,0.0,2.0,0,0.0,0.0,73.0,0
613.95,1746.43,1132.48,35.39,94971,38.240769,-122.901041,2.0,18.95,996.0,2,32,1.0,1.0,1.0,3.0,1,1.0,1.0,0.0,0
305.1,305.1,0.0,0.0,90011,34.00709,-118.258681,0.0,47.95,552.0,0,6,0.0,0.0,0.0,1.0,0,2.0,2.0,71.0,1
890.6,1047.83,157.23,17.47,93206,35.451402,-119.488413,0.0,94.85,125.0,1,9,2.0,0.0,2.0,2.0,0,2.0,0.0,6.0,1
4414.3,5163.79,749.49,17.43,91948,32.830852,-116.444601,0.0,103.0,642.0,1,43,0.0,0.0,2.0,2.0,0,2.0,0.0,26.0,1
2535.55,4559.91,2024.36,38.93,96109,40.012675,-120.101857,0.0,49.75,268.0,0,52,0.0,2.0,0.0,1.0,0,0.0,0.0,8.0,0
69.7,91.22,21.52,21.52,91763,34.072121,-117.698319,0.0,69.7,625.0,0,1,0.0,0.0,0.0,2.0,0,0.0,0.0,25.0,1
3266.0,4835.75,1569.75,40.25,92648,33.679659,-118.016195,0.0,86.3,434.0,5,39,0.0,0.0,2.0,2.0,0,0.0,0.0,19.0,1
161.95,410.11,248.16,31.02,92054,33.351059,-117.420557,1.0,19.2,692.0,0,8,1.0,1.0,1.0,3.0,0,1.0,1.0,0.0,0
947.3,1457.9,510.6,42.55,90717,33.794209,-118.317354,0.0,78.1,543.0,0,12,0.0,0.0,0.0,2.0,0,0.0,2.0,18.0,1
7076.35,8514.49,1438.14,21.79,90067,34.057496,-118.413959,1.0,108.45,552.0,3,66,2.0,0.0,2.0,2.0,0,2.0,0.0,9.0,0
692.35,692.35,0.0,0.0,93283,35.55647,-118.244914,2.0,39.7,1053.0,0,14,2.0,2.0,0.0,1.0,0,2.0,0.0,24.0,0
1178.25,1596.17,417.92,26.12,95127,37.375156,-121.795867,0.0,74.3,861.0,1,16,0.0,0.0,2.0,2.0,0,0.0,0.0,8.0,1
1148.1,1684.62,536.52,44.71,90260,33.88856,-118.351813,0.0,96.05,516.0,0,12,0.0,0.0,0.0,0.0,0,0.0,2.0,25.0,1
44.4,70.93,26.53,26.53,95030,37.222842,-121.988727,0.0,44.4,554.0,0,1,0.0,0.0,0.0,1.0,0,0.0,0.0,30.0,1
4872.45,7302.51,2300.06,46.94,91768,34.067932,-117.785168,0.0,99.8,776.0,1,49,0.0,0.0,0.0,2.0,0,2.0,2.0,73.0,1
4348.1,7006.78,2608.13,49.21,92867,33.81859,-117.821288,0.0,80.6,701.0,0,53,2.0,0.0,2.0,2.0,0,0.0,0.0,29.0,0
179.25,222.39,43.14,21.57,92606,33.703976,-117.824172,0.0,88.55,449.0,0,2,0.0,0.0,0.0,2.0,0,2.0,2.0,28.0,1
973.45,1374.89,401.44,30.88,92868,33.787796,-117.875928,0.0,79.8,701.0,0,13,0.0,0.0,2.0,2.0,0,2.0,0.0,3.0,1
1219.85,1629.35,409.5,27.3,93505,35.151491,-117.927597,0.0,85.3,131.0,0,15,0.0,0.0,0.0,2.0,0,2.0,0.0,18.0,0
70.45,85.73,15.28,15.28,90720,33.79499,-118.065591,0.0,70.45,549.0,1,1,0.0,0.0,0.0,2.0,2,0.0,0.0,30.0,1
369.15,615.31,246.16,30.77,93449,35.165668,-120.655842,0.0,44.65,761.0,1,8,0.0,0.0,0.0,1.0,3,0.0,0.0,75.0,0
6713.2,8275.19,1431.99,22.73,94611,37.828416,-122.216005,0.0,105.4,688.0,0,63,2.0,0.0,2.0,2.0,0,0.0,2.0,73.0,0
7711.45,10881.61,3170.16,44.03,95329,37.666587,-120.411517,2.0,109.2,484.0,4,72,2.0,0.0,2.0,2.0,1,2.0,2.0,14.0,0
273.75,351.06,77.31,25.77,94707,37.897753,-122.279391,0.0,88.3,74.0,1,3,2.0,2.0,0.0,2.0,0,0.0,0.0,2.0,1
88.8,148.4,49.6,49.6,96084,40.923558,-122.059933,0.0,88.8,835.0,0,1,0.0,0.0,0.0,2.0,0,2.0,0.0,20.0,1
6565.85,7178.57,612.72,8.51,93292,36.37559,-119.211689,2.0,90.45,1038.0,7,72,2.0,0.0,2.0,2.0,3,2.0,0.0,24.0,0
2692.75,2692.75,0.0,0.0,96105,39.872961,-120.198876,2.0,39.15,184.0,1,70,2.0,2.0,0.0,1.0,0,2.0,0.0,18.0,0
2337.45,2337.45,0.0,0.0,93940,36.362741,-121.869685,2.0,39.0,628.0,6,62,2.0,0.0,0.0,0.0,0,0.0,0.0,4.0,0
389.25,581.31,192.06,10.67,90017,34.052842,-118.264495,0.0,19.55,552.0,0,18,1.0,1.0,1.0,3.0,0,1.0,1.0,0.0,0
727.8,1665.75,937.95,25.35,95020,37.03889,-121.528955,1.0,19.6,363.0,1,37,1.0,1.0,1.0,3.0,0,1.0,1.0,0.0,0
6860.6,8995.92,2179.32,33.02,91325,34.236683,-118.517588,1.0,70.5,677.0,0,66,2.0,0.0,2.0,2.0,0,0.0,2.0,6.0,0
169.8,197.94,28.14,14.07,95006,37.171727,-122.142961,0.0,85.7,104.0,0,2,0.0,0.0,0.0,2.0,0,0.0,2.0,6.0,1
212.4,189.72,4.92,1.64,92806,33.83796,-117.870494,0.0,74.95,23.0,0,3,0.0,0.0,0.0,2.0,0,0.0,0.0,8.0,0
3838.2,4578.5,730.3,10.9,93308,35.559617,-118.925185,2.0,54.2,56.0,1,67,0.0,2.0,2.0,0.0,2,0.0,0.0,26.0,0
4361.55,7734.13,3332.58,49.74,94536,37.572273,-121.964583,2.0,65.55,346.0,0,67,0.0,2.0,0.0,0.0,0,2.0,2.0,41.0,0
6300.15,8499.2,2199.05,36.05,92555,33.907361,-117.109972,0.0,106.45,634.0,0,61,0.0,2.0,0.0,2.0,0,2.0,2.0,73.0,0
4872.45,7302.51,2300.06,46.94,91768,34.067932,-117.785168,0.0,99.8,776.0,1,49,0.0,0.0,0.0,2.0,0,2.0,2.0,73.0,1
79.65,102.13,22.48,22.48,92109,32.787836,-117.232376,0.0,79.65,852.0,0,1,0.0,0.0,0.0,2.0,0,0.0,0.0,5.0,1
560.6,844.7,284.1,47.35,90712,33.840524,-118.148403,0.0,98.25,509.0,0,6,0.0,0.0,2.0,2.0,0,0.0,2.0,29.0,1
3092.65,3454.45,361.8,6.7,92582,33.806708,-117.02007,0.0,55.0,859.0,0,54,0.0,0.0,2.0,0.0,2,0.0,0.0,16.0,1
6392.85,9002.69,2609.84,38.38,90710,33.798266,-118.300237,2.0,92.2,403.0,4,68,2.0,2.0,2.0,1.0,0,2.0,2.0,20.0,0
29.7,29.7,0.0,0.0,95127,37.375156,-121.795867,0.0,29.7,861.0,0,1,0.0,2.0,0.0,0.0,0,0.0,0.0,69.0,1
1900.25,2792.88,892.63,38.81,96069,40.689243,-122.037023,0.0,83.8,684.0,0,23,2.0,0.0,2.0,2.0,0,2.0,0.0,28.0,1
3861.45,5687.51,1838.25,40.85,94621,37.750553,-122.197175,1.0,86.1,688.0,5,45,0.0,0.0,0.0,2.0,0,2.0,0.0,24.0,0
196.75,387.25,190.5,19.05,95938,39.607831,-121.777959,0.0,19.8,277.0,6,10,1.0,1.0,1.0,3.0,1,1.0,1.0,0.0,0
5624.85,6147.93,550.68,10.59,91773,34.102119,-117.815532,0.0,105.05,853.0,6,52,0.0,0.0,2.0,2.0,0,2.0,2.0,48.0,1
4392.5,6789.94,2397.44,37.46,93276,35.316263,-119.402559,1.0,66.15,1011.0,3,64,0.0,2.0,0.0,1.0,0,0.0,0.0,2.0,0
1620.25,1620.25,0.0,0.0,95625,38.349195,-121.902943,0.0,35.05,298.0,9,46,0.0,2.0,2.0,1.0,2,0.0,2.0,52.0,0
1105.4,1408.67,303.27,27.57,90042,34.11572,-118.192754,0.0,97.85,552.0,0,11,0.0,0.0,0.0,0.0,2,2.0,2.0,18.0,1
196.15,274.03,77.88,25.96,95623,38.63153,-120.842609,0.0,55.3,287.0,0,3,0.0,0.0,0.0,1.0,0,0.0,2.0,7.0,1
314.45,1037.38,749.76,46.86,91362,34.191842,-118.822796,0.0,19.6,992.0,1,16,1.0,1.0,1.0,3.0,0,1.0,1.0,0.0,0
5373.1,7181.56,1808.46,33.49,93277,36.303793,-119.375646,1.0,101.5,1038.0,0,54,0.0,0.0,2.0,2.0,0,0.0,2.0,8.0,1
793.55,868.65,75.1,7.51,94970,37.921137,-122.657562,0.0,79.25,952.0,0,10,0.0,0.0,0.0,2.0,0,0.0,0.0,18.0,1
2813.05,4051.5,1238.45,26.35,92128,33.000269,-117.072093,1.0,58.9,852.0,0,47,2.0,2.0,2.0,0.0,0,0.0,0.0,5.0,0
130.25,222.81,92.56,11.57,96101,41.468877,-120.54229,2.0,19.7,19.0,8,8,1.0,1.0,1.0,3.0,1,1.0,1.0,0.0,0
3580.3,3702.4,122.1,3.3,94590,38.104705,-122.247387,0.0,96.55,1025.0,0,37,0.0,0.0,0.0,2.0,0,0.0,0.0,2.0,1
892.65,1437.75,545.1,36.34,91423,34.146957,-118.432138,0.0,59.45,913.0,0,15,0.0,0.0,0.0,1.0,0,2.0,2.0,48.0,1
208.7,208.7,0.0,0.0,90713,33.847755,-118.112532,0.0,30.5,509.0,0,6,0.0,0.0,2.0,1.0,0,0.0,0.0,14.0,1
70.65,108.33,37.68,37.68,92259,32.698964,-115.886656,0.0,70.65,693.0,1,1,0.0,0.0,0.0,2.0,2,0.0,0.0,26.0,1
19.5,51.95,32.45,32.45,90265,34.074572,-118.831181,0.0,70.5,573.0,0,1,1.0,1.0,1.0,3.0,0,1.0,1.0,0.0,1
837.95,1009.55,171.6,15.6,93267,36.141319,-119.129075,0.0,76.5,957.0,0,11,0.0,0.0,0.0,2.0,0,0.0,0.0,4.0,1
70.5,111.89,41.39,41.39,93531,35.214982,-118.59049,0.0,70.5,465.0,0,1,0.0,0.0,0.0,2.0,0,0.0,0.0,3.0,1
3488.15,4778.95,1290.8,32.27,90277,33.830453,-118.384565,1.0,89.6,807.0,0,40,2.0,0.0,2.0,2.0,0,0.0,2.0,69.0,0
151.3,218.98,67.68,22.56,95132,37.424655,-121.74841,0.0,50.65,861.0,0,3,0.0,0.0,0.0,0.0,0,0.0,0.0,3.0,1
2238.5,3018.26,779.76,32.49,94586,37.587494,-121.862856,0.0,90.35,968.0,0,24,0.0,0.0,0.0,2.0,0,0.0,2.0,23.0,1
1992.85,3689.52,1697.76,47.16,94954,38.235021,-122.557332,1.0,54.1,745.0,9,36,2.0,0.0,0.0,1.0,0,2.0,0.0,28.0,0
3581.6,5042.31,1460.71,33.97,92504,33.9108,-117.398153,1.0,80.2,827.0,7,43,0.0,2.0,0.0,1.0,0,2.0,2.0,69.0,0
2416.1,2563.54,158.44,4.66,94580,37.676249,-122.132415,0.0,70.0,865.0,0,34,0.0,0.0,0.0,2.0,0,0.0,0.0,21.0,1
597.0,597.0,0.0,0.0,92646,33.666301,-117.969501,0.0,45.55,434.0,0,13,2.0,2.0,0.0,1.0,0,0.0,0.0,17.0,1
754.65,932.54,127.89,14.21,91303,34.19829,-118.602203,0.0,85.35,147.0,1,9,0.0,0.0,0.0,2.0,0,0.0,0.0,5.0,1
770.6,1466.41,695.81,40.93,92130,32.957195,-117.202542,0.0,45.05,852.0,0,17,0.0,0.0,0.0,1.0,0,0.0,0.0,2.0,1
324.25,335.41,11.16,1.86,96040,40.789799,-121.474529,0.0,55.3,404.0,1,6,0.0,0.0,2.0,1.0,1,2.0,0.0,19.0,1
415.55,448.01,28.9,5.78,92122,32.85723,-117.209774,0.0,80.6,852.0,0,5,0.0,0.0,0.0,2.0,0,0.0,0.0,52.0,1
3266.0,4835.75,1569.75,40.25,92648,33.679659,-118.016195,0.0,86.3,434.0,5,39,0.0,0.0,2.0,2.0,0,0.0,0.0,19.0,1
264.8,307.64,42.84,14.28,90047,33.958149,-118.308441,0.0,85.3,552.0,0,3,0.0,0.0,0.0,2.0,0,0.0,2.0,21.0,1
3363.8,3475.63,111.83,2.11,92656,33.571259,-117.731917,0.0,65.0,13.0,9,53,2.0,0.0,2.0,1.0,1,0.0,0.0,19.0,0
5746.15,8145.85,2399.7,42.1,90503,33.840399,-118.353714,0.0,100.6,999.0,1,57,0.0,0.0,0.0,2.0,0,2.0,0.0,3.0,1
3474.05,4782.55,1228.5,35.1,96125,39.600599,-120.636358,0.0,95.45,917.0,0,35,0.0,0.0,0.0,2.0,0,0.0,0.0,29.0,1
146.65,179.03,22.38,11.19,92283,32.852947,-114.850784,0.0,69.8,1081.0,0,2,0.0,0.0,0.0,2.0,0,0.0,0.0,14.0,0
1193.05,1930.71,737.66,33.53,92121,32.898613,-117.202937,1.0,55.15,852.0,0,22,2.0,0.0,2.0,1.0,0,0.0,0.0,59.0,1
2258.25,2258.25,0.0,0.0,92067,33.012751,-117.200617,1.0,41.1,798.0,0,57,2.0,2.0,0.0,1.0,0,2.0,0.0,24.0,0
193.8,279.58,85.78,42.89,95633,38.852544,-120.837669,0.0,94.2,356.0,0,2,0.0,0.0,0.0,2.0,0,0.0,2.0,13.0,1
2196.15,2657.65,461.5,18.46,92109,32.787836,-117.232376,0.0,89.5,852.0,0,25,0.0,0.0,2.0,2.0,0,0.0,0.0,3.0,1
2684.35,3624.31,939.96,33.57,92553,33.923149,-117.244933,0.0,96.6,634.0,10,28,0.0,0.0,2.0,2.0,0,2.0,0.0,52.0,0
1135.7,1286.29,70.59,5.43,91746,34.038983,-117.991372,0.0,91.1,491.0,0,13,0.0,0.0,0.0,2.0,0,0.0,2.0,26.0,1
1607.2,2045.63,438.43,25.79,94703,37.863843,-122.275684,0.0,94.4,74.0,1,17,0.0,2.0,0.0,0.0,0,2.0,0.0,12.0,1
1527.5,1667.0,139.5,4.65,91710,33.990646,-117.663025,0.0,50.4,185.0,1,30,0.0,0.0,2.0,1.0,0,0.0,0.0,29.0,1
918.6,1356.99,438.39,48.71,94102,37.7795,-122.419233,0.0,100.5,855.0,0,9,0.0,0.0,0.0,2.0,0,2.0,2.0,15.0,1
25.15,25.15,0.0,0.0,93206,35.451402,-119.488413,0.0,25.15,125.0,0,1,0.0,0.0,0.0,1.0,0,0.0,0.0,5.0,1
1083.0,2609.25,1526.25,27.75,91316,34.150354,-118.518292,2.0,19.4,303.0,8,55,1.0,1.0,1.0,3.0,2,1.0,1.0,0.0,0
1579.7,1736.44,156.74,9.22,95962,39.342587,-121.249833,0.0,92.6,704.0,10,17,0.0,0.0,0.0,2.0,0,0.0,2.0,13.0,0
1549.75,2212.3,662.55,31.55,95206,37.902422,-121.440029,1.0,75.9,954.0,6,21,0.0,2.0,0.0,1.0,3,0.0,2.0,23.0,0
7726.35,8767.47,1041.12,14.46,91602,34.15136,-118.364786,2.0,108.65,674.0,1,72,2.0,2.0,2.0,2.0,1,2.0,2.0,29.0,0
5869.4,8249.21,2379.81,34.49,92240,33.948558,-116.516976,0.0,85.4,255.0,6,69,0.0,0.0,2.0,2.0,0,2.0,0.0,29.0,0
71.1,81.29,10.19,10.19,95923,40.171312,-121.120605,0.0,71.1,150.0,0,1,0.0,0.0,0.0,2.0,0,0.0,0.0,9.0,1
6871.9,10162.0,3290.1,49.85,94533,38.287136,-122.02711,0.0,100.05,313.0,6,66,2.0,0.0,0.0,2.0,0,0.0,0.0,14.0,1
5238.9,7937.2,2698.3,49.06,90504,33.867257,-118.330794,0.0,96.75,999.0,0,55,0.0,2.0,2.0,2.0,1,0.0,0.0,27.0,1
29.7,29.7,0.0,0.0,95127,37.375156,-121.795867,0.0,29.7,861.0,0,1,0.0,2.0,0.0,0.0,0,0.0,0.0,69.0,1
73.05,254.53,181.48,45.37,93242,36.444232,-119.718285,0.0,20.7,515.0,0,4,1.0,1.0,1.0,3.0,0,1.0,1.0,0.0,0
894.3,1751.44,857.14,25.21,90068,34.137411,-118.328915,2.0,24.95,552.0,10,34,1.0,1.0,1.0,3.0,0,1.0,1.0,0.0,0
3004.15,3754.22,747.62,25.78,92555,33.907361,-117.109972,0.0,98.5,634.0,1,29,0.0,0.0,0.0,2.0,0,2.0,2.0,28.0,1
612.95,689.45,76.5,7.65,94954,38.235021,-122.557332,0.0,62.25,745.0,0,10,2.0,2.0,0.0,1.0,0,0.0,0.0,17.0,0
49.85,92.4,42.55,42.55,93030,34.223244,-119.18012,0.0,49.85,712.0,0,1,0.0,0.0,0.0,1.0,3,2.0,0.0,25.0,0
1594.75,1907.07,333.9,18.55,92805,33.830209,-117.906099,0.0,88.85,23.0,8,18,2.0,0.0,0.0,2.0,0,0.0,2.0,59.0,0
293.65,391.93,98.28,32.76,94941,37.901371,-122.572024,0.0,98.7,610.0,0,3,2.0,0.0,0.0,2.0,0,2.0,2.0,73.0,1
4480.7,6588.22,2107.52,32.93,92545,33.734933,-117.044145,1.0,70.15,413.0,5,64,2.0,0.0,2.0,1.0,0,0.0,2.0,26.0,0
195.65,309.8,114.15,38.05,93266,36.175255,-119.813805,0.0,64.4,956.0,0,3,2.0,2.0,0.0,1.0,0,0.0,0.0,7.0,0
564.65,740.84,176.19,25.17,90036,34.070291,-118.349191,0.0,75.35,552.0,0,7,0.0,0.0,0.0,2.0,0,0.0,0.0,17.0,0
3021.6,4161.0,1139.4,31.65,91384,34.506627,-118.699048,0.0,84.1,168.0,1,36,0.0,0.0,0.0,2.0,0,0.0,0.0,15.0,1
272.35,631.41,359.06,27.62,96128,40.346634,-120.386422,2.0,20.85,947.0,6,13,1.0,1.0,1.0,3.0,3,1.0,1.0,0.0,0
3627.3,5148.05,1520.75,27.65,91792,34.024405,-117.898722,1.0,64.2,1056.0,0,55,2.0,0.0,2.0,0.0,0,0.0,2.0,26.0,0
3467.0,4840.13,1373.13,41.61,93465,35.536115,-120.739231,1.0,103.7,986.0,1,33,0.0,2.0,0.0,2.0,0,2.0,2.0,73.0,1
619.0,918.5,299.5,29.95,90744,33.782068,-118.262263,2.0,61.9,1075.0,0,10,2.0,2.0,2.0,1.0,1,0.0,0.0,19.0,0
6152.3,8580.15,2427.85,41.15,93563,34.39583,-117.734568,1.0,107.0,1030.0,7,59,2.0,2.0,2.0,2.0,0,2.0,2.0,48.0,0
821.6,1481.7,660.1,18.86,91780,34.101608,-118.055848,2.0,24.3,985.0,5,35,1.0,1.0,1.0,3.0,3,1.0,1.0,0.0,0
1376.5,3001.45,1624.95,23.55,96001,40.587919,-122.464732,2.0,20.2,805.0,2,69,1.0,1.0,1.0,3.0,1,1.0,1.0,0.0,0
84.6,111.45,26.85,26.85,91504,34.213049,-118.317651,0.0,84.6,119.0,0,1,0.0,2.0,0.0,2.0,1,0.0,2.0,11.0,1
374.5,830.1,455.6,22.78,92239,33.889605,-115.257009,0.0,19.4,254.0,0,20,1.0,1.0,1.0,3.0,3,1.0,1.0,0.0,1
914.3,1083.1,168.8,16.88,92397,34.358321,-117.618263,0.0,89.8,1093.0,0,10,0.0,0.0,0.0,2.0,0,2.0,0.0,24.0,1
1841.2,5405.92,3564.72,49.51,93923,36.460611,-121.852507,2.0,25.25,157.0,9,72,1.0,1.0,1.0,3.0,0,1.0,1.0,0.0,0
82.85,95.05,12.2,3.05,90303,33.936291,-118.332639,0.0,20.45,446.0,0,4,1.0,1.0,1.0,3.0,0,1.0,1.0,0.0,0
5309.5,7173.04,1863.54,29.58,93311,35.16207,-119.194488,2.0,86.7,56.0,0,63,2.0,2.0,2.0,1.0,0,2.0,2.0,47.0,0
898.35,1312.05,413.7,41.37,92027,33.141265,-116.967221,0.0,95.35,305.0,0,10,0.0,0.0,0.0,2.0,0,0.0,0.0,14.0,1
1119.9,3839.26,2719.36,48.56,90290,34.115192,-118.61017,2.0,19.8,997.0,2,56,1.0,1.0,1.0,3.0,1,1.0,1.0,0.0,0
1345.55,2024.3,678.75,45.25,95511,40.166028,-123.584144,0.0,85.6,11.0,1,15,0.0,0.0,0.0,0.0,0,0.0,0.0,22.0,1
371.4,371.4,0.0,0.0,95443,39.045246,-122.743181,2.0,43.35,368.0,1,8,0.0,0.0,2.0,0.0,0,2.0,0.0,27.0,0
1683.7,1911.5,227.8,11.39,93420,35.176236,-120.483243,0.0,81.0,41.0,6,20,2.0,0.0,0.0,2.0,0,2.0,0.0,21.0,0
1380.1,1380.1,0.0,0.0,95655,38.549822,-121.266725,0.0,30.3,587.0,0,46,0.0,0.0,2.0,1.0,0,0.0,0.0,26.0,1
470.6,470.6,0.0,0.0,94306,37.416159,-122.131337,1.0,41.6,723.0,0,11,0.0,0.0,0.0,1.0,0,2.0,0.0,5.0,1
865.05,2070.65,1205.6,27.4,91746,34.038983,-117.991372,1.0,20.5,491.0,1,44,1.0,1.0,1.0,3.0,0,1.0,1.0,0.0,0
4657.95,5119.4,461.45,8.39,92804,33.818,-117.974404,2.0,85.1,23.0,1,55,2.0,2.0,0.0,1.0,3,2.0,2.0,52.0,0
7365.7,9731.28,2365.58,38.78,95944,39.564113,-120.868836,1.0,118.6,374.0,0,61,2.0,2.0,2.0,2.0,0,2.0,2.0,42.0,0
100.9,193.9,93.0,15.5,92352,34.2565,-117.19335,0.0,19.65,500.0,0,6,1.0,1.0,1.0,3.0,2,1.0,1.0,0.0,0
5976.9,9200.36,3219.48,48.78,95443,39.045246,-122.743181,0.0,89.4,368.0,0,66,0.0,0.0,2.0,2.0,0,0.0,2.0,8.0,0
2832.75,3031.85,199.1,3.62,94070,37.497915,-122.267361,0.0,50.55,850.0,0,55,0.0,2.0,0.0,1.0,0,0.0,0.0,17.0,0
195.3,435.9,160.6,40.15,95365,37.329725,-120.306399,0.0,54.3,766.0,0,4,0.0,0.0,0.0,1.0,0,0.0,2.0,19.0,1
20.2,64.89,44.69,44.69,91401,34.178483,-118.431791,1.0,70.5,1031.0,8,1,1.0,1.0,1.0,3.0,0,1.0,1.0,0.0,0
6383.35,6824.17,440.82,7.11,94558,38.489789,-122.27011,1.0,103.75,651.0,1,62,0.0,0.0,2.0,2.0,0,2.0,2.0,16.0,1
6185.8,9443.68,3257.88,47.91,91755,34.049172,-118.115022,2.0,89.05,629.0,4,68,2.0,2.0,2.0,1.0,1,2.0,2.0,23.0,0
4869.5,6776.78,1907.28,35.32,91978,32.730264,-116.950963,0.0,89.4,944.0,0,54,0.0,0.0,0.0,2.0,0,2.0,2.0,15.0,0
3089.1,3133.38,44.28,1.08,93549,36.296851,-117.865469,0.0,74.25,695.0,0,41,2.0,0.0,0.0,2.0,0,0.0,0.0,6.0,0
4299.95,6420.67,1980.72,36.68,95948,39.346898,-121.759537,2.0,80.6,387.0,0,54,2.0,2.0,0.0,1.0,0,2.0,2.0,28.0,0
742.9,1349.74,606.84,46.68,91941,32.759327,-116.99726,1.0,55.15,488.0,0,13,2.0,2.0,0.0,1.0,0,0.0,2.0,59.0,0
249.95,455.45,185.5,37.1,92028,33.362575,-117.299644,0.0,50.6,315.0,0,5,0.0,0.0,0.0,0.0,0,0.0,0.0,2.0,1
934.1,1145.3,111.2,11.12,92126,32.886925,-117.152162,0.0,92.5,852.0,1,10,2.0,0.0,2.0,2.0,0,2.0,0.0,30.0,1
5347.95,5877.95,530.0,10.6,96063,40.408796,-121.579609,1.0,106.8,614.0,0,50,2.0,0.0,2.0,2.0,0,0.0,0.0,14.0,0
646.85,796.86,150.01,21.43,93234,36.217864,-120.080117,0.0,84.55,436.0,1,7,0.0,0.0,0.0,2.0,0,0.0,0.0,12.0,1
141.5,250.94,109.44,36.48,92129,32.961064,-117.134917,0.0,45.35,852.0,0,3,0.0,0.0,0.0,1.0,0,0.0,0.0,59.0,1
402.6,747.0,344.4,34.44,91321,34.370378,-118.504118,0.0,45.55,660.0,0,10,0.0,0.0,0.0,0.0,0,0.0,2.0,69.0,1
70.7,109.51,38.81,38.81,95571,40.310119,-123.909449,0.0,70.7,1055.0,0,1,0.0,0.0,0.0,2.0,0,0.0,2.0,52.0,0
2522.4,3287.72,765.32,20.14,91917,32.622999,-116.687855,0.0,66.15,272.0,0,38,0.0,2.0,2.0,1.0,0,2.0,0.0,13.0,0
217.55,339.56,122.01,40.67,92886,33.897253,-117.792202,0.0,80.1,1095.0,0,3,2.0,0.0,0.0,2.0,0,2.0,0.0,58.0,1
4904.2,5173.76,269.56,5.86,95632,38.274451,-121.259201,2.0,104.4,353.0,0,46,2.0,0.0,2.0,2.0,0,2.0,2.0,82.0,0
949.8,2096.05,1146.25,32.75,95430,38.445603,-123.063756,2.0,25.4,273.0,9,35,1.0,1.0,1.0,3.0,1,1.0,1.0,0.0,0
6457.15,8681.58,2224.43,31.33,95558,40.274302,-124.210902,2.0,89.9,746.0,6,71,2.0,2.0,2.0,0.0,3,2.0,2.0,27.0,0
1663.5,3751.61,2088.11,29.41,93727,36.751489,-119.68072,2.0,23.9,349.0,1,71,1.0,1.0,1.0,3.0,2,1.0,1.0,0.0,0
3474.05,4782.55,1228.5,35.1,96125,39.600599,-120.636358,0.0,95.45,917.0,0,35,0.0,0.0,0.0,2.0,0,0.0,0.0,29.0,1
6109.65,8224.21,2114.56,37.76,95252,38.156971,-120.849231,1.0,109.8,1028.0,9,56,0.0,2.0,2.0,2.0,0,2.0,2.0,21.0,0
1380.4,1650.58,270.18,15.01,94116,37.74441,-122.486764,0.0,75.4,855.0,0,18,0.0,2.0,0.0,2.0,0,0.0,0.0,22.0,0
6979.8,8194.65,1214.85,18.69,95928,39.681488,-121.83721,1.0,106.25,183.0,1,65,0.0,0.0,2.0,2.0,0,2.0,0.0,30.0,1
2492.25,2642.25,0.0,0.0,91307,34.199787,-118.68493,1.0,35.75,1057.0,0,69,0.0,0.0,2.0,1.0,0,2.0,0.0,19.0,0
6463.15,9675.07,3211.92,44.61,95354,37.639029,-120.964772,2.0,70.5,620.0,1,72,2.0,2.0,2.0,1.0,3,2.0,2.0,53.0,0
5411.4,6566.63,1180.9,16.87,93625,36.625792,-119.672483,2.0,75.65,343.0,4,70,0.0,0.0,0.0,2.0,0,0.0,0.0,3.0,0
45.3,71.71,26.41,26.41,95925,39.461768,-121.195825,0.0,45.3,180.0,0,1,0.0,0.0,0.0,0.0,0,0.0,0.0,26.0,1
140.7,212.82,72.12,36.06,94556,37.827946,-122.107185,0.0,70.5,633.0,0,2,0.0,0.0,0.0,2.0,0,0.0,0.0,85.0,1
713.75,1148.63,434.88,36.24,92860,33.925833,-117.559639,0.0,61.65,670.0,0,12,2.0,2.0,0.0,1.0,0,2.0,0.0,30.0,1
1090.1,3071.38,1981.28,35.38,94066,37.624436,-122.430661,2.0,20.05,849.0,10,56,1.0,1.0,1.0,3.0,3,1.0,1.0,0.0,0
49.9,89.5,39.6,39.6,95642,38.336216,-120.76901,0.0,49.9,452.0,0,1,2.0,0.0,0.0,1.0,1,0.0,0.0,17.0,1
106.55,156.21,49.66,24.83,92028,33.362575,-117.299644,0.0,49.4,315.0,0,2,0.0,0.0,0.0,0.0,0,0.0,2.0,52.0,1
305.55,429.35,123.8,30.95,92130,32.957195,-117.202542,0.0,77.95,852.0,0,4,0.0,0.0,2.0,2.0,0,0.0,0.0,26.0,1
829.1,1002.08,172.98,19.22,95446,38.52576,-123.013347,0.0,95.5,395.0,0,9,0.0,0.0,0.0,2.0,0,0.0,2.0,10.0,1
1096.25,1587.23,490.98,35.07,90304,33.936827,-118.359824,0.0,74.3,446.0,0,14,0.0,0.0,0.0,2.0,0,0.0,0.0,10.0,1
1415.55,1933.13,517.58,36.97,93427,34.631362,-120.238218,0.0,100.55,117.0,0,14,0.0,0.0,2.0,2.0,0,0.0,2.0,27.0,1
5960.5,8173.62,2213.12,34.58,94930,37.971751,-122.611873,0.0,91.8,312.0,0,64,0.0,2.0,2.0,2.0,1,2.0,0.0,27.0,0
3229.4,3351.2,121.8,2.9,95313,37.435664,-121.049056,0.0,74.15,233.0,1,42,0.0,2.0,0.0,2.0,0,0.0,0.0,21.0,1
2066.0,2653.34,587.34,15.06,94612,37.809014,-122.269739,0.0,51.05,688.0,3,39,0.0,2.0,0.0,1.0,2,0.0,0.0,11.0,0
3023.55,4194.1,1170.55,28.55,92384,35.924252,-116.188668,0.0,74.55,916.0,4,41,0.0,2.0,2.0,0.0,2,2.0,0.0,20.0,0
6341.45,8414.43,2072.98,30.94,94535,38.265899,-121.939461,1.0,94.35,1004.0,1,67,2.0,2.0,0.0,2.0,0,0.0,2.0,11.0,1
381.3,397.86,16.56,4.14,92129,32.961064,-117.134917,0.0,85.95,852.0,1,4,0.0,0.0,0.0,2.0,0,0.0,2.0,30.0,1
5206.55,7039.29,1832.74,34.58,96051,40.883853,-122.418258,1.0,96.75,505.0,0,53,2.0,2.0,2.0,2.0,0,0.0,2.0,28.0,0
20.05,36.07,16.02,16.02,95452,38.419525,-122.521585,0.0,20.05,467.0,3,1,1.0,1.0,1.0,3.0,3,1.0,1.0,0.0,0
263.65,478.27,214.62,15.33,94130,37.820894,-122.369725,2.0,19.7,855.0,8,14,1.0,1.0,1.0,3.0,1,1.0,1.0,0.0,0
676.7,772.11,95.41,13.63,95464,39.12334,-122.838198,0.0,89.5,665.0,1,7,0.0,0.0,0.0,2.0,0,0.0,0.0,27.0,1
275.9,447.78,205.12,12.82,95901,39.19514,-121.503883,0.0,19.35,586.0,10,16,1.0,1.0,1.0,3.0,3,1.0,1.0,0.0,0
1374.35,1507.01,132.66,6.03,92115,32.762506,-117.07245,1.0,59.75,852.0,10,22,0.0,2.0,0.0,1.0,0,0.0,0.0,51.0,0
4179.2,4179.2,0.0,0.0,91344,34.291273,-118.505104,2.0,55.45,375.0,5,72,2.0,2.0,2.0,0.0,0,2.0,2.0,47.0,0
3364.55,3474.55,0.0,0.0,94108,37.791998,-122.408653,2.0,50.55,855.0,9,66,2.0,0.0,0.0,0.0,4,0.0,2.0,23.0,0
514.6,758.44,243.84,40.64,93907,36.77462,-121.664714,0.0,85.95,841.0,0,6,0.0,0.0,2.0,2.0,0,0.0,2.0,51.0,0
5212.65,8521.55,3308.9,47.27,95346,38.121601,-120.133915,2.0,75.5,604.0,0,70,2.0,0.0,2.0,0.0,0,2.0,0.0,3.0,0
697.25,752.25,55.0,5.0,92706,33.765893,-117.881533,1.0,64.9,881.0,0,11,2.0,0.0,0.0,0.0,0,2.0,2.0,23.0,0
660.05,1080.05,420.0,42.0,94509,37.980057,-121.801599,1.0,65.9,30.0,1,10,0.0,0.0,2.0,1.0,2,2.0,2.0,14.0,0
524.35,957.67,433.32,36.11,95974,39.495768,-121.747472,0.0,45.0,817.0,0,12,0.0,0.0,0.0,1.0,0,0.0,0.0,13.0,0
2970.8,4364.08,1393.28,43.54,95432,39.108252,-123.645121,2.0,93.5,295.0,9,32,0.0,0.0,2.0,2.0,0,2.0,0.0,3.0,0
1340.1,1696.9,356.8,22.3,92121,32.898613,-117.202937,0.0,86.25,852.0,0,16,0.0,0.0,2.0,2.0,0,0.0,2.0,28.0,0
2655.25,3813.75,1158.5,46.34,94109,37.794487,-122.42227,0.0,105.95,855.0,0,25,0.0,0.0,2.0,2.0,0,2.0,0.0,22.0,1
245.2,585.21,340.01,30.91,95815,38.608405,-121.449942,0.0,23.15,838.0,0,11,1.0,1.0,1.0,3.0,0,1.0,1.0,0.0,1
480.6,524.31,61.92,5.16,95113,37.333851,-121.891147,0.0,44.55,861.0,0,12,0.0,0.0,0.0,1.0,1,0.0,0.0,16.0,1
79.6,98.92,19.32,19.32,93268,35.184837,-119.402525,0.0,79.6,975.0,0,1,0.0,0.0,0.0,2.0,0,0.0,2.0,22.0,1
1060.2,1378.7,367.56,30.63,95306,37.394411,-120.127262,0.0,98.1,173.0,1,12,0.0,0.0,2.0,2.0,0,2.0,0.0,27.0,1
6506.15,7366.67,860.52,12.12,94929,38.24458,-122.956268,2.0,93.2,258.0,8,71,2.0,2.0,2.0,0.0,0,2.0,2.0,23.0,0
740.3,976.22,155.92,19.49,95546,41.163637,-123.704841,0.0,94.7,428.0,0,8,0.0,0.0,0.0,2.0,0,2.0,2.0,10.0,1
3966.3,5580.96,1614.66,31.66,92260,33.694501,-116.412711,1.0,76.4,720.0,1,51,2.0,2.0,0.0,0.0,0,0.0,2.0,3.0,0
659.65,845.26,220.3,22.03,95358,37.612612,-121.108568,0.0,70.1,620.0,1,10,0.0,0.0,0.0,2.0,0,0.0,0.0,19.0,1
727.8,843.0,115.2,9.6,92264,33.745746,-116.514215,1.0,59.8,721.0,0,12,2.0,0.0,0.0,0.0,0,0.0,0.0,23.0,1
6096.45,6474.45,378.0,5.25,93667,36.993666,-119.348267,2.0,84.4,995.0,1,72,2.0,2.0,0.0,1.0,0,2.0,2.0,28.0,0
936.7,1377.82,441.12,9.19,95695,38.71967,-121.862416,1.0,19.95,1090.0,0,48,1.0,1.0,1.0,3.0,0,1.0,1.0,0.0,0
849.9,2476.98,1627.08,38.74,93432,35.480896,-120.469476,1.0,19.8,231.0,0,42,1.0,1.0,1.0,3.0,0,1.0,1.0,0.0,0
2790.65,5238.33,2490.8,47.9,95834,38.646209,-121.52446,1.0,53.75,838.0,0,52,0.0,2.0,0.0,1.0,0,2.0,0.0,3.0,0
20.45,64.27,43.82,43.82,95301,37.321233,-120.656354,2.0,20.45,46.0,0,1,1.0,1.0,1.0,3.0,0,1.0,1.0,0.0,0
1369.8,2027.94,658.14,47.01,96091,41.081847,-122.700545,0.0,100.2,1006.0,1,14,0.0,0.0,2.0,2.0,0,0.0,0.0,19.0,1
3958.25,4304.87,346.62,6.54,91007,34.128284,-118.047732,2.0,73.9,36.0,0,53,2.0,0.0,2.0,1.0,0,2.0,2.0,4.0,0
6733.15,8837.62,2104.47,31.41,93222,34.907911,-119.234281,1.0,100.9,344.0,8,67,0.0,2.0,2.0,2.0,0,0.0,2.0,23.0,0
2890.65,3678.57,787.92,28.14,94027,37.454924,-122.203168,0.0,103.3,45.0,0,28,2.0,0.0,0.0,2.0,0,2.0,0.0,10.0,1
1992.2,2354.52,362.32,12.94,90630,33.818477,-118.038307,1.0,70.4,237.0,6,28,0.0,0.0,0.0,2.0,2,0.0,0.0,24.0,0
1253.5,1974.0,720.5,32.75,96109,40.012675,-120.101857,0.0,59.05,268.0,0,22,2.0,2.0,0.0,1.0,0,0.0,0.0,24.0,0
19.55,24.65,5.1,5.1,95934,40.080342,-120.957805,0.0,19.55,228.0,0,1,1.0,1.0,1.0,3.0,0,1.0,1.0,0.0,0
571.45,722.38,150.93,16.77,95345,37.581496,-119.972762,0.0,69.4,606.0,0,9,2.0,0.0,0.0,0.0,3,0.0,2.0,73.0,0
2743.45,2743.45,0.0,0.0,91963,32.619465,-116.593605,1.0,50.05,785.0,0,55,0.0,0.0,0.0,1.0,0,2.0,0.0,23.0,0
422.4,498.4,76.0,19.0,95536,40.4785,-124.301372,2.0,94.75,321.0,0,4,0.0,0.0,0.0,2.0,0,2.0,2.0,17.0,0
3515.25,3615.25,0.0,0.0,93722,36.78979,-119.929894,2.0,49.35,349.0,1,71,0.0,0.0,2.0,0.0,0,0.0,2.0,25.0,1
2169.8,2224.07,81.65,3.55,94960,37.99272,-122.575026,0.0,90.05,846.0,0,23,0.0,2.0,0.0,2.0,0,0.0,0.0,4.0,1
2890.65,3678.57,787.92,28.14,94027,37.454924,-122.203168,0.0,103.3,45.0,0,28,2.0,0.0,0.0,2.0,0,2.0,0.0,10.0,1
90.6,103.62,13.02,13.02,95136,37.270938,-121.851046,0.0,90.6,861.0,1,1,0.0,0.0,2.0,2.0,0,0.0,0.0,30.0,1
257.6,300.65,43.05,14.35,94041,37.388349,-122.075299,0.0,76.1,646.0,0,3,0.0,0.0,0.0,2.0,0,0.0,0.0,17.0,0
146.3,336.5,190.2,31.7,92109,32.787836,-117.232376,0.0,19.5,852.0,1,6,1.0,1.0,1.0,3.0,0,1.0,1.0,0.0,1
156.85,271.41,114.56,14.32,95841,38.660442,-121.346321,0.0,19.2,838.0,0,8,1.0,1.0,1.0,3.0,0,1.0,1.0,0.0,0
4367.35,6323.35,1856.0,37.12,92210,33.537646,-116.291089,0.0,88.05,444.0,1,50,0.0,0.0,2.0,2.0,0,0.0,0.0,4.0,1
6393.65,8548.35,2154.7,37.15,92562,33.548869,-117.334165,2.0,109.1,649.0,6,58,2.0,2.0,2.0,2.0,0,0.0,2.0,7.0,0
2180.55,3273.07,1092.52,49.66,90274,33.788208,-118.404955,0.0,104.6,727.0,1,22,2.0,2.0,2.0,2.0,0,0.0,2.0,3.0,0
568.85,787.35,218.5,21.85,95664,38.803731,-121.043799,0.0,54.95,752.0,9,10,2.0,2.0,0.0,1.0,0,0.0,0.0,9.0,0
50.1,79.23,29.13,29.13,92530,33.655421,-117.391751,0.0,50.1,501.0,0,1,0.0,0.0,0.0,0.0,0,0.0,0.0,51.0,0
5589.45,8887.51,3340.4,47.72,95917,39.457388,-121.818201,2.0,79.6,86.0,0,70,2.0,2.0,0.0,1.0,0,2.0,2.0,28.0,0
7082.45,10215.38,3154.45,48.53,90011,34.00709,-118.258681,2.0,108.8,552.0,4,65,0.0,0.0,2.0,2.0,0,2.0,0.0,9.0,0
309.1,309.1,0.0,0.0,92117,32.825086,-117.199424,0.0,29.2,852.0,1,12,0.0,0.0,2.0,1.0,0,0.0,0.0,27.0,1
248.4,348.3,99.9,33.3,90604,33.929704,-118.01208,0.0,89.85,1069.0,1,3,0.0,2.0,2.0,2.0,2,0.0,0.0,12.0,0
746.5,886.12,109.62,12.18,93925,36.596271,-121.442274,0.0,85.05,188.0,0,9,0.0,0.0,0.0,2.0,0,0.0,0.0,6.0,1
254.5,467.7,213.2,16.4,94960,37.99272,-122.575026,0.0,20.45,846.0,1,13,1.0,1.0,1.0,3.0,1,1.0,1.0,0.0,0
3339.05,3881.48,542.43,13.23,92139,32.677716,-117.047666,1.0,86.2,852.0,3,41,2.0,0.0,2.0,2.0,0,2.0,0.0,16.0,0
1423.85,3663.81,2239.96,38.62,94574,38.581354,-122.296283,2.0,24.35,839.0,0,58,1.0,1.0,1.0,3.0,0,1.0,1.0,0.0,0
25.25,25.25,0.0,0.0,92084,33.22784,-117.200024,0.0,25.25,1039.0,0,1,0.0,0.0,0.0,1.0,0,0.0,0.0,15.0,1
2642.05,2784.16,191.68,5.99,90813,33.781086,-118.199049,0.0,85.0,546.0,1,32,0.0,0.0,0.0,2.0,0,0.0,2.0,23.0,1
2633.3,3832.66,1199.36,37.48,91733,34.04622,-118.053753,1.0,83.7,938.0,0,32,2.0,0.0,2.0,1.0,0,2.0,2.0,15.0,0
256.25,327.71,71.46,23.82,92243,32.770393,-115.60915,0.0,75.05,285.0,0,3,0.0,0.0,0.0,2.0,0,0.0,0.0,30.0,1
502.85,719.57,216.72,36.12,92549,33.755039,-116.741796,0.0,80.5,439.0,1,6,2.0,0.0,0.0,2.0,0,0.0,0.0,23.0,1
70.1,116.27,46.17,46.17,95322,37.147198,-121.120161,0.0,70.1,397.0,0,1,0.0,0.0,0.0,2.0,0,0.0,0.0,30.0,1
1111.85,1754.3,642.45,42.83,95374,37.316807,-120.855753,0.0,79.75,951.0,0,15,0.0,0.0,2.0,2.0,0,0.0,0.0,21.0,1
20.95,23.24,2.29,2.29,92027,33.141265,-116.967221,0.0,20.95,305.0,0,1,1.0,1.0,1.0,3.0,0,1.0,1.0,0.0,0
701.3,752.89,51.59,7.37,93454,34.943523,-120.256729,0.0,94.1,888.0,0,7,0.0,0.0,0.0,2.0,0,0.0,2.0,6.0,0
3233.6,4608.44,1374.84,36.18,96039,41.831901,-123.487478,0.0,83.9,402.0,0,38,0.0,2.0,2.0,2.0,0,2.0,2.0,48.0,1
1875.55,1988.22,112.67,5.93,96126,39.559709,-120.345639,1.0,100.95,919.0,1,19,2.0,0.0,0.0,2.0,0,0.0,2.0,51.0,1
80.85,95.76,14.91,14.91,93023,34.581308,-118.931948,0.0,80.85,694.0,0,1,0.0,0.0,0.0,2.0,0,0.0,2.0,21.0,1
1554.9,4017.47,2462.57,40.37,93427,34.631362,-120.238218,2.0,25.3,117.0,1,61,1.0,1.0,1.0,3.0,0,1.0,1.0,0.0,0
52.0,124.1,72.1,36.05,90015,34.039224,-118.266293,0.0,19.85,552.0,8,2,1.0,1.0,1.0,3.0,0,1.0,1.0,0.0,0
3807.35,4718.72,911.37,17.87,95829,38.486502,-121.334051,0.0,77.5,838.0,1,51,0.0,2.0,0.0,2.0,0,0.0,0.0,9.0,1
1500.5,1935.38,434.88,24.16,95313,37.435664,-121.049056,0.0,87.9,233.0,1,18,0.0,2.0,0.0,2.0,1,2.0,0.0,19.0,0
143.35,197.09,53.74,26.87,95367,37.734971,-120.954271,0.0,75.9,825.0,0,2,0.0,0.0,0.0,2.0,0,0.0,0.0,52.0,1
1529.45,1529.45,0.0,0.0,90039,34.110845,-118.259595,0.0,30.05,552.0,9,51,0.0,0.0,2.0,1.0,0,0.0,0.0,6.0,0
134.5,267.88,133.38,44.46,90004,34.076259,-118.310715,0.0,44.3,552.0,1,3,0.0,0.0,0.0,1.0,0,0.0,2.0,51.0,1
6538.45,7830.61,1292.16,20.19,92364,35.478736,-115.516984,2.0,102.1,669.0,2,64,2.0,0.0,0.0,2.0,0,2.0,2.0,8.0,0
3196.0,3196.0,0.0,0.0,95311,37.722127,-120.110174,0.0,53.75,224.0,0,57,0.0,2.0,0.0,1.0,0,2.0,2.0,30.0,0
233.9,255.02,21.12,1.92,91010,34.145695,-117.95982,1.0,20.6,269.0,7,11,1.0,1.0,1.0,3.0,0,1.0,1.0,0.0,0
116.65,140.15,23.5,11.75,95423,39.07116,-122.598542,0.0,67.75,195.0,0,2,0.0,0.0,0.0,2.0,0,0.0,0.0,4.0,1
560.6,844.7,284.1,47.35,90712,33.840524,-118.148403,0.0,98.25,509.0,0,6,0.0,0.0,2.0,2.0,0,0.0,2.0,29.0,1
740.3,1870.48,1165.23,35.31,94574,38.581354,-122.296283,2.0,24.5,839.0,1,33,1.0,1.0,1.0,3.0,0,1.0,1.0,0.0,1
96.8,96.8,0.0,0.0,94022,37.349546,-122.134356,0.0,51.4,551.0,0,2,0.0,0.0,2.0,0.0,0,0.0,2.0,21.0,0
178.5,258.69,80.19,8.91,92057,33.254497,-117.285879,0.0,20.25,692.0,0,9,1.0,1.0,1.0,3.0,0,1.0,1.0,0.0,1
711.15,1178.1,466.95,31.13,94702,37.866009,-122.286228,0.0,51.1,74.0,1,15,0.0,0.0,0.0,1.0,0,0.0,0.0,5.0,0
2093.9,2670.42,597.6,19.92,90067,34.057496,-118.413959,2.0,69.1,552.0,0,30,2.0,0.0,0.0,1.0,0,2.0,0.0,30.0,0
2078.95,3399.52,1320.57,48.91,94539,37.516791,-121.899117,1.0,78.2,346.0,0,27,2.0,0.0,2.0,1.0,0,2.0,2.0,59.0,0
958.15,1541.43,583.28,12.68,90015,34.039224,-118.266293,2.0,19.4,552.0,9,46,1.0,1.0,1.0,3.0,3,1.0,1.0,0.0,0
6979.8,8194.65,1214.85,18.69,95928,39.681488,-121.83721,1.0,106.25,183.0,1,65,0.0,0.0,2.0,2.0,0,2.0,0.0,30.0,1
620.35,834.62,214.27,30.61,92028,33.362575,-117.299644,0.0,86.8,315.0,0,7,0.0,0.0,0.0,2.0,0,0.0,2.0,59.0,1
870.25,1249.15,378.9,42.1,93516,34.95703,-117.73045,0.0,93.0,102.0,0,9,2.0,2.0,0.0,2.0,1,2.0,2.0,16.0,0
765.45,1454.53,549.08,39.22,95325,37.479926,-120.230424,0.0,50.45,431.0,0,14,0.0,0.0,2.0,1.0,0,0.0,0.0,48.0,0
2172.05,2723.25,551.2,27.56,91767,34.083086,-117.737997,1.0,107.05,776.0,3,20,2.0,0.0,2.0,2.0,0,0.0,0.0,3.0,0
435.4,931.2,495.8,49.58,92122,32.85723,-117.209774,0.0,44.85,852.0,0,10,0.0,0.0,0.0,1.0,0,0.0,0.0,17.0,1
116.85,291.39,174.54,29.09,90062,34.003553,-118.308933,2.0,19.65,552.0,0,6,1.0,1.0,1.0,3.0,0,1.0,1.0,0.0,0
600.0,600.0,0.0,0.0,94576,38.554383,-122.474773,0.0,33.5,247.0,0,18,0.0,0.0,2.0,1.0,0,2.0,0.0,26.0,1
5714.25,6124.77,410.52,6.22,90280,33.944624,-118.192615,2.0,84.0,939.0,0,66,2.0,2.0,0.0,1.0,0,2.0,2.0,26.0,0
4563.0,5626.71,983.71,20.93,91403,34.147149,-118.463365,1.0,95.2,913.0,1,47,0.0,0.0,0.0,2.0,0,0.0,2.0,85.0,0
2423.4,2929.38,505.98,18.74,93453,35.303926,-120.256567,0.0,90.15,887.0,1,27,0.0,0.0,0.0,2.0,0,2.0,2.0,59.0,0
6518.35,7618.18,1099.83,18.03,95661,38.736685,-121.251984,1.0,103.3,833.0,6,61,2.0,0.0,0.0,2.0,0,2.0,2.0,22.0,0
3734.25,5535.07,1800.82,47.39,95920,39.449794,-121.936372,0.0,99.55,124.0,0,38,2.0,0.0,0.0,2.0,0,0.0,0.0,2.0,1
2369.7,2369.7,0.0,0.0,90059,33.927254,-118.249826,1.0,44.1,552.0,0,54,2.0,2.0,0.0,1.0,0,0.0,2.0,21.0,0
70.6,106.72,36.12,36.12,90266,33.889632,-118.39737,0.0,70.6,576.0,0,1,0.0,0.0,0.0,2.0,0,0.0,0.0,14.0,0
113.95,113.95,0.0,0.0,94010,37.57028,-122.365778,0.0,34.8,120.0,0,3,0.0,0.0,0.0,1.0,0,0.0,0.0,46.0,0
2934.3,4691.93,1757.63,35.87,92273,32.790282,-115.689559,0.0,59.75,903.0,0,49,0.0,2.0,2.0,1.0,0,0.0,0.0,30.0,1
120.25,155.65,15.4,7.7,96074,39.884395,-122.587513,0.0,70.35,733.0,1,2,0.0,0.0,0.0,2.0,0,0.0,0.0,22.0,0
3105.55,4022.29,916.74,27.78,92129,32.961064,-117.134917,0.0,94.5,852.0,1,33,0.0,0.0,0.0,2.0,0,0.0,0.0,8.0,1
206.15,339.41,133.26,44.42,92236,33.680031,-116.171678,0.0,77.4,201.0,0,3,0.0,2.0,0.0,0.0,0,2.0,2.0,6.0,0
267.35,560.69,293.34,48.89,92111,32.805518,-117.169052,0.0,49.65,852.0,0,6,2.0,0.0,0.0,1.0,0,0.0,0.0,22.0,1
4549.05,4549.05,0.0,0.0,95606,38.809804,-122.241383,2.0,60.95,115.0,8,72,2.0,2.0,0.0,0.0,0,2.0,2.0,15.0,0
790.7,790.7,0.0,0.0,90048,34.072945,-118.37267,0.0,29.75,552.0,0,28,0.0,0.0,0.0,1.0,0,2.0,0.0,14.0,0
815.5,1093.14,277.64,25.24,92808,33.850452,-117.726668,0.0,74.95,23.0,0,11,0.0,0.0,2.0,2.0,0,0.0,0.0,29.0,1
1387.0,1465.84,78.84,4.38,95955,39.281194,-122.226568,0.0,74.15,588.0,0,18,0.0,0.0,0.0,2.0,0,0.0,0.0,20.0,0
20.2,63.72,43.52,43.52,90290,34.115192,-118.61017,0.0,20.2,997.0,0,1,1.0,1.0,1.0,3.0,0,1.0,1.0,0.0,1
3067.2,3954.96,887.76,24.66,95686,38.157794,-121.520223,0.0,84.9,991.0,0,36,0.0,0.0,0.0,2.0,0,0.0,2.0,22.0,1
4461.85,6126.89,1665.04,32.02,93905,36.667794,-121.601306,2.0,85.15,841.0,0,52,2.0,2.0,2.0,1.0,0,0.0,2.0,28.0,0
1689.45,2411.42,721.97,31.39,93926,36.52588,-121.396719,1.0,68.75,373.0,3,23,2.0,2.0,0.0,1.0,0,2.0,2.0,29.0,0
5016.65,8080.25,3063.6,42.55,90022,34.02381,-118.156582,2.0,72.1,552.0,5,72,2.0,2.0,2.0,1.0,0,2.0,0.0,18.0,0
7432.05,8085.45,653.4,9.9,96148,39.24124,-120.054765,1.0,110.9,977.0,0,66,2.0,0.0,2.0,2.0,0,2.0,0.0,25.0,1
1511.2,1662.08,150.88,9.43,91764,34.074087,-117.605618,0.0,94.45,700.0,0,16,2.0,0.0,0.0,2.0,0,0.0,2.0,9.0,1
70.5,111.89,41.39,41.39,93531,35.214982,-118.59049,0.0,70.5,465.0,0,1,0.0,0.0,0.0,2.0,0,0.0,0.0,3.0,1
154.65,232.77,78.12,26.04,95776,38.694081,-121.694431,0.0,55.1,1090.0,0,3,2.0,2.0,0.0,0.0,2,0.0,0.0,16.0,1
587.1,899.72,312.62,44.66,92662,33.606336,-117.893042,0.0,86.25,662.0,1,7,0.0,0.0,0.0,2.0,0,2.0,0.0,26.0,1
613.4,981.8,368.4,46.05,94561,37.999406,-121.686241,0.0,84.0,689.0,1,8,0.0,0.0,0.0,2.0,0,0.0,0.0,22.0,1
264.85,379.12,114.27,38.09,90292,33.977468,-118.445475,0.0,84.75,581.0,1,3,0.0,0.0,0.0,2.0,0,0.0,2.0,30.0,1
2238.5,3018.26,779.76,32.49,94586,37.587494,-121.862856,0.0,90.35,968.0,0,24,0.0,0.0,0.0,2.0,0,0.0,2.0,23.0,1
3766.2,5099.4,1333.2,22.22,92508,33.885499,-117.324959,2.0,61.35,827.0,5,60,2.0,2.0,2.0,1.0,0,0.0,0.0,16.0,0
6382.55,7994.05,1611.5,29.3,91203,34.153338,-118.262974,0.0,116.5,366.0,0,55,2.0,2.0,2.0,2.0,0,2.0,0.0,10.0,0
96.45,160.95,34.5,17.25,95563,40.89866,-123.539754,0.0,45.0,843.0,0,2,0.0,0.0,0.0,0.0,0,0.0,0.0,3.0,1
7176.55,8645.19,1478.32,21.74,94950,38.052209,-122.775567,1.0,108.45,697.0,0,68,2.0,0.0,2.0,2.0,0,2.0,2.0,73.0,1
162.45,162.45,0.0,0.0,94610,37.808731,-122.238708,0.0,40.05,688.0,0,4,2.0,0.0,0.0,1.0,0,0.0,2.0,13.0,0
390.85,551.95,161.1,8.95,90680,33.801869,-117.995068,1.0,20.15,949.0,0,18,1.0,1.0,1.0,3.0,0,1.0,1.0,0.0,1
228.0,276.87,48.87,16.29,90502,33.833181,-118.292062,0.0,74.1,999.0,1,3,0.0,0.0,0.0,2.0,0,0.0,0.0,24.0,1
178.5,258.69,80.19,8.91,92057,33.254497,-117.285879,0.0,20.25,692.0,0,9,1.0,1.0,1.0,3.0,0,1.0,1.0,0.0,1
6851.65,8302.09,1450.44,21.33,93591,34.598221,-117.79593,0.0,100.2,722.0,1,68,0.0,0.0,2.0,0.0,0,0.0,2.0,24.0,1
75.3,130.39,35.09,35.09,92274,33.53604,-116.119222,0.0,75.3,990.0,0,1,0.0,0.0,0.0,2.0,0,2.0,0.0,17.0,1
1834.95,2290.73,455.78,17.53,90010,34.062125,-118.315709,0.0,74.95,552.0,0,26,0.0,0.0,0.0,2.0,0,0.0,0.0,15.0,1
533.5,640.78,107.28,4.47,92604,33.688546,-117.788091,1.0,19.9,449.0,1,24,1.0,1.0,1.0,3.0,3,1.0,1.0,0.0,0
1051.05,1051.05,0.0,0.0,91767,34.083086,-117.737997,0.0,35.15,776.0,3,32,0.0,2.0,2.0,0.0,1,0.0,0.0,14.0,0
3706.95,4318.3,653.2,16.33,94940,38.129308,-122.834815,0.0,97.1,584.0,1,40,0.0,0.0,0.0,2.0,0,0.0,2.0,23.0,1
74.7,86.04,11.34,11.34,95949,39.099204,-121.137962,0.0,74.7,378.0,0,1,0.0,0.0,0.0,2.0,0,0.0,0.0,20.0,1
2354.8,4110.78,1755.98,46.21,91010,34.145695,-117.95982,1.0,62.3,269.0,0,38,2.0,0.0,0.0,0.0,0,2.0,2.0,14.0,1
2659.4,3653.96,994.56,35.52,95548,41.572813,-124.035011,0.0,94.5,476.0,0,28,0.0,2.0,2.0,2.0,0,0.0,2.0,26.0,1
1072.0,1088.66,16.66,1.19,93673,36.456091,-119.486225,0.0,80.45,1003.0,0,14,0.0,0.0,0.0,2.0,0,2.0,0.0,23.0,1
6856.45,7440.19,583.74,8.46,92595,33.617108,-117.253349,2.0,99.35,1070.0,0,69,2.0,0.0,0.0,2.0,1,0.0,2.0,21.0,0
4065.0,5029.38,824.38,17.54,92249,32.730583,-115.501083,0.0,83.35,410.0,1,47,0.0,0.0,2.0,2.0,0,2.0,2.0,59.0,1
3688.6,4918.56,1119.96,32.94,91770,34.065108,-118.082791,0.0,105.35,832.0,0,34,0.0,2.0,2.0,2.0,3,2.0,2.0,21.0,0
5950.2,8130.7,2180.5,31.15,95219,38.029729,-121.387999,2.0,86.45,954.0,0,70,2.0,2.0,2.0,1.0,0,2.0,2.0,5.0,0
2511.3,2610.93,99.63,2.43,92173,32.555828,-117.040073,1.0,60.3,879.0,8,41,0.0,2.0,2.0,1.0,0,2.0,2.0,69.0,0
69.55,99.33,29.78,29.78,92327,34.875144,-116.821698,0.0,69.55,238.0,0,1,0.0,0.0,0.0,2.0,0,0.0,0.0,13.0,1
2453.3,4065.35,1612.05,48.85,91205,34.13658,-118.245839,1.0,74.75,366.0,7,33,0.0,2.0,0.0,0.0,0,2.0,2.0,30.0,0
868.5,1065.13,146.63,13.33,92130,32.957195,-117.202542,0.0,79.5,852.0,1,11,0.0,0.0,0.0,2.0,0,0.0,0.0,19.0,1
242.8,220.38,23.02,11.51,91042,34.296574,-118.244839,0.0,104.4,1007.0,1,2,2.0,0.0,0.0,2.0,3,2.0,2.0,53.0,1
481.1,1543.01,1061.91,46.17,95816,38.574856,-121.46504,1.0,20.45,838.0,0,23,1.0,1.0,1.0,3.0,0,1.0,1.0,0.0,0
7854.9,10175.46,2320.56,32.23,95232,38.358464,-120.579304,2.0,109.5,365.0,3,72,2.0,2.0,2.0,2.0,1,2.0,2.0,19.0,0
2249.95,2708.38,458.43,21.83,96071,40.656287,-121.428965,0.0,106.1,696.0,1,21,2.0,0.0,0.0,2.0,0,2.0,2.0,59.0,1
1334.45,1907.1,572.65,44.05,95977,39.176595,-121.291692,0.0,97.0,923.0,1,13,0.0,0.0,0.0,2.0,1,2.0,2.0,19.0,0
755.4,1133.91,378.51,10.23,96002,40.527834,-122.318749,1.0,20.3,805.0,0,37,1.0,1.0,1.0,3.0,3,1.0,1.0,0.0,0
84.85,120.92,36.07,36.07,94568,37.713926,-121.928425,0.0,84.85,270.0,0,1,0.0,0.0,0.0,2.0,0,2.0,2.0,41.0,1
1389.6,3592.73,2203.13,31.03,96106,39.745805,-120.580882,2.0,20.1,197.0,1,71,1.0,1.0,1.0,3.0,2,1.0,1.0,0.0,0
5632.55,6553.51,920.96,14.39,95648,38.922812,-121.312005,2.0,86.55,527.0,0,64,2.0,0.0,2.0,1.0,0,2.0,2.0,7.0,0
48.45,64.87,16.42,16.42,92673,33.4725,-117.584273,0.0,48.45,851.0,0,1,0.0,2.0,0.0,0.0,0,0.0,0.0,21.0,0
231.8,322.55,90.75,30.25,94402,37.556634,-122.317723,0.0,76.05,871.0,0,3,0.0,0.0,0.0,2.0,0,0.0,0.0,28.0,1
43.3,43.3,0.0,0.0,91335,34.200175,-118.540958,0.0,43.3,813.0,0,1,0.0,0.0,2.0,1.0,0,2.0,0.0,26.0,1
18.8,62.37,43.57,43.57,90003,33.964131,-118.272783,1.0,18.8,552.0,9,1,1.0,1.0,1.0,3.0,0,1.0,1.0,0.0,0
268.4,837.64,569.24,40.66,92040,32.909873,-116.906774,0.0,19.95,508.0,0,14,1.0,1.0,1.0,3.0,5,1.0,1.0,0.0,0
4730.9,6867.5,2136.6,47.48,95412,38.731055,-123.316553,0.0,105.15,28.0,9,45,0.0,2.0,2.0,2.0,1,0.0,2.0,20.0,0
25.1,25.1,0.0,0.0,95037,37.161544,-121.649371,0.0,25.1,635.0,0,1,0.0,0.0,0.0,0.0,0,0.0,0.0,9.0,1
2383.6,3453.34,1069.74,39.62,93660,36.600193,-120.153393,0.0,89.2,860.0,0,27,2.0,0.0,0.0,2.0,0,2.0,2.0,2.0,0
6139.5,8778.78,2639.28,47.13,90247,33.890853,-118.297967,1.0,110.5,357.0,0,56,0.0,2.0,2.0,2.0,0,2.0,0.0,29.0,0
4718.25,6303.89,1585.64,32.36,93210,36.186867,-120.387793,0.0,96.2,202.0,0,49,0.0,0.0,0.0,2.0,0,0.0,0.0,2.0,1
1199.4,1419.18,219.78,12.21,95819,38.567594,-121.437507,0.0,69.5,838.0,0,18,0.0,2.0,0.0,1.0,0,2.0,0.0,8.0,0
1686.15,3510.59,1824.44,26.83,95380,37.474396,-120.875917,2.0,25.75,1012.0,10,68,1.0,1.0,1.0,3.0,1,1.0,1.0,0.0,0
235.1,405.94,170.84,42.71,90717,33.794209,-118.317354,0.0,56.5,543.0,5,4,2.0,0.0,2.0,1.0,3,0.0,0.0,56.0,1
92.65,179.97,87.32,43.66,94806,37.980269,-122.342635,0.0,44.15,873.0,0,2,0.0,0.0,0.0,1.0,0,0.0,0.0,25.0,1
154.8,169.78,14.98,7.49,94038,37.515556,-122.502311,0.0,70.4,638.0,9,2,0.0,0.0,0.0,2.0,0,0.0,0.0,14.0,0
19.65,25.73,6.08,6.08,94931,38.326215,-122.718742,0.0,19.65,222.0,0,1,1.0,1.0,1.0,3.0,0,1.0,1.0,0.0,1
1932.75,1932.75,0.0,0.0,92311,34.965648,-117.001509,2.0,39.7,61.0,0,50,2.0,0.0,2.0,1.0,0,2.0,0.0,6.0,0
309.25,669.25,360.0,20.0,92675,33.521447,-117.602555,2.0,19.35,863.0,5,18,1.0,1.0,1.0,3.0,3,1.0,1.0,0.0,0
362.2,391.76,29.56,7.39,92592,33.507255,-117.029473,0.0,93.5,984.0,0,4,2.0,0.0,2.0,2.0,0,0.0,2.0,4.0,1
1912.15,2430.38,518.23,17.87,94592,38.093701,-122.276589,0.0,66.1,1025.0,0,29,0.0,2.0,0.0,0.0,0,0.0,2.0,26.0,0
5611.75,7561.75,1950.0,32.5,95492,38.527297,-122.810044,2.0,97.2,1079.0,6,60,2.0,2.0,0.0,2.0,0,0.0,2.0,13.0,0
750.1,1116.05,365.95,28.15,92113,32.697098,-117.116587,0.0,61.8,852.0,8,13,2.0,0.0,2.0,0.0,3,2.0,0.0,56.0,0
815.5,1093.14,277.64,25.24,92808,33.850452,-117.726668,0.0,74.95,23.0,0,11,0.0,0.0,2.0,2.0,0,0.0,0.0,29.0,1
93.7,93.7,0.0,0.0,95982,39.172777,-121.805845,0.0,36.45,972.0,1,3,0.0,0.0,0.0,1.0,0,0.0,0.0,20.0,1
1070.7,1879.73,809.03,47.59,92648,33.679659,-118.016195,1.0,61.95,434.0,6,17,2.0,0.0,0.0,1.0,0,2.0,0.0,25.0,0
1419.4,3039.53,1639.44,22.77,92285,34.341737,-116.539416,2.0,21.15,512.0,0,72,1.0,1.0,1.0,3.0,0,1.0,1.0,0.0,0
1111.2,1917.85,806.65,47.45,95364,38.224869,-119.755729,0.0,65.75,755.0,0,17,0.0,2.0,0.0,1.0,0,0.0,2.0,5.0,0
86.35,165.34,78.99,26.33,95542,40.057784,-123.679461,0.0,24.6,354.0,0,3,1.0,1.0,1.0,3.0,0,1.0,1.0,0.0,0
321.9,350.94,29.04,7.26,93434,34.936,-120.594655,0.0,74.8,392.0,0,4,0.0,0.0,0.0,2.0,0,2.0,0.0,29.0,1
4669.2,6912.51,2243.31,47.73,92268,34.201108,-116.593456,0.0,100.75,759.0,0,47,2.0,2.0,2.0,2.0,0,0.0,0.0,25.0,0
4424.2,4706.18,281.98,6.13,90712,33.840524,-118.148403,1.0,95.25,509.0,0,46,0.0,0.0,2.0,2.0,0,0.0,0.0,30.0,1
1715.65,1773.08,47.43,1.53,93702,36.739385,-119.753649,0.0,55.25,349.0,0,31,2.0,0.0,0.0,1.0,0,2.0,0.0,6.0,1
2021.2,3364.5,1343.3,38.38,91906,32.673483,-116.472863,1.0,61.2,143.0,0,35,0.0,2.0,2.0,1.0,0,2.0,0.0,82.0,0
7318.2,10690.92,3372.72,48.88,93110,34.437945,-119.77191,2.0,108.4,882.0,1,69,2.0,0.0,2.0,2.0,0,2.0,0.0,4.0,1
1900.25,2792.88,892.63,38.81,96069,40.689243,-122.037023,0.0,83.8,684.0,0,23,2.0,0.0,2.0,2.0,0,2.0,0.0,28.0,1
190.25,436.31,246.06,27.34,92242,34.137742,-114.36514,1.0,20.1,281.0,0,9,1.0,1.0,1.0,3.0,3,1.0,1.0,0.0,0
1704.95,1796.75,91.8,5.4,96050,41.816595,-122.948287,1.0,98.6,477.0,1,17,2.0,0.0,0.0,2.0,0,2.0,2.0,8.0,1
387.2,545.92,158.72,39.68,95112,37.343827,-121.883119,0.0,94.4,861.0,0,4,2.0,2.0,0.0,2.0,0,2.0,2.0,18.0,1
109.25,131.93,12.68,6.34,92604,33.688546,-117.788091,0.0,50.2,449.0,0,2,2.0,0.0,0.0,0.0,0,0.0,0.0,28.0,0
4398.15,6286.63,1888.48,42.92,95948,39.346898,-121.759537,0.0,100.55,387.0,0,44,2.0,0.0,2.0,2.0,0,0.0,2.0,23.0,1
1345.55,2024.3,678.75,45.25,95511,40.166028,-123.584144,0.0,85.6,11.0,1,15,0.0,0.0,0.0,0.0,0,0.0,0.0,22.0,1
8349.7,11272.18,2922.48,40.59,90623,33.850504,-118.039892,2.0,115.15,490.0,10,72,2.0,2.0,2.0,2.0,0,2.0,2.0,25.0,0
2224.5,4103.13,1878.63,48.17,95758,38.35363,-121.44195,1.0,58.6,297.0,0,39,0.0,0.0,2.0,1.0,0,0.0,0.0,58.0,0
69.85,81.98,12.13,12.13,95232,38.358464,-120.579304,0.0,69.85,365.0,0,1,0.0,0.0,0.0,2.0,0,0.0,0.0,19.0,1
54.7,85.09,30.39,10.13,92543,33.739415,-116.968339,0.0,19.3,413.0,5,3,1.0,1.0,1.0,3.0,2,1.0,1.0,0.0,0
85.0,100.2,15.2,15.2,94513,37.908242,-121.682472,0.0,85.0,110.0,0,1,0.0,0.0,2.0,2.0,0,0.0,2.0,2.0,0
713.6,1025.68,312.08,39.01,95065,37.031404,-121.981865,0.0,87.1,885.0,0,8,0.0,0.0,2.0,2.0,0,0.0,0.0,28.0,0
174.3,184.3,0.0,0.0,95045,36.810568,-121.503022,0.0,44.55,862.0,0,4,0.0,0.0,0.0,0.0,0,0.0,2.0,20.0,1
3914.05,4981.55,1067.5,30.5,95560,40.142256,-123.852927,2.0,113.2,808.0,0,35,2.0,2.0,2.0,2.0,0,2.0,2.0,8.0,0
4904.85,6524.4,1619.55,26.55,95626,38.734997,-121.463719,1.0,82.15,299.0,4,61,0.0,0.0,2.0,2.0,0,0.0,0.0,2.0,0
323.25,364.74,41.49,13.83,95721,38.851842,-120.076204,0.0,105.35,282.0,0,3,0.0,0.0,2.0,2.0,0,2.0,2.0,14.0,1
316.9,379.9,63.0,12.6,90039,34.110845,-118.259595,0.0,69.7,552.0,0,5,0.0,0.0,0.0,2.0,3,0.0,0.0,58.0,1
89.1,105.16,16.06,16.06,94619,37.787186,-122.14633,0.0,89.1,688.0,0,1,0.0,0.0,0.0,2.0,0,0.0,2.0,3.0,1
715.0,988.14,273.14,39.02,94019,37.45567,-122.407992,0.0,100.4,399.0,0,7,2.0,0.0,0.0,2.0,0,2.0,2.0,25.0,0
297.3,894.9,597.6,39.84,95120,37.186141,-121.843554,0.0,19.75,861.0,0,15,1.0,1.0,1.0,3.0,0,1.0,1.0,0.0,1
660.9,965.13,338.52,48.36,94587,37.59485,-122.051521,0.0,95.35,1019.0,0,7,0.0,0.0,0.0,2.0,0,2.0,2.0,15.0,1
5717.85,8502.45,2784.6,39.78,96080,40.186772,-122.388361,2.0,70.5,803.0,4,70,2.0,0.0,2.0,1.0,0,2.0,2.0,52.0,0
4122.65,4122.65,0.0,0.0,92059,33.384345,-117.072619,2.0,59.7,718.0,6,71,2.0,2.0,2.0,0.0,1,0.0,2.0,19.0,0
3444.85,3674.85,230.0,4.6,95638,38.313447,-121.123886,0.0,71.05,414.0,1,50,0.0,0.0,0.0,0.0,0,0.0,0.0,24.0,1
586.05,788.49,202.44,28.92,92557,33.970661,-117.255039,0.0,79.7,634.0,0,7,0.0,0.0,0.0,2.0,0,0.0,0.0,16.0,1
406.95,724.35,317.4,15.87,93040,34.432843,-118.730106,2.0,19.7,760.0,0,20,1.0,1.0,1.0,3.0,0,1.0,1.0,0.0,0
799.65,855.95,56.3,5.63,92126,32.886925,-117.152162,0.0,74.75,852.0,0,10,0.0,0.0,0.0,2.0,0,0.0,0.0,26.0,1
1120.95,1539.99,419.04,34.92,94066,37.624436,-122.430661,0.0,98.9,849.0,0,12,2.0,2.0,0.0,0.0,0,0.0,2.0,23.0,1
3186.7,4026.58,839.88,23.33,96093,40.759401,-122.939337,0.0,90.85,1050.0,0,36,0.0,2.0,0.0,2.0,0,0.0,0.0,23.0,1
1203.9,1576.02,372.12,26.58,95957,39.068071,-121.832638,0.0,84.8,603.0,1,14,0.0,0.0,0.0,2.0,3,0.0,0.0,53.0,0
3444.85,3674.85,230.0,4.6,95638,38.313447,-121.123886,0.0,71.05,414.0,1,50,0.0,0.0,0.0,0.0,0,0.0,0.0,24.0,1
6428.4,8943.43,2515.03,41.23,92823,33.924143,-117.79387,2.0,106.6,109.0,0,61,2.0,0.0,0.0,2.0,0,2.0,2.0,28.0,1
4113.1,5015.5,902.4,22.56,93637,36.902954,-120.194274,0.0,101.3,570.0,1,40,0.0,0.0,2.0,0.0,0,0.0,2.0,4.0,1
276.5,394.94,118.44,19.74,95305,37.818589,-120.256995,0.0,44.7,84.0,0,6,0.0,0.0,0.0,1.0,0,0.0,0.0,7.0,0
434.1,507.56,53.46,8.91,93218,35.846067,-119.004073,0.0,74.4,271.0,0,6,0.0,0.0,0.0,2.0,0,2.0,0.0,27.0,1
1880.85,1880.85,0.0,0.0,95050,37.351214,-121.952417,0.0,48.95,883.0,0,39,2.0,2.0,2.0,0.0,0,0.0,0.0,48.0,1
2460.15,4539.35,2079.2,45.2,93108,34.457541,-119.631072,2.0,54.35,882.0,0,46,2.0,0.0,0.0,1.0,0,2.0,0.0,17.0,1
5776.45,7652.57,1876.12,27.59,95843,38.715498,-121.363411,2.0,82.85,29.0,1,68,2.0,2.0,2.0,1.0,1,0.0,2.0,27.0,0
274.7,749.78,475.08,39.59,92677,33.529047,-117.701175,2.0,25.25,498.0,4,12,1.0,1.0,1.0,3.0,2,1.0,1.0,0.0,0
2747.2,3243.85,496.65,14.19,92384,35.924252,-116.188668,1.0,76.05,916.0,6,35,2.0,0.0,2.0,1.0,1,0.0,2.0,17.0,0
144.55,232.61,78.06,39.03,92126,32.886925,-117.152162,0.0,80.25,852.0,0,2,0.0,0.0,0.0,2.0,0,0.0,0.0,30.0,1
334.8,563.6,228.8,45.76,92557,33.970661,-117.255039,0.0,74.35,634.0,4,5,0.0,0.0,0.0,2.0,0,0.0,0.0,22.0,1
4533.9,5269.02,595.12,13.84,91767,34.083086,-117.737997,1.0,107.55,776.0,1,43,2.0,0.0,0.0,0.0,0,2.0,0.0,18.0,1
45.8,77.91,22.11,22.11,92121,32.898613,-117.202937,0.0,70.5,852.0,0,1,0.0,0.0,0.0,1.0,0,0.0,0.0,18.0,1
1037.75,1048.65,10.9,1.09,95220,38.200231,-121.235034,0.0,98.5,0.0,1,10,0.0,0.0,0.0,2.0,0,2.0,2.0,18.0,1
20.3,46.67,26.37,26.37,95672,38.724322,-120.991237,0.0,20.3,812.0,0,1,1.0,1.0,1.0,3.0,0,1.0,1.0,0.0,1
858.6,1079.16,220.56,18.38,95233,38.184914,-120.364085,0.0,81.7,405.0,0,12,0.0,2.0,0.0,2.0,0,2.0,0.0,3.0,1
3846.75,5283.91,1437.16,23.18,92544,33.644585,-116.871544,2.0,65.1,413.0,0,62,2.0,2.0,0.0,1.0,0,0.0,2.0,18.0,0
1898.1,4672.78,2774.68,39.08,94705,37.858898,-122.240512,2.0,25.55,74.0,0,71,1.0,1.0,1.0,3.0,0,1.0,1.0,0.0,0
2036.55,2036.55,0.0,0.0,93675,36.719141,-119.202677,0.0,50.85,946.0,0,40,0.0,0.0,2.0,1.0,3,0.0,2.0,52.0,0
1725.95,2545.04,819.09,43.11,91803,34.074736,-118.145959,1.0,87.7,12.0,0,19,2.0,0.0,0.0,2.0,0,0.0,2.0,2.0,0
858.6,1079.16,220.56,18.38,95233,38.184914,-120.364085,0.0,81.7,405.0,0,12,0.0,2.0,0.0,2.0,0,2.0,0.0,3.0,1
1463.45,2711.21,1247.76,17.33,94065,37.527497,-122.230941,2.0,19.55,809.0,6,72,1.0,1.0,1.0,3.0,1,1.0,1.0,0.0,0
196.9,273.92,77.02,38.51,95219,38.029729,-121.387999,0.0,95.15,954.0,0,2,0.0,0.0,0.0,2.0,0,0.0,2.0,25.0,1
930.9,2278.4,1347.5,26.95,90222,33.912246,-118.236773,2.0,20.15,211.0,5,50,1.0,1.0,1.0,3.0,0,1.0,1.0,0.0,0
19.4,22.25,2.85,2.85,95356,37.716186,-121.025836,0.0,19.4,620.0,0,1,1.0,1.0,1.0,3.0,0,1.0,1.0,0.0,0
633.45,888.88,255.43,36.49,90022,34.02381,-118.156582,1.0,94.05,552.0,0,7,0.0,0.0,2.0,2.0,0,0.0,2.0,42.0,0
953.65,1030.22,76.57,4.03,92029,33.079834,-117.134275,0.0,48.8,305.0,0,19,2.0,0.0,0.0,0.0,2,0.0,0.0,26.0,0
1544.05,1979.65,435.6,19.8,92592,33.507255,-117.029473,1.0,67.5,984.0,1,22,2.0,2.0,0.0,0.0,0,2.0,0.0,17.0,1
511.25,858.09,346.84,13.34,93554,35.405722,-117.773354,0.0,20.3,800.0,0,26,1.0,1.0,1.0,3.0,0,1.0,1.0,0.0,0
521.1,834.49,341.74,48.82,92028,33.362575,-117.299644,0.0,74.65,315.0,0,7,2.0,0.0,0.0,0.0,0,0.0,2.0,19.0,1
45.6,57.33,11.73,11.73,92109,32.787836,-117.232376,0.0,45.6,852.0,0,1,0.0,0.0,0.0,1.0,0,0.0,0.0,24.0,1
1672.35,4216.65,2544.3,38.55,93256,35.957019,-119.330928,2.0,25.3,763.0,5,66,1.0,1.0,1.0,3.0,3,1.0,1.0,0.0,0
196.75,247.13,50.38,25.19,92325,34.248061,-117.29028,0.0,93.85,230.0,0,2,0.0,0.0,0.0,2.0,0,0.0,0.0,14.0,1
102.45,128.33,25.88,25.88,92845,33.782955,-118.026456,0.0,102.45,355.0,1,1,0.0,2.0,0.0,2.0,0,2.0,2.0,9.0,1
70.15,118.12,47.97,47.97,93426,35.842889,-121.004862,0.0,70.15,106.0,0,1,0.0,0.0,0.0,2.0,0,0.0,0.0,8.0,1
289.1,368.06,78.96,26.32,90242,33.921793,-118.140588,0.0,91.05,266.0,0,3,0.0,0.0,0.0,2.0,0,2.0,0.0,8.0,1
4616.05,4674.01,77.47,1.27,93265,36.245926,-118.693138,2.0,73.8,945.0,9,61,2.0,0.0,0.0,1.0,0,2.0,2.0,24.0,0
1120.95,1539.99,419.04,34.92,94066,37.624436,-122.430661,0.0,98.9,849.0,0,12,2.0,2.0,0.0,0.0,0,0.0,2.0,23.0,1
1637.3,2203.5,566.2,29.8,93561,35.073777,-118.652112,0.0,87.3,982.0,0,19,0.0,2.0,0.0,2.0,0,0.0,2.0,16.0,0
185.55,203.27,17.72,8.86,94947,38.112166,-122.634384,0.0,89.55,679.0,1,2,0.0,0.0,0.0,2.0,0,0.0,2.0,23.0,1
371.9,486.98,115.08,28.77,92122,32.85723,-117.209774,0.0,84.8,852.0,5,4,0.0,0.0,2.0,2.0,0,2.0,2.0,19.0,1
35.9,35.9,0.0,0.0,93560,34.903052,-118.411251,0.0,35.9,831.0,0,1,0.0,0.0,0.0,0.0,0,0.0,2.0,29.0,1
110.05,120.05,0.0,0.0,96104,41.505916,-120.152505,0.0,29.15,177.0,0,4,0.0,2.0,0.0,1.0,0,0.0,0.0,2.0,0
676.15,939.85,263.7,26.37,90031,34.085807,-118.206617,1.0,70.3,552.0,5,10,0.0,2.0,2.0,0.0,1,0.0,0.0,26.0,0
4424.2,4706.18,281.98,6.13,90712,33.840524,-118.148403,1.0,95.25,509.0,0,46,0.0,0.0,2.0,2.0,0,0.0,0.0,30.0,1
221.35,585.01,363.66,33.06,90740,33.75462,-118.071128,0.0,20.1,900.0,0,11,1.0,1.0,1.0,3.0,3,1.0,1.0,0.0,1
3316.1,3815.5,499.4,9.08,92278,34.457829,-116.139589,1.0,60.0,1016.0,2,55,0.0,2.0,2.0,0.0,0,0.0,0.0,23.0,0
247.25,386.33,139.08,46.36,91361,34.130992,-118.894673,0.0,83.75,1061.0,0,3,0.0,0.0,2.0,2.0,0,0.0,0.0,4.0,1
354.05,595.48,241.43,34.49,92536,33.482243,-116.827173,0.0,51.0,5.0,0,7,0.0,2.0,0.0,0.0,0,0.0,0.0,22.0,1
3988.5,5038.6,910.1,23.95,90071,34.052917,-118.255178,0.0,103.65,552.0,0,38,2.0,0.0,0.0,2.0,0,2.0,2.0,27.0,0
3580.3,3702.4,122.1,3.3,94590,38.104705,-122.247387,0.0,96.55,1025.0,0,37,0.0,0.0,0.0,2.0,0,0.0,0.0,2.0,1
2835.9,3295.8,459.9,13.14,90275,33.753146,-118.367459,0.0,80.05,797.0,0,35,2.0,0.0,0.0,2.0,0,0.0,0.0,6.0,0
662.65,835.28,205.84,25.73,91204,34.136306,-118.26036,0.0,84.5,366.0,0,8,0.0,0.0,0.0,2.0,2,0.0,2.0,19.0,1
5683.6,7064.68,1381.08,20.31,93445,35.059695,-120.604741,2.0,84.65,691.0,1,68,0.0,0.0,2.0,2.0,1,2.0,0.0,13.0,0
761.95,1720.99,959.04,35.52,92240,33.948558,-116.516976,2.0,24.5,255.0,1,27,1.0,1.0,1.0,3.0,1,1.0,1.0,0.0,0
3953.15,4150.52,197.37,4.59,95306,37.394411,-120.127262,1.0,94.3,173.0,1,43,2.0,0.0,2.0,2.0,0,0.0,0.0,5.0,0
69.6,83.79,14.19,14.19,92592,33.507255,-117.029473,0.0,69.6,984.0,0,1,0.0,0.0,0.0,2.0,0,0.0,2.0,59.0,1
50.6,62.46,11.86,11.86,90621,33.874224,-117.993368,0.0,50.6,118.0,0,1,0.0,2.0,0.0,0.0,2,0.0,0.0,13.0,1
3432.9,4318.98,886.08,27.69,93532,34.659579,-118.584212,0.0,108.15,503.0,0,32,2.0,2.0,2.0,2.0,0,0.0,2.0,73.0,1
892.65,1437.75,545.1,36.34,91423,34.146957,-118.432138,0.0,59.45,913.0,0,15,0.0,0.0,0.0,1.0,0,2.0,2.0,48.0,1
2012.7,2545.46,532.76,28.04,95127,37.375156,-121.795867,0.0,103.3,861.0,1,19,2.0,0.0,0.0,2.0,0,2.0,2.0,22.0,1
3168.75,4695.81,1568.8,39.22,96027,41.405193,-123.008567,0.0,80.0,308.0,8,40,0.0,0.0,2.0,2.0,0,2.0,0.0,27.0,0
45.05,128.89,13.84,13.84,95386,37.669516,-120.626964,0.0,70.5,1048.0,0,1,0.0,0.0,0.0,1.0,0,0.0,0.0,26.0,1
99.75,99.75,0.0,0.0,91773,34.102119,-117.815532,0.0,35.15,853.0,1,3,0.0,0.0,0.0,0.0,0,0.0,2.0,13.0,1
69.4,112.86,33.46,33.46,95301,37.321233,-120.656354,0.0,69.4,46.0,1,1,0.0,0.0,0.0,2.0,0,0.0,0.0,12.0,1
1752.55,1910.88,203.94,11.33,90065,34.108833,-118.229715,0.0,95.45,552.0,0,18,0.0,0.0,0.0,2.0,3,0.0,2.0,52.0,1
2351.45,2437.25,85.8,2.86,91941,32.759327,-116.99726,0.0,77.9,488.0,1,30,0.0,0.0,0.0,2.0,0,0.0,0.0,19.0,0
364.55,467.71,104.64,26.16,95714,39.197215,-120.83679,0.0,101.7,278.0,0,4,0.0,0.0,2.0,2.0,0,0.0,2.0,85.0,1
201.1,241.02,39.92,9.98,92676,33.782346,-117.635263,0.0,51.75,920.0,0,4,0.0,0.0,0.0,1.0,0,0.0,0.0,13.0,1
529.5,1965.58,1436.08,49.52,92386,34.243088,-116.830015,1.0,19.1,960.0,0,29,1.0,1.0,1.0,3.0,0,1.0,1.0,0.0,0
377.85,608.85,231.0,38.5,90230,33.993991,-118.39704,0.0,69.8,234.0,9,6,0.0,0.0,0.0,2.0,3,0.0,0.0,20.0,0
1716.45,1716.45,0.0,0.0,92382,34.186211,-117.07683,1.0,42.35,837.0,1,40,0.0,2.0,2.0,1.0,0,2.0,0.0,21.0,1
1776.0,3718.56,1942.56,26.98,95334,37.361987,-120.748394,2.0,26.0,535.0,8,72,1.0,1.0,1.0,3.0,0,1.0,1.0,0.0,0
1900.25,2792.88,892.63,38.81,96069,40.689243,-122.037023,0.0,83.8,684.0,0,23,2.0,0.0,2.0,2.0,0,2.0,0.0,28.0,1
654.55,1805.59,1151.04,35.97,91104,34.165383,-118.123752,1.0,20.55,732.0,0,32,1.0,1.0,1.0,3.0,0,1.0,1.0,0.0,0
2802.3,3997.4,1195.1,31.45,95703,38.983388,-120.988814,1.0,74.05,33.0,4,38,2.0,2.0,2.0,1.0,3,2.0,0.0,76.0,0
4539.6,4669.6,0.0,0.0,91403,34.147149,-118.463365,2.0,70.5,913.0,0,68,2.0,2.0,2.0,1.0,0,2.0,2.0,28.0,0
465.45,493.05,27.6,1.2,96088,40.497441,-121.827524,1.0,19.8,915.0,0,23,1.0,1.0,1.0,3.0,3,1.0,1.0,0.0,0
7895.15,10188.02,2292.87,33.23,90017,34.052842,-118.264495,2.0,113.25,552.0,7,69,2.0,2.0,2.0,2.0,0,2.0,2.0,3.0,0
3563.8,4562.56,998.76,17.22,95117,37.311088,-121.961786,1.0,60.3,861.0,1,58,0.0,2.0,2.0,0.0,0,2.0,0.0,21.0,1
260.9,700.7,439.8,36.65,95119,37.233226,-121.78809,1.0,19.7,861.0,0,12,1.0,1.0,1.0,3.0,0,1.0,1.0,0.0,0
75.45,87.03,11.58,11.58,92117,32.825086,-117.199424,0.0,75.45,852.0,0,1,0.0,0.0,0.0,2.0,0,0.0,0.0,15.0,1
6859.5,8950.8,2071.3,29.59,92064,32.984395,-117.013454,2.0,98.3,787.0,1,70,0.0,0.0,2.0,2.0,0,0.0,2.0,3.0,1
1120.3,1367.79,127.49,11.59,91605,34.207295,-118.400022,0.0,95.0,674.0,0,11,0.0,0.0,2.0,2.0,1,0.0,0.0,29.0,1
75.8,90.28,14.48,14.48,95422,38.965804,-122.631779,0.0,75.8,194.0,0,1,0.0,0.0,2.0,2.0,0,0.0,0.0,26.0,1
1206.05,1351.77,115.72,5.26,95626,38.734997,-121.463719,0.0,55.15,299.0,1,22,2.0,0.0,2.0,1.0,1,0.0,0.0,19.0,1
6595.9,7717.66,1121.76,15.58,95323,37.605926,-120.69955,2.0,89.75,419.0,1,72,2.0,2.0,2.0,1.0,1,2.0,2.0,20.0,0
1973.75,2417.9,444.15,21.15,92592,33.507255,-117.029473,0.0,94.25,984.0,0,21,0.0,0.0,0.0,2.0,0,0.0,0.0,9.0,1
1434.1,1681.06,246.96,3.43,96003,40.677649,-122.29467,2.0,19.85,805.0,0,72,1.0,1.0,1.0,3.0,0,1.0,1.0,0.0,0
7422.1,9500.02,2077.92,28.86,92833,33.877639,-117.961212,2.0,99.15,351.0,1,72,0.0,2.0,2.0,2.0,0,2.0,2.0,8.0,0
1790.35,2864.53,1120.24,16.72,91204,34.136306,-118.26036,2.0,25.6,366.0,0,67,1.0,1.0,1.0,3.0,0,1.0,1.0,0.0,0
222.65,327.25,104.6,10.46,95466,39.094102,-123.500853,0.0,21.2,749.0,0,10,1.0,1.0,1.0,3.0,0,1.0,1.0,0.0,0
91.4,274.76,183.36,45.84,93420,35.176236,-120.483243,0.0,20.15,41.0,5,4,1.0,1.0,1.0,3.0,0,1.0,1.0,0.0,0
298.45,298.45,0.0,0.0,95567,41.950683,-124.097094,0.0,33.9,924.0,0,10,0.0,0.0,0.0,1.0,0,0.0,2.0,30.0,1
180.25,206.17,25.92,12.96,95930,39.562239,-121.14836,0.0,95.1,198.0,0,2,2.0,0.0,2.0,2.0,0,2.0,0.0,20.0,1
1313.55,1833.92,520.37,30.61,95954,39.933852,-121.584371,0.0,76.65,572.0,0,17,0.0,0.0,0.0,2.0,0,2.0,0.0,7.0,1
360.1,386.82,26.72,6.68,94304,37.386978,-122.177746,0.0,84.6,723.0,0,4,0.0,0.0,0.0,0.0,0,0.0,0.0,17.0,1
5718.2,6672.2,954.0,18.0,91401,34.178483,-118.431791,1.0,108.95,1031.0,1,53,2.0,0.0,2.0,2.0,0,2.0,2.0,20.0,0
1742.95,1946.35,203.4,11.3,95428,39.83307,-123.178765,0.0,99.4,226.0,1,18,0.0,2.0,0.0,2.0,0,0.0,2.0,16.0,1
5229.8,7053.69,1753.89,30.77,93230,36.29223,-119.622676,2.0,90.45,401.0,0,57,2.0,0.0,0.0,2.0,0,0.0,0.0,10.0,0
3160.55,3402.05,241.5,5.75,94572,38.027218,-122.23463,1.0,73.9,829.0,0,42,2.0,2.0,2.0,1.0,0,2.0,2.0,53.0,1
605.25,1629.09,1023.84,42.66,94580,37.676249,-122.132415,1.0,24.6,865.0,0,24,1.0,1.0,1.0,3.0,0,1.0,1.0,0.0,0
4378.9,6498.82,2119.92,32.12,91702,34.174493,-117.87068,2.0,65.7,53.0,0,66,2.0,2.0,2.0,1.0,2,0.0,0.0,17.0,0
933.3,933.3,0.0,0.0,91731,34.079934,-118.046695,0.0,40.65,289.0,1,24,0.0,0.0,0.0,0.0,0,2.0,0.0,29.0,1
1547.35,1547.35,0.0,0.0,94566,37.633361,-121.862395,2.0,40.65,771.0,5,36,2.0,2.0,0.0,0.0,3,2.0,0.0,71.0,0
321.65,504.93,173.28,43.32,93202,36.315979,-119.710852,0.0,85.65,38.0,0,4,0.0,0.0,0.0,2.0,0,0.0,0.0,20.0,1
252.0,774.6,522.6,40.2,95655,38.549822,-121.266725,0.0,19.85,587.0,1,13,1.0,1.0,1.0,3.0,3,1.0,1.0,0.0,0
1350.15,1630.31,280.16,17.51,92117,32.825086,-117.199424,0.0,84.75,852.0,0,16,0.0,0.0,0.0,2.0,0,0.0,0.0,7.0,1
307.4,437.12,129.72,32.43,92347,34.983808,-117.239306,0.0,80.35,422.0,3,4,0.0,0.0,0.0,2.0,0,0.0,0.0,13.0,1
560.5,560.5,0.0,0.0,95569,40.363446,-123.835041,2.0,56.05,804.0,2,10,2.0,2.0,2.0,1.0,0,2.0,0.0,8.0,0
393.45,412.49,19.04,2.38,93625,36.625792,-119.672483,0.0,49.55,343.0,6,8,0.0,0.0,2.0,1.0,0,0.0,0.0,53.0,0
1080.55,1858.39,777.84,13.89,90301,33.956445,-118.358634,2.0,19.55,446.0,0,56,1.0,1.0,1.0,3.0,0,1.0,1.0,0.0,0
893.55,893.55,0.0,0.0,95125,37.294926,-121.894763,1.0,44.85,861.0,0,19,0.0,0.0,0.0,1.0,0,0.0,2.0,48.0,1
143.65,240.97,97.32,48.66,90623,33.850504,-118.039892,0.0,79.0,490.0,0,2,0.0,0.0,0.0,2.0,0,0.0,0.0,21.0,1
4400.75,5765.92,1405.32,33.46,94901,37.972662,-122.491452,0.0,105.2,876.0,0,42,0.0,2.0,0.0,2.0,0,2.0,2.0,52.0,1
4398.15,6286.63,1888.48,42.92,95948,39.346898,-121.759537,0.0,100.55,387.0,0,44,2.0,0.0,2.0,2.0,0,0.0,2.0,23.0,1
151.3,218.98,67.68,22.56,95132,37.424655,-121.74841,0.0,50.65,861.0,0,3,0.0,0.0,0.0,0.0,0,0.0,0.0,3.0,1
4254.85,6195.25,1940.4,39.6,94509,37.980057,-121.801599,0.0,84.5,30.0,1,49,0.0,0.0,0.0,2.0,0,0.0,0.0,20.0,1
1210.4,1555.76,345.36,14.39,92117,32.825086,-117.199424,0.0,49.55,852.0,0,24,0.0,2.0,0.0,1.0,0,0.0,0.0,28.0,1
3377.8,3377.8,0.0,0.0,92241,33.832799,-116.250973,2.0,47.6,255.0,1,71,2.0,2.0,2.0,1.0,0,2.0,0.0,16.0,0
1094.35,2216.68,1122.33,19.69,93905,36.667794,-121.601306,2.0,18.8,841.0,0,57,1.0,1.0,1.0,3.0,0,1.0,1.0,0.0,0
3384.0,4812.84,1428.84,34.02,96068,41.082472,-121.195215,0.0,77.95,680.0,1,42,0.0,0.0,0.0,2.0,0,0.0,0.0,18.0,1
6668.05,6921.52,253.47,3.57,92835,33.902211,-117.914922,2.0,90.4,351.0,1,71,2.0,2.0,2.0,1.0,0,2.0,2.0,52.0,0
331.9,330.77,11.35,2.27,95543,41.867908,-123.794144,0.0,70.25,358.0,0,5,0.0,0.0,0.0,2.0,0,0.0,0.0,17.0,1
4299.2,6754.34,2455.14,42.33,95054,37.393554,-121.965114,1.0,71.1,883.0,0,58,2.0,2.0,2.0,0.0,0,2.0,0.0,7.0,0
19.45,48.18,28.73,28.73,95554,40.267158,-123.805913,0.0,19.45,650.0,1,1,1.0,1.0,1.0,3.0,2,1.0,1.0,0.0,1
416.45,557.03,140.58,15.62,92108,32.774046,-117.142454,0.0,45.15,852.0,0,9,0.0,0.0,0.0,1.0,0,0.0,0.0,2.0,1
320.45,361.55,41.1,2.74,94404,37.556094,-122.272437,0.0,19.9,871.0,0,15,1.0,1.0,1.0,3.0,0,1.0,1.0,0.0,0
342.4,434.24,91.84,5.74,91403,34.147149,-118.463365,0.0,19.7,913.0,0,16,1.0,1.0,1.0,3.0,0,1.0,1.0,0.0,1
1052.4,1224.96,172.56,14.38,95240,38.123544,-121.159078,0.0,89.75,539.0,0,12,0.0,0.0,2.0,2.0,0,0.0,0.0,6.0,1
7804.15,9322.37,1518.22,22.66,91042,34.296574,-118.244839,1.0,118.35,1007.0,0,67,2.0,2.0,2.0,2.0,0,2.0,2.0,27.0,1
7848.5,8688.74,840.24,11.67,94110,37.750021,-122.415201,1.0,106.1,855.0,1,72,0.0,2.0,0.0,2.0,1,2.0,2.0,26.0,0
220.95,276.09,55.14,18.38,93022,34.404544,-119.302118,0.0,86.85,685.0,0,3,0.0,0.0,0.0,2.0,0,2.0,0.0,20.0,1
475.1,487.58,12.48,1.56,90710,33.798266,-118.300237,0.0,54.4,403.0,10,8,0.0,0.0,0.0,1.0,3,0.0,0.0,57.0,0
547.65,578.61,30.96,5.16,95476,38.25485,-122.461799,0.0,99.95,933.0,0,6,2.0,0.0,0.0,2.0,0,2.0,2.0,59.0,1
4433.3,5310.54,877.24,16.87,96097,41.764869,-122.671316,0.0,85.8,1098.0,3,52,2.0,0.0,2.0,2.0,1,2.0,0.0,24.0,0
477.7,706.3,228.6,45.72,95032,37.233034,-121.947427,0.0,89.5,554.0,0,5,0.0,0.0,0.0,2.0,0,0.0,0.0,6.0,1
3829.75,6023.63,2193.88,42.19,95017,37.114335,-122.237162,2.0,72.95,243.0,0,52,0.0,0.0,0.0,2.0,0,0.0,0.0,11.0,0
3366.05,4837.37,1487.88,41.33,92173,32.555828,-117.040073,0.0,93.6,879.0,3,36,0.0,2.0,0.0,2.0,0,0.0,2.0,41.0,0
2698.35,2814.35,116.0,4.0,92109,32.787836,-117.232376,0.0,89.2,852.0,1,29,0.0,0.0,0.0,2.0,0,2.0,2.0,48.0,1
116.95,155.95,39.0,9.75,91214,34.239636,-118.245259,2.0,25.3,483.0,0,4,1.0,1.0,1.0,3.0,0,1.0,1.0,0.0,0
1438.05,2217.27,779.22,43.29,93665,36.959731,-120.653519,0.0,74.8,937.0,1,18,0.0,2.0,0.0,2.0,0,0.0,0.0,41.0,0
754.65,932.54,127.89,14.21,91303,34.19829,-118.602203,0.0,85.35,147.0,1,9,0.0,0.0,0.0,2.0,0,0.0,0.0,5.0,1
55.8,82.02,26.22,26.22,92356,34.508417,-116.856103,0.0,55.8,563.0,0,1,0.0,2.0,0.0,0.0,0,2.0,0.0,22.0,1
2044.75,3017.05,972.3,32.41,92123,32.808814,-117.134694,1.0,70.4,852.0,0,30,2.0,2.0,2.0,0.0,0,0.0,0.0,22.0,0
1378.25,1487.37,109.12,6.82,95633,38.852544,-120.837669,0.0,84.95,356.0,1,16,0.0,0.0,0.0,2.0,0,0.0,0.0,7.0,1
1442.0,2533.85,1091.85,37.65,92584,33.653338,-117.178271,1.0,51.6,599.0,1,29,0.0,0.0,0.0,1.0,0,0.0,0.0,9.0,0
521.9,664.35,142.45,12.95,95062,36.974575,-121.991149,0.0,45.9,885.0,1,11,0.0,0.0,0.0,0.0,0,0.0,0.0,6.0,0
1110.05,2936.43,1826.38,34.46,92591,33.540604,-117.10909,2.0,19.9,984.0,8,53,1.0,1.0,1.0,3.0,0,1.0,1.0,0.0,0
342.3,1155.54,813.24,45.18,93962,36.624641,-121.647195,1.0,19.8,943.0,1,18,1.0,1.0,1.0,3.0,3,1.0,1.0,0.0,0
2907.55,2947.55,0.0,0.0,95340,37.255637,-120.493537,2.0,49.45,602.0,3,60,0.0,0.0,2.0,1.0,0,0.0,0.0,22.0,0
2169.75,2644.51,474.76,18.26,93065,34.269449,-118.768471,0.0,84.95,921.0,1,26,0.0,0.0,2.0,2.0,0,0.0,2.0,3.0,1
2586.0,3048.4,462.4,11.56,91768,34.067932,-117.785168,0.0,65.1,776.0,0,40,0.0,2.0,2.0,1.0,0,0.0,0.0,26.0,0
632.2,770.6,138.4,17.3,90807,33.830099,-118.182239,0.0,73.5,546.0,0,8,0.0,0.0,0.0,2.0,0,0.0,0.0,41.0,0
3527.3,4668.0,1140.7,33.55,96031,41.232128,-123.194748,0.0,100.85,337.0,8,34,0.0,0.0,0.0,2.0,0,2.0,2.0,41.0,0
4750.95,5880.09,1129.14,22.14,90640,34.015217,-118.109962,0.0,93.8,627.0,1,51,0.0,2.0,0.0,2.0,0,2.0,0.0,30.0,1
3121.45,3607.48,486.03,9.53,96096,40.637105,-121.906949,2.0,60.5,1068.0,5,51,2.0,2.0,2.0,1.0,0,0.0,0.0,10.0,0
320.4,327.3,6.9,1.38,95974,39.495768,-121.747472,0.0,69.95,817.0,1,5,0.0,0.0,0.0,2.0,2,0.0,0.0,16.0,0
2342.2,2342.2,0.0,0.0,96006,41.171578,-120.913161,0.0,55.55,3.0,1,43,0.0,0.0,2.0,1.0,0,2.0,0.0,21.0,1
1715.15,2447.35,732.2,10.46,92256,34.097863,-116.594561,2.0,25.35,636.0,6,70,1.0,1.0,1.0,3.0,1,1.0,1.0,0.0,0
374.5,830.1,455.6,22.78,92239,33.889605,-115.257009,0.0,19.4,254.0,0,20,1.0,1.0,1.0,3.0,3,1.0,1.0,0.0,1
347.4,583.65,226.25,45.25,95635,38.921333,-120.897718,1.0,70.0,385.0,0,5,0.0,0.0,0.0,1.0,0,2.0,2.0,22.0,1
518.75,766.49,247.74,41.29,92571,33.828289,-117.201666,0.0,94.05,743.0,7,6,0.0,0.0,2.0,2.0,2,2.0,0.0,19.0,0
788.05,788.05,0.0,0.0,95425,38.801936,-122.938935,1.0,24.85,199.0,0,29,0.0,0.0,0.0,1.0,0,0.0,0.0,59.0,0
1748.9,1748.9,0.0,0.0,95560,40.142256,-123.852927,1.0,35.4,808.0,0,50,2.0,2.0,0.0,1.0,0,0.0,0.0,7.0,0
39.65,59.65,0.0,0.0,90022,34.02381,-118.156582,0.0,39.65,552.0,0,1,0.0,0.0,0.0,1.0,0,2.0,0.0,8.0,1
834.1,893.3,59.2,5.92,92630,33.644849,-117.684254,0.0,86.05,502.0,0,10,0.0,0.0,0.0,2.0,0,0.0,0.0,11.0,1
434.1,507.56,53.46,8.91,93218,35.846067,-119.004073,0.0,74.4,271.0,0,6,0.0,0.0,0.0,2.0,0,2.0,0.0,27.0,1
3807.35,4718.72,911.37,17.87,95829,38.486502,-121.334051,0.0,77.5,838.0,1,51,0.0,2.0,0.0,2.0,0,0.0,0.0,9.0,1
4507.15,5760.93,1253.78,30.58,95765,38.823278,-121.281856,2.0,111.15,828.0,0,41,2.0,2.0,2.0,2.0,3,2.0,2.0,59.0,0
740.0,1012.8,272.8,27.28,92804,33.818,-117.974404,0.0,70.0,23.0,0,10,0.0,0.0,0.0,2.0,0,0.0,0.0,27.0,1
70.25,93.25,23.0,23.0,93312,35.392599,-119.245341,0.0,70.25,56.0,0,1,0.0,0.0,0.0,2.0,0,0.0,0.0,59.0,1
844.45,844.45,0.0,0.0,92285,34.341737,-116.539416,2.0,35.05,512.0,0,25,2.0,2.0,0.0,0.0,3,0.0,0.0,75.0,0
2361.8,2761.42,399.62,15.37,92211,33.762759,-116.324817,0.0,90.8,720.0,1,26,0.0,0.0,0.0,2.0,0,0.0,2.0,11.0,1
2227.1,2698.9,471.8,16.85,92338,34.702766,-116.093376,0.0,81.05,564.0,1,28,0.0,0.0,0.0,2.0,0,0.0,2.0,13.0,1
4338.6,6931.36,2502.76,48.13,91345,34.266389,-118.459744,0.0,85.35,618.0,0,52,0.0,0.0,2.0,2.0,0,0.0,2.0,12.0,1
181.1,244.04,52.94,26.47,92117,32.825086,-117.199424,0.0,80.2,852.0,0,2,0.0,0.0,0.0,2.0,0,0.0,2.0,10.0,1
8684.8,11195.44,2510.64,34.87,95519,40.965011,-124.015255,1.0,117.8,594.0,1,72,2.0,2.0,2.0,2.0,0,2.0,2.0,8.0,1
5224.35,8373.29,3008.94,45.59,91362,34.191842,-118.822796,0.0,80.45,992.0,0,66,0.0,0.0,2.0,2.0,0,0.0,0.0,24.0,1
810.7,810.7,0.0,0.0,92003,33.290907,-117.202895,0.0,48.35,100.0,1,18,0.0,0.0,0.0,1.0,0,2.0,2.0,12.0,1
5487.0,8077.64,2590.64,49.82,92585,33.739412,-117.173334,2.0,106.3,964.0,4,52,2.0,2.0,2.0,2.0,0,2.0,2.0,51.0,0
31.35,111.35,0.0,0.0,95236,38.047746,-121.030499,0.0,31.35,528.0,0,1,0.0,0.0,2.0,1.0,0,0.0,0.0,6.0,1
463.05,511.45,38.4,6.4,93536,34.741406,-118.38111,0.0,80.5,511.0,0,6,0.0,0.0,0.0,2.0,0,0.0,0.0,26.0,1
20.15,53.73,33.58,33.58,90024,34.066303,-118.435479,0.0,20.15,552.0,0,1,1.0,1.0,1.0,3.0,0,1.0,1.0,0.0,1
45.3,97.14,51.84,25.92,96025,41.212695,-122.392067,0.0,20.35,276.0,0,2,1.0,1.0,1.0,3.0,0,1.0,1.0,0.0,0
79.6,101.32,21.72,21.72,91722,34.097345,-117.906736,0.0,79.6,227.0,0,1,0.0,0.0,0.0,2.0,0,0.0,2.0,52.0,1
2440.15,3135.67,695.52,28.98,94601,37.776523,-122.219268,0.0,101.25,688.0,0,24,0.0,0.0,2.0,2.0,0,0.0,2.0,30.0,1
307.0,324.31,27.88,1.64,95969,39.69676,-121.644379,1.0,19.35,728.0,3,17,1.0,1.0,1.0,3.0,0,1.0,1.0,0.0,0
7610.1,8182.8,572.7,8.3,95493,39.222323,-122.985488,1.0,110.55,1085.0,2,69,2.0,2.0,0.0,2.0,0,2.0,0.0,14.0,0
7880.25,8386.33,496.08,6.89,95564,40.809636,-124.189977,2.0,109.65,844.0,2,72,0.0,2.0,2.0,2.0,0,2.0,2.0,73.0,0
2274.9,3679.78,1404.88,41.32,90026,34.078991,-118.263804,0.0,62.65,552.0,1,34,2.0,2.0,2.0,0.0,0,0.0,0.0,71.0,1
79.9,103.1,23.2,23.2,91345,34.266389,-118.459744,0.0,79.9,618.0,0,1,0.0,0.0,0.0,2.0,3,0.0,2.0,21.0,1
1253.9,1556.18,302.28,25.19,93205,35.523991,-118.400432,0.0,106.7,97.0,0,12,0.0,0.0,2.0,2.0,0,2.0,2.0,12.0,1
6880.85,7137.49,256.64,4.01,96112,41.932207,-120.135941,1.0,108.5,338.0,1,64,2.0,2.0,0.0,2.0,0,2.0,2.0,71.0,0
5044.8,6283.02,1250.7,22.74,90063,34.044271,-118.185237,2.0,90.45,552.0,4,55,2.0,0.0,2.0,2.0,0,2.0,0.0,21.0,0
6137.0,6664.94,527.94,8.38,93702,36.739385,-119.753649,1.0,99.9,349.0,0,63,0.0,0.0,2.0,2.0,0,0.0,2.0,59.0,1
85.5,93.54,8.04,2.01,92028,33.362575,-117.299644,0.0,20.95,315.0,0,4,1.0,1.0,1.0,3.0,0,1.0,1.0,0.0,1
235.65,323.93,88.28,22.07,91361,34.130992,-118.894673,0.0,50.55,1061.0,0,4,0.0,2.0,0.0,1.0,0,0.0,0.0,41.0,0
478.1,717.53,239.43,10.41,95601,38.431407,-120.8421,1.0,19.65,21.0,0,23,1.0,1.0,1.0,3.0,0,1.0,1.0,0.0,0
1531.4,1950.84,419.44,29.96,93621,36.789213,-119.140338,0.0,104.85,274.0,0,14,0.0,0.0,2.0,2.0,0,2.0,0.0,7.0,1
51.25,57.69,6.44,6.44,92109,32.787836,-117.232376,0.0,51.25,852.0,0,1,2.0,0.0,0.0,1.0,0,0.0,0.0,4.0,1
6010.05,9019.18,3009.13,49.33,95369,37.521708,-120.426843,0.0,99.15,925.0,1,61,0.0,0.0,2.0,2.0,0,0.0,2.0,7.0,1
178.1,230.2,52.1,26.05,95111,37.284265,-121.827673,0.0,94.95,861.0,0,2,0.0,0.0,0.0,2.0,0,2.0,2.0,2.0,1
941.0,1226.6,285.6,20.4,95134,37.42765,-121.945416,0.0,64.7,861.0,1,14,0.0,2.0,0.0,1.0,0,0.0,0.0,30.0,1
666.75,1450.47,783.72,21.77,95830,38.490508,-121.284171,1.0,20.0,838.0,7,36,1.0,1.0,1.0,3.0,0,1.0,1.0,0.0,0
3759.05,5544.32,1635.27,41.93,94123,37.800254,-122.436975,0.0,95.65,855.0,0,39,0.0,0.0,0.0,2.0,0,0.0,0.0,23.0,1
3147.5,3147.5,0.0,0.0,91343,34.238802,-118.482296,2.0,47.85,673.0,5,64,2.0,2.0,0.0,1.0,0,2.0,2.0,27.0,1
308.25,326.3,18.05,3.61,95818,38.556306,-121.495817,0.0,54.2,838.0,0,5,2.0,2.0,0.0,1.0,0,0.0,0.0,69.0,1
424.15,606.75,182.6,36.52,95828,38.486938,-121.395805,0.0,85.3,838.0,0,5,0.0,0.0,2.0,2.0,0,2.0,0.0,27.0,1
219.0,219.0,0.0,0.0,95635,38.921333,-120.897718,0.0,43.25,385.0,0,5,2.0,2.0,2.0,0.0,0,2.0,0.0,59.0,1
1529.2,2149.2,620.0,38.75,92027,33.141265,-116.967221,0.0,96.15,305.0,0,16,0.0,0.0,0.0,2.0,0,0.0,0.0,16.0,1
1972.35,3232.17,1259.82,46.66,93616,36.657462,-119.595293,0.0,74.4,249.0,6,27,0.0,2.0,0.0,2.0,2,0.0,0.0,28.0,0
4236.6,4574.56,287.96,6.26,92392,34.486835,-117.362274,1.0,90.95,1035.0,2,46,2.0,0.0,0.0,2.0,3,2.0,2.0,48.0,0
999.8,1535.0,535.2,44.6,90058,34.001617,-118.222274,0.0,85.05,552.0,1,12,0.0,0.0,2.0,2.0,0,0.0,2.0,20.0,0
368.1,447.06,48.96,12.24,94108,37.791998,-122.408653,0.0,90.05,855.0,0,4,0.0,0.0,2.0,2.0,0,0.0,2.0,11.0,1
25.85,25.85,0.0,0.0,95324,37.394536,-120.890747,1.0,25.85,421.0,0,1,0.0,0.0,0.0,1.0,0,0.0,0.0,18.0,0
1776.95,2433.77,656.82,36.49,91356,34.157137,-118.548511,0.0,99.85,979.0,0,18,2.0,0.0,0.0,2.0,0,0.0,2.0,3.0,1
3580.3,3702.4,122.1,3.3,94590,38.104705,-122.247387,0.0,96.55,1025.0,0,37,0.0,0.0,0.0,2.0,0,0.0,0.0,2.0,1
35.55,35.55,0.0,0.0,95209,38.044523,-121.348048,0.0,35.55,954.0,0,1,0.0,0.0,0.0,1.0,0,0.0,2.0,26.0,1
40.1,50.1,0.0,0.0,94567,38.672708,-122.403219,0.0,40.1,777.0,1,1,2.0,0.0,0.0,1.0,2,0.0,0.0,12.0,1
4900.65,5237.25,336.6,7.48,93292,36.37559,-119.211689,2.0,109.75,1038.0,2,45,2.0,0.0,2.0,2.0,3,2.0,2.0,27.0,0
3460.3,5092.19,1656.79,38.53,92086,33.323705,-116.626907,2.0,78.8,1045.0,1,43,2.0,2.0,0.0,1.0,0,2.0,2.0,27.0,0
4890.5,6284.62,1284.12,22.14,95226,38.233879,-120.861666,2.0,86.1,144.0,3,58,0.0,2.0,2.0,1.0,0,2.0,2.0,2.0,0
70.1,87.47,17.37,17.37,95527,40.854512,-123.450097,0.0,70.1,122.0,0,1,0.0,0.0,0.0,2.0,0,0.0,0.0,25.0,1
3471.1,3694.18,223.08,5.07,93309,35.342891,-119.064803,1.0,77.55,56.0,0,44,0.0,0.0,2.0,1.0,3,0.0,2.0,26.0,0
767.55,1026.27,258.72,18.48,93703,36.768774,-119.762633,0.0,55.5,349.0,0,14,0.0,0.0,2.0,1.0,0,0.0,0.0,21.0,0
79.55,83.59,4.04,4.04,95637,38.830739,-122.196202,0.0,79.55,396.0,0,1,0.0,0.0,0.0,2.0,0,0.0,0.0,6.0,1
1846.65,2360.97,514.32,21.43,94080,37.654436,-122.426468,2.0,78.6,942.0,8,24,0.0,2.0,0.0,1.0,3,2.0,2.0,56.0,0
5121.3,5370.42,249.12,5.19,92075,33.001813,-117.263628,0.0,107.4,927.0,0,48,0.0,0.0,2.0,2.0,0,2.0,2.0,47.0,1
1233.65,1597.66,412.1,31.7,92563,33.581045,-117.14719,0.0,95.25,649.0,1,13,0.0,0.0,0.0,0.0,0,0.0,2.0,6.0,1
1178.4,1579.5,401.1,28.65,90303,33.936291,-118.332639,0.0,89.95,446.0,0,14,2.0,0.0,0.0,0.0,0,0.0,0.0,27.0,1
75.75,84.1,8.35,8.35,92027,33.141265,-116.967221,0.0,75.75,305.0,0,1,0.0,0.0,0.0,2.0,0,0.0,0.0,23.0,1
1597.4,2042.52,445.12,17.12,91355,34.43987,-118.644609,1.0,60.7,1023.0,2,26,0.0,0.0,0.0,0.0,0,2.0,0.0,17.0,0
1682.4,1834.21,181.45,9.55,92879,33.893823,-117.531446,0.0,89.95,217.0,0,19,2.0,0.0,0.0,2.0,0,2.0,0.0,6.0,0
5824.75,6534.59,699.84,9.72,95941,39.531028,-121.24807,2.0,80.85,331.0,5,72,2.0,2.0,2.0,0.0,2,2.0,2.0,15.0,0
987.95,1233.91,245.96,22.36,95417,39.710591,-123.682799,0.0,90.15,107.0,0,11,2.0,0.0,0.0,0.0,0,0.0,0.0,3.0,1
396.1,522.54,126.44,31.61,92122,32.85723,-117.209774,0.0,95.45,852.0,0,4,0.0,0.0,0.0,2.0,0,0.0,0.0,2.0,1
3348.1,4957.3,1609.2,44.7,95337,37.750822,-121.238423,1.0,89.65,577.0,0,36,2.0,2.0,0.0,1.0,0,2.0,2.0,59.0,0
2303.35,3818.23,1514.88,47.34,92122,32.85723,-117.209774,0.0,74.9,852.0,2,32,0.0,0.0,0.0,2.0,0,0.0,0.0,10.0,1
333.55,500.43,166.88,41.72,96073,40.582399,-122.195512,0.0,84.05,724.0,0,4,0.0,0.0,2.0,2.0,0,2.0,2.0,69.0,1
95.1,99.99,4.89,4.89,90248,33.876482,-118.284077,0.0,95.1,357.0,1,1,0.0,0.0,0.0,2.0,0,0.0,0.0,11.0,1
449.75,818.93,369.18,41.02,91932,32.579134,-117.119009,0.0,55.35,442.0,0,9,0.0,0.0,0.0,1.0,3,0.0,0.0,27.0,1
1111.65,1499.42,436.02,33.54,91206,34.162515,-118.203869,0.0,79.25,366.0,0,13,0.0,0.0,2.0,2.0,3,2.0,0.0,76.0,1
74.6,106.76,22.16,22.16,93221,36.301689,-119.018233,0.0,74.6,310.0,0,1,0.0,0.0,0.0,2.0,0,2.0,0.0,47.0,1
5435.6,5647.3,211.7,3.65,96016,40.936285,-121.572692,0.0,93.4,167.0,1,58,0.0,2.0,2.0,2.0,0,0.0,2.0,20.0,1
1412.65,4344.46,2931.81,42.49,95355,37.672906,-120.946594,2.0,20.2,620.0,5,69,1.0,1.0,1.0,3.0,2,1.0,1.0,0.0,0
54.9,99.26,44.36,44.36,90068,34.137411,-118.328915,0.0,54.9,552.0,0,1,0.0,2.0,2.0,1.0,0,0.0,2.0,58.0,1
452.35,1450.05,997.7,45.35,90680,33.801869,-117.995068,1.0,20.75,949.0,8,22,1.0,1.0,1.0,3.0,2,1.0,1.0,0.0,0
5293.4,8158.99,2865.59,42.77,95386,37.669516,-120.626964,2.0,79.7,1048.0,0,67,0.0,2.0,0.0,1.0,0,2.0,2.0,3.0,1
4145.25,4145.25,0.0,0.0,94602,37.803883,-122.208417,2.0,58.65,688.0,3,71,2.0,2.0,2.0,0.0,0,0.0,2.0,8.0,0
2333.05,2826.17,493.12,15.41,93614,37.212191,-119.749323,1.0,72.8,203.0,10,32,2.0,2.0,0.0,1.0,0,0.0,0.0,46.0,0
2625.55,3473.39,847.84,30.28,92705,33.766004,-117.786763,0.0,89.95,881.0,0,28,0.0,0.0,2.0,2.0,0,0.0,2.0,30.0,1
178.7,293.66,114.96,14.37,95064,37.007882,-122.065975,0.0,20.35,885.0,0,8,1.0,1.0,1.0,3.0,1,1.0,1.0,0.0,0
4065.0,5029.38,824.38,17.54,92249,32.730583,-115.501083,0.0,83.35,410.0,1,47,0.0,0.0,2.0,2.0,0,2.0,2.0,59.0,1
1222.8,1454.59,231.79,17.83,92126,32.886925,-117.152162,0.0,88.35,852.0,1,13,0.0,0.0,0.0,2.0,0,0.0,2.0,10.0,1
80.0,115.71,35.71,35.71,93263,35.490705,-119.286833,0.0,80.0,907.0,1,1,0.0,0.0,0.0,0.0,0,0.0,2.0,3.0,1
521.3,528.2,6.9,1.15,92109,32.787836,-117.232376,0.0,90.1,852.0,0,6,0.0,0.0,2.0,2.0,0,0.0,0.0,3.0,1
2208.05,2208.05,0.0,0.0,92108,32.774046,-117.142454,1.0,43.05,852.0,0,50,0.0,2.0,2.0,1.0,3,0.0,0.0,76.0,0
834.15,983.91,109.76,6.86,90056,33.987945,-118.370442,0.0,53.9,552.0,0,16,2.0,0.0,2.0,1.0,0,0.0,0.0,8.0,1
45.7,58.5,12.8,12.8,92117,32.825086,-117.199424,0.0,45.7,852.0,3,1,0.0,0.0,0.0,1.0,0,0.0,0.0,5.0,1
285.2,461.66,176.46,29.41,90037,34.002642,-118.287596,0.0,45.5,552.0,1,6,0.0,0.0,0.0,1.0,1,0.0,0.0,29.0,0
3231.05,5289.55,2058.5,44.75,96113,40.198234,-120.18089,1.0,70.6,416.0,6,46,2.0,2.0,2.0,1.0,0,0.0,2.0,27.0,0
1538.6,2241.93,703.33,11.53,91761,34.035602,-117.591528,2.0,25.45,700.0,2,61,1.0,1.0,1.0,3.0,0,1.0,1.0,0.0,0
1553.95,2242.75,688.8,45.92,95305,37.818589,-120.256995,0.0,101.35,84.0,0,15,2.0,0.0,0.0,2.0,0,2.0,2.0,12.0,1
301.9,301.9,0.0,0.0,90008,34.008293,-118.346766,0.0,29.75,552.0,0,10,0.0,2.0,0.0,1.0,0,0.0,0.0,8.0,0
3782.4,5441.0,1690.5,48.3,91201,34.17051,-118.289463,0.0,109.95,366.0,8,35,2.0,0.0,2.0,2.0,3,2.0,2.0,73.0,0
4985.9,5811.74,825.84,13.32,92570,33.787298,-117.320676,2.0,81.0,743.0,6,62,2.0,2.0,0.0,0.0,0,2.0,2.0,22.0,0
3050.15,4633.07,1582.92,43.97,92126,32.886925,-117.152162,0.0,84.75,852.0,0,36,0.0,0.0,0.0,2.0,0,0.0,2.0,42.0,1
502.85,719.57,216.72,36.12,92549,33.755039,-116.741796,0.0,80.5,439.0,1,6,2.0,0.0,0.0,2.0,0,0.0,0.0,23.0,1
2754.0,3448.66,694.66,14.78,92705,33.766004,-117.786763,2.0,59.6,881.0,0,47,2.0,0.0,2.0,1.0,0,0.0,0.0,10.0,0
918.7,1562.07,643.37,13.13,94587,37.59485,-122.051521,1.0,19.0,1019.0,3,49,1.0,1.0,1.0,3.0,0,1.0,1.0,0.0,0
7657.4,8118.92,461.52,6.41,91745,33.998471,-117.973758,2.0,106.1,398.0,1,72,2.0,2.0,2.0,2.0,1,2.0,0.0,14.0,0
2058.5,2993.47,972.0,24.3,95110,37.34667,-121.910019,0.0,50.15,861.0,7,40,0.0,0.0,2.0,1.0,0,0.0,0.0,28.0,0
2511.55,2511.55,0.0,0.0,90041,34.137412,-118.207607,1.0,62.05,552.0,0,40,0.0,2.0,2.0,0.0,0,2.0,2.0,19.0,0
116.6,189.62,73.02,12.17,95551,40.665952,-124.240051,1.0,20.6,540.0,0,6,1.0,1.0,1.0,3.0,0,1.0,1.0,0.0,0
164.85,502.39,337.54,48.22,90810,33.819814,-118.222416,0.0,20.05,546.0,0,7,1.0,1.0,1.0,3.0,0,1.0,1.0,0.0,1
502.6,684.4,181.8,36.36,91605,34.207295,-118.400022,0.0,89.8,674.0,0,5,0.0,0.0,2.0,2.0,0,0.0,0.0,12.0,1
1023.9,1613.18,589.28,36.83,95838,38.646096,-121.442433,0.0,59.4,838.0,0,16,2.0,0.0,0.0,1.0,0,0.0,0.0,16.0,1
5016.25,6592.17,1594.77,30.09,94592,38.093701,-122.276589,1.0,95.85,1025.0,1,53,0.0,0.0,0.0,2.0,0,0.0,0.0,12.0,0
541.5,875.5,334.0,13.36,90061,33.92128,-118.274186,0.0,20.6,552.0,0,25,1.0,1.0,1.0,3.0,0,1.0,1.0,0.0,0
6585.35,9462.27,2876.92,40.52,95562,40.485849,-124.163234,2.0,93.7,818.0,2,71,0.0,0.0,0.0,2.0,0,0.0,2.0,17.0,1
4631.7,5219.3,587.6,11.3,93450,35.996008,-120.85305,0.0,93.25,847.0,1,52,2.0,0.0,2.0,2.0,1,0.0,2.0,10.0,0
155.35,155.35,0.0,0.0,93523,34.966777,-117.961179,0.0,50.6,283.0,0,3,0.0,0.0,2.0,0.0,0,0.0,2.0,25.0,1
3273.55,5152.99,1879.44,45.84,95247,38.147852,-120.440124,0.0,83.75,648.0,1,41,0.0,2.0,0.0,2.0,0,2.0,0.0,18.0,1
7661.8,7942.44,130.64,1.84,93644,37.648647,-119.231447,2.0,109.0,687.0,2,71,0.0,2.0,2.0,2.0,1,2.0,2.0,69.0,0
723.4,1132.09,408.69,45.41,90069,34.093781,-118.381061,0.0,79.55,1058.0,0,9,0.0,0.0,0.0,2.0,0,0.0,2.0,23.0,1
181.1,244.04,52.94,26.47,92117,32.825086,-117.199424,0.0,80.2,852.0,0,2,0.0,0.0,0.0,2.0,0,0.0,2.0,10.0,1
1554.0,2260.42,706.42,32.11,95645,38.875508,-121.765866,0.0,69.25,479.0,1,22,0.0,0.0,0.0,2.0,0,0.0,0.0,52.0,1
7101.5,8307.76,1221.5,17.45,95372,37.990574,-120.261821,0.0,102.95,936.0,1,70,0.0,0.0,2.0,2.0,0,2.0,0.0,20.0,1
1654.6,2001.79,347.19,4.89,93261,35.809921,-119.127437,2.0,24.35,815.0,0,71,1.0,1.0,1.0,3.0,3,1.0,1.0,0.0,0
5333.35,5841.31,507.96,7.47,93703,36.768774,-119.762633,1.0,78.45,349.0,8,68,2.0,2.0,2.0,1.0,3,2.0,2.0,29.0,0
142.35,167.39,25.04,12.52,95542,40.057784,-123.679461,0.0,70.65,354.0,0,2,0.0,0.0,0.0,2.0,0,0.0,0.0,25.0,1
1235.55,1337.19,101.64,7.26,95363,37.410236,-121.320337,0.0,86.1,735.0,1,14,0.0,0.0,0.0,2.0,0,0.0,0.0,42.0,1
93.7,176.56,82.86,41.43,90044,33.952714,-118.292061,0.0,44.7,552.0,0,2,0.0,0.0,0.0,0.0,0,0.0,0.0,20.0,1
572.45,665.09,92.64,11.58,91107,34.159007,-118.087353,0.0,74.85,732.0,0,8,0.0,0.0,0.0,2.0,0,0.0,0.0,7.0,0
1259.0,1449.96,190.96,13.64,92117,32.825086,-117.199424,0.0,90.9,852.0,1,14,0.0,0.0,2.0,2.0,0,0.0,2.0,9.0,1
53.5,68.08,14.58,14.58,95736,39.00978,-120.978273,0.0,53.5,1052.0,0,1,0.0,0.0,0.0,1.0,0,0.0,0.0,73.0,1
851.75,911.85,60.1,6.01,90240,33.956228,-118.120993,0.0,85.55,266.0,0,10,0.0,0.0,0.0,2.0,0,0.0,0.0,27.0,1
24.05,44.31,20.26,20.26,93306,35.449881,-118.841442,0.0,24.05,56.0,0,1,1.0,1.0,1.0,3.0,0,1.0,1.0,0.0,1
1026.35,3019.0,1992.65,36.23,94115,37.786031,-122.437301,1.0,19.5,855.0,5,55,1.0,1.0,1.0,3.0,3,1.0,1.0,0.0,0
788.55,860.1,71.55,2.65,95677,38.7904,-121.236973,2.0,25.85,828.0,0,27,1.0,1.0,1.0,3.0,1,1.0,1.0,0.0,0
84.5,184.12,99.62,49.81,91352,34.231053,-118.338307,0.0,70.5,965.0,0,2,0.0,0.0,0.0,1.0,0,0.0,2.0,41.0,1
19.6,33.77,14.17,14.17,92122,32.85723,-117.209774,0.0,19.6,852.0,0,1,1.0,1.0,1.0,3.0,0,1.0,1.0,0.0,1
4860.85,7495.96,2652.28,43.48,95423,39.07116,-122.598542,2.0,80.8,195.0,1,61,2.0,2.0,2.0,1.0,0,2.0,2.0,20.0,0
603.0,603.0,0.0,0.0,91406,34.195685,-118.490752,2.0,38.8,1031.0,0,15,0.0,0.0,2.0,1.0,0,0.0,2.0,23.0,0
5961.1,6595.94,634.84,10.76,95553,40.210895,-123.86,1.0,99.5,617.0,1,59,0.0,0.0,0.0,2.0,0,2.0,2.0,5.0,1
1025.15,1055.15,0.0,0.0,95901,39.19514,-121.503883,0.0,38.85,586.0,4,26,2.0,2.0,2.0,0.0,3,0.0,0.0,23.0,0
6293.45,9088.14,2654.69,37.39,95113,37.333851,-121.891147,2.0,89.85,861.0,0,71,2.0,2.0,2.0,1.0,0,2.0,0.0,22.0,0
4307.1,4658.49,351.39,6.89,96090,40.021787,-122.127576,2.0,83.85,983.0,5,51,2.0,2.0,2.0,0.0,0,2.0,2.0,41.0,0
79.35,92.48,13.13,13.13,90255,33.97803,-118.217141,0.0,79.35,435.0,0,1,0.0,0.0,0.0,2.0,3,0.0,0.0,57.0,1
220.95,276.09,55.14,18.38,93022,34.404544,-119.302118,0.0,86.85,685.0,0,3,0.0,0.0,0.0,2.0,0,2.0,0.0,20.0,1
1323.7,1615.44,291.74,10.06,92264,33.745746,-116.514215,0.0,48.95,721.0,0,29,0.0,0.0,0.0,1.0,0,2.0,0.0,25.0,0
346.4,417.7,71.3,14.26,94304,37.386978,-122.177746,0.0,70.05,723.0,0,5,0.0,0.0,0.0,1.0,0,2.0,2.0,26.0,1
3616.25,4598.17,981.92,25.84,91706,34.098275,-117.967399,2.0,94.9,57.0,1,38,2.0,0.0,0.0,2.0,2,2.0,0.0,19.0,0
3956.7,4877.06,920.36,24.22,92704,33.719869,-117.907063,0.0,101.15,881.0,9,38,0.0,0.0,0.0,2.0,1,2.0,2.0,14.0,0
1815.65,2790.91,975.26,37.51,95659,38.788898,-121.608624,0.0,69.05,666.0,0,26,0.0,0.0,0.0,2.0,0,0.0,0.0,30.0,0
4323.35,5769.85,1446.5,26.3,95511,40.166028,-123.584144,2.0,77.8,11.0,0,55,0.0,0.0,0.0,1.0,0,2.0,2.0,23.0,0
706.85,706.85,0.0,0.0,93706,36.654614,-119.903674,0.0,54.45,349.0,1,13,2.0,2.0,0.0,0.0,0,0.0,2.0,71.0,1
718.1,1021.02,329.29,25.33,95973,39.903272,-121.843567,0.0,53.45,183.0,0,13,2.0,0.0,0.0,0.0,1,2.0,0.0,27.0,0
909.25,1338.85,429.6,35.8,95326,37.5923,-120.853288,0.0,78.3,432.0,0,12,0.0,2.0,0.0,2.0,0,0.0,0.0,25.0,1
2122.45,2716.69,594.24,24.76,91206,34.162515,-118.203869,0.0,96.0,366.0,0,24,2.0,0.0,0.0,2.0,0,0.0,2.0,2.0,1
180.3,499.41,319.11,29.01,90221,33.885811,-118.206459,0.0,19.25,211.0,1,11,1.0,1.0,1.0,3.0,3,1.0,1.0,0.0,1
5566.4,7069.48,1503.08,28.36,92065,33.044541,-116.833922,2.0,104.05,792.0,1,53,2.0,2.0,2.0,2.0,1,2.0,2.0,17.0,0
6903.1,8453.82,1550.72,24.23,92126,32.886925,-117.152162,1.0,105.65,852.0,0,64,2.0,0.0,2.0,2.0,0,0.0,2.0,73.0,1
2566.5,2789.25,222.75,8.91,92122,32.85723,-117.209774,0.0,104.95,852.0,1,25,2.0,0.0,0.0,2.0,0,2.0,2.0,10.0,1
1139.2,1398.92,298.2,21.3,94706,37.890274,-122.295192,0.0,85.15,9.0,1,14,0.0,0.0,0.0,2.0,0,0.0,2.0,42.0,1
1178.4,1579.5,401.1,28.65,90303,33.936291,-118.332639,0.0,89.95,446.0,0,14,2.0,0.0,0.0,0.0,0,0.0,0.0,27.0,1
825.1,1393.58,568.48,35.53,93265,36.245926,-118.693138,2.0,54.55,945.0,5,16,0.0,2.0,2.0,1.0,0,0.0,0.0,23.0,0
300.8,300.8,0.0,0.0,93665,36.959731,-120.653519,0.0,23.9,937.0,0,13,0.0,0.0,0.0,1.0,0,0.0,0.0,53.0,1
3292.3,3433.1,140.8,3.52,91770,34.065108,-118.082791,0.0,81.2,832.0,4,40,0.0,0.0,0.0,2.0,3,2.0,0.0,56.0,0
6562.9,8491.47,1941.12,26.96,93105,34.037342,-119.80079,2.0,89.85,882.0,5,72,2.0,2.0,2.0,1.0,0,2.0,2.0,9.0,0
3545.35,4434.83,889.48,24.04,91732,34.074492,-118.01462,0.0,101.9,289.0,0,37,0.0,0.0,2.0,2.0,0,2.0,2.0,59.0,1
6567.9,8856.06,2288.16,40.86,95488,39.724433,-123.767578,2.0,115.85,1064.0,8,56,2.0,2.0,2.0,2.0,3,2.0,2.0,27.0,0
502.85,719.57,216.72,36.12,92549,33.755039,-116.741796,0.0,80.5,439.0,1,6,2.0,0.0,0.0,2.0,0,0.0,0.0,23.0,1
89.35,94.71,5.36,5.36,92241,33.832799,-116.250973,0.0,89.35,255.0,0,1,0.0,0.0,0.0,2.0,1,0.0,2.0,19.0,0
5224.35,8373.29,3008.94,45.59,91362,34.191842,-118.822796,0.0,80.45,992.0,0,66,0.0,0.0,2.0,2.0,0,0.0,0.0,24.0,1
1286.05,1864.41,578.36,30.44,93728,36.757345,-119.818274,0.0,66.4,349.0,1,19,0.0,2.0,0.0,1.0,0,2.0,0.0,26.0,0
2157.95,3053.6,895.65,42.65,93501,35.097323,-118.171288,0.0,104.4,621.0,1,21,0.0,0.0,2.0,2.0,0,2.0,2.0,3.0,1
2780.6,2780.6,0.0,0.0,92106,32.71346,-117.236378,1.0,56.3,852.0,1,49,2.0,0.0,2.0,1.0,0,0.0,2.0,21.0,0
3729.75,4594.11,864.36,20.58,91006,34.137319,-118.029837,0.0,85.9,36.0,8,42,2.0,0.0,0.0,2.0,0,2.0,0.0,13.0,0
45.3,45.3,0.0,0.0,95076,36.931654,-121.752383,0.0,45.3,1049.0,0,1,0.0,0.0,0.0,1.0,0,0.0,2.0,18.0,1
117.8,209.96,92.16,23.04,93429,34.866032,-120.536546,1.0,19.7,165.0,0,4,1.0,1.0,1.0,3.0,0,1.0,1.0,0.0,0
1188.25,3618.46,2430.21,41.19,95463,39.182916,-123.552571,2.0,19.85,653.0,2,59,1.0,1.0,1.0,3.0,1,1.0,1.0,0.0,0
1024.65,2577.95,1553.3,31.7,93250,35.666886,-119.186717,2.0,20.45,590.0,0,49,1.0,1.0,1.0,3.0,3,1.0,1.0,0.0,0
712.25,889.79,177.54,16.14,92867,33.81859,-117.821288,0.0,70.5,701.0,0,11,0.0,0.0,0.0,1.0,0,2.0,2.0,8.0,0
1290.0,1537.39,247.39,19.03,95618,38.544002,-121.685559,0.0,95.05,244.0,0,13,0.0,0.0,0.0,2.0,0,0.0,2.0,24.0,1
70.15,118.12,47.97,47.97,93426,35.842889,-121.004862,0.0,70.15,106.0,0,1,0.0,0.0,0.0,2.0,0,0.0,0.0,8.0,1
1224.05,1224.05,0.0,0.0,90067,34.057496,-118.413959,0.0,29.3,552.0,5,43,0.0,0.0,2.0,0.0,3,0.0,0.0,53.0,0
44.2,99.54,55.34,27.67,93239,35.996923,-120.000951,0.0,20.75,470.0,0,2,1.0,1.0,1.0,3.0,0,1.0,1.0,0.0,0
2857.6,3823.12,965.52,35.76,94037,37.540582,-122.509594,1.0,110.5,624.0,0,27,0.0,2.0,2.0,2.0,0,2.0,0.0,4.0,0
79.05,110.39,31.34,31.34,92592,33.507255,-117.029473,0.0,79.05,984.0,0,1,0.0,0.0,0.0,2.0,0,0.0,2.0,52.0,1
2149.05,2305.36,156.31,5.39,92262,33.839989,-116.659215,0.0,74.95,721.0,3,29,0.0,0.0,0.0,2.0,0,0.0,0.0,17.0,0
2560.1,2560.1,0.0,0.0,93441,34.70434,-120.02609,2.0,45.05,556.0,0,56,2.0,2.0,2.0,1.0,0,2.0,0.0,19.0,0
63.75,141.0,77.25,25.75,95204,37.974498,-121.319568,0.0,19.85,954.0,0,3,1.0,1.0,1.0,3.0,0,1.0,1.0,0.0,1
609.65,774.51,184.03,26.29,94030,37.601248,-122.403099,1.0,84.35,611.0,0,7,0.0,0.0,0.0,2.0,0,2.0,0.0,20.0,0
1893.5,2827.7,934.2,25.95,93420,35.176236,-120.483243,1.0,54.45,41.0,0,36,0.0,2.0,0.0,1.0,0,0.0,0.0,21.0,0
825.7,1063.08,237.38,21.58,92117,32.825086,-117.199424,0.0,70.5,852.0,1,11,0.0,0.0,0.0,2.0,0,0.0,0.0,30.0,1
5848.6,8574.08,2685.48,38.92,95066,37.070177,-122.010077,1.0,84.45,899.0,7,69,0.0,2.0,0.0,2.0,1,2.0,0.0,16.0,0
6287.25,9151.29,2864.04,49.38,92117,32.825086,-117.199424,1.0,108.85,852.0,1,58,0.0,2.0,2.0,2.0,0,2.0,0.0,19.0,1
527.5,561.5,34.0,1.36,90006,34.048013,-118.293953,1.0,19.9,552.0,0,25,1.0,1.0,1.0,3.0,0,1.0,1.0,0.0,0
239.45,310.61,71.16,23.72,91784,34.141146,-117.655583,0.0,80.7,1020.0,5,3,0.0,0.0,0.0,2.0,1,0.0,0.0,17.0,0
3465.7,4228.66,762.96,11.56,91980,32.587557,-116.636816,1.0,54.8,981.0,0,66,0.0,2.0,2.0,1.0,0,0.0,0.0,30.0,0
2435.15,3540.93,1065.78,34.38,96093,40.759401,-122.939337,0.0,78.45,1050.0,0,31,2.0,0.0,2.0,2.0,0,0.0,0.0,20.0,1
3478.75,5007.63,1528.88,26.36,95316,37.524721,-120.757977,1.0,61.05,252.0,1,58,2.0,2.0,0.0,1.0,0,0.0,0.0,8.0,0
58.85,132.74,73.89,24.63,95664,38.803731,-121.043799,0.0,19.75,752.0,0,3,1.0,1.0,1.0,3.0,0,1.0,1.0,0.0,1
1290.0,1537.39,247.39,19.03,95618,38.544002,-121.685559,0.0,95.05,244.0,0,13,0.0,0.0,0.0,2.0,0,0.0,2.0,24.0,1
1008.7,2397.58,1388.88,25.72,95951,39.732767,-122.042298,2.0,19.65,400.0,0,54,1.0,1.0,1.0,3.0,0,1.0,1.0,0.0,0
443.9,617.7,173.8,43.45,92610,33.698728,-117.67768,1.0,105.65,330.0,0,4,2.0,0.0,2.0,2.0,0,2.0,2.0,52.0,1
3046.15,4238.35,1192.2,39.74,95380,37.474396,-120.875917,0.0,100.05,1012.0,1,30,0.0,0.0,0.0,2.0,0,2.0,2.0,22.0,1
5031.0,5952.84,921.84,13.36,95459,38.966713,-123.586412,2.0,74.1,575.0,0,69,2.0,2.0,0.0,0.0,0,2.0,2.0,10.0,0
1288.3,1267.66,25.05,1.67,94109,37.794487,-122.42227,1.0,89.0,855.0,0,15,0.0,0.0,2.0,2.0,0,0.0,0.0,21.0,0
716.4,1044.84,328.44,9.66,90805,33.864622,-118.179626,0.0,20.65,546.0,7,34,1.0,1.0,1.0,3.0,1,1.0,1.0,0.0,0
435.4,931.2,495.8,49.58,92122,32.85723,-117.209774,0.0,44.85,852.0,0,10,0.0,0.0,0.0,1.0,0,0.0,0.0,17.0,1
4109.0,4109.0,0.0,0.0,91941,32.759327,-116.99726,2.0,60.3,488.0,8,68,2.0,0.0,2.0,1.0,0,2.0,2.0,15.0,0
791.7,895.2,103.5,11.5,91942,32.782501,-117.01611,0.0,85.5,488.0,0,9,0.0,0.0,0.0,2.0,0,0.0,0.0,14.0,0
6014.85,8588.81,2523.96,46.74,91710,33.990646,-117.663025,0.0,111.1,185.0,0,54,2.0,0.0,2.0,2.0,0,2.0,2.0,16.0,1
1270.2,1670.65,300.45,20.03,95595,40.170357,-123.417298,0.0,86.2,1102.0,0,15,0.0,2.0,0.0,2.0,0,0.0,2.0,59.0,1
219.0,219.0,0.0,0.0,95635,38.921333,-120.897718,0.0,43.25,385.0,0,5,2.0,2.0,2.0,0.0,0,2.0,0.0,59.0,1
1555.65,1859.49,303.84,18.99,96024,40.586588,-122.903677,0.0,95.6,265.0,0,16,0.0,0.0,2.0,2.0,0,2.0,2.0,30.0,1
6145.85,7015.27,869.42,14.99,90038,34.088017,-118.327168,1.0,106.45,552.0,0,58,0.0,2.0,2.0,2.0,0,2.0,2.0,12.0,1
119.75,181.21,61.46,30.73,94596,37.900662,-122.052782,0.0,68.95,1043.0,0,2,0.0,0.0,0.0,2.0,0,0.0,2.0,39.0,1
1588.7,1963.4,374.7,12.49,92861,33.817473,-117.810462,0.0,54.45,1036.0,6,30,0.0,2.0,0.0,1.0,2,0.0,0.0,19.0,0
934.1,1145.3,111.2,11.12,92126,32.886925,-117.152162,0.0,92.5,852.0,1,10,2.0,0.0,2.0,2.0,0,2.0,0.0,30.0,1
6145.85,7015.27,869.42,14.99,90038,34.088017,-118.327168,1.0,106.45,552.0,0,58,0.0,2.0,2.0,2.0,0,2.0,2.0,12.0,1
1151.05,1151.05,0.0,0.0,92069,33.162624,-117.170863,1.0,36.25,868.0,2,32,2.0,0.0,0.0,1.0,3,2.0,0.0,53.0,0
4689.5,5835.45,1145.95,27.95,90620,33.845706,-118.012204,0.0,113.2,118.0,0,41,0.0,2.0,2.0,2.0,0,2.0,2.0,23.0,1
407.05,745.45,338.4,18.8,93552,34.557711,-118.029441,1.0,20.1,722.0,0,18,1.0,1.0,1.0,3.0,0,1.0,1.0,0.0,0
3229.4,3351.2,121.8,2.9,95313,37.435664,-121.049056,0.0,74.15,233.0,1,42,0.0,2.0,0.0,2.0,0,0.0,0.0,21.0,1
2006.95,2997.45,990.5,14.15,94517,37.881842,-121.848111,2.0,26.0,193.0,1,70,1.0,1.0,1.0,3.0,0,1.0,1.0,0.0,0
2854.55,2834.39,0.0,0.0,95468,38.911299,-123.609588,0.0,54.45,773.0,0,53,0.0,0.0,2.0,1.0,0,2.0,0.0,25.0,1
302.75,519.87,177.12,44.28,95817,38.550722,-121.457314,0.0,80.85,838.0,1,4,0.0,0.0,0.0,2.0,0,0.0,2.0,59.0,1
1743.9,1778.46,34.56,1.92,93424,35.186644,-120.728305,2.0,93.9,52.0,0,18,2.0,0.0,0.0,2.0,0,2.0,0.0,25.0,0
3808.2,4473.15,664.95,10.23,93641,36.696759,-119.024051,2.0,59.8,616.0,7,65,2.0,0.0,0.0,0.0,0,0.0,0.0,14.0,0
242.4,618.3,375.9,37.59,92254,33.543835,-115.993906,1.0,20.45,597.0,0,10,1.0,1.0,1.0,3.0,1,1.0,1.0,0.0,0
711.95,801.95,0.0,0.0,95977,39.176595,-121.291692,1.0,70.5,923.0,0,18,2.0,2.0,2.0,1.0,0,0.0,0.0,48.0,0
684.4,2182.4,1498.0,42.8,91401,34.178483,-118.431791,2.0,20.2,1031.0,0,35,1.0,1.0,1.0,3.0,0,1.0,1.0,0.0,0
599.25,934.96,385.5,12.85,92122,32.85723,-117.209774,2.0,19.7,852.0,1,30,1.0,1.0,1.0,3.0,1,1.0,1.0,0.0,0
19.5,51.95,32.45,32.45,90265,34.074572,-118.831181,0.0,70.5,573.0,0,1,1.0,1.0,1.0,3.0,0,1.0,1.0,0.0,1
314.55,570.51,255.96,42.66,94937,38.099323,-122.945723,0.0,50.35,447.0,10,6,0.0,0.0,0.0,0.0,0,0.0,0.0,85.0,0
327.45,664.09,336.64,21.04,96086,41.924174,-123.260788,0.0,20.25,904.0,0,16,1.0,1.0,1.0,3.0,0,1.0,1.0,0.0,1
2952.85,3600.42,647.57,22.33,95209,38.044523,-121.348048,0.0,99.05,954.0,1,29,0.0,0.0,0.0,2.0,0,2.0,2.0,6.0,1
1994.3,3079.64,965.34,31.14,92506,33.930931,-117.361788,0.0,65.25,827.0,0,31,2.0,2.0,0.0,0.0,0,2.0,0.0,52.0,1
1498.2,2219.51,770.88,35.04,96009,41.083464,-121.107929,1.0,69.5,78.0,1,22,0.0,0.0,2.0,1.0,0,0.0,2.0,76.0,1
5706.2,5781.1,74.9,1.07,94576,38.554383,-122.474773,2.0,84.6,247.0,3,70,2.0,2.0,2.0,2.0,0,0.0,0.0,21.0,0
40.1,50.1,0.0,0.0,94567,38.672708,-122.403219,0.0,40.1,777.0,1,1,2.0,0.0,0.0,1.0,2,0.0,0.0,12.0,1
4451.85,5433.54,981.69,22.83,93239,35.996923,-120.000951,1.0,104.3,470.0,0,43,2.0,0.0,0.0,2.0,2,2.0,2.0,47.0,0
181.5,262.36,80.86,40.43,92122,32.85723,-117.209774,0.0,85.65,852.0,0,2,0.0,0.0,0.0,0.0,0,0.0,2.0,27.0,1
5222.35,6104.85,882.5,17.65,92268,34.201108,-116.593456,0.0,104.95,759.0,0,50,2.0,0.0,0.0,2.0,0,2.0,0.0,29.0,0
2967.35,4355.65,1308.3,43.61,95209,38.044523,-121.348048,0.0,99.7,954.0,0,30,0.0,0.0,2.0,2.0,0,0.0,0.0,8.0,1
1023.9,1613.18,589.28,36.83,95838,38.646096,-121.442433,0.0,59.4,838.0,0,16,2.0,0.0,0.0,1.0,0,0.0,0.0,16.0,1
1816.75,2558.81,742.06,33.73,94060,37.22565,-122.297533,0.0,84.75,744.0,0,22,0.0,0.0,0.0,2.0,2,0.0,2.0,19.0,0
7308.95,10067.14,2764.3,39.49,90744,33.782068,-118.262263,1.0,104.8,1075.0,3,70,0.0,0.0,2.0,2.0,0,2.0,0.0,28.0,0
348.8,945.68,596.88,33.16,92506,33.930931,-117.361788,0.0,19.0,827.0,0,18,1.0,1.0,1.0,3.0,0,1.0,1.0,0.0,0
294.5,560.92,266.42,19.03,95666,38.546999,-120.271114,1.0,19.55,758.0,9,14,1.0,1.0,1.0,3.0,0,1.0,1.0,0.0,0
69.75,103.59,33.84,33.84,94520,38.013825,-122.039144,0.0,69.75,212.0,0,1,0.0,0.0,0.0,2.0,0,0.0,0.0,5.0,1
160.8,244.08,83.28,41.64,92384,35.924252,-116.188668,0.0,76.4,916.0,0,2,2.0,0.0,0.0,1.0,0,2.0,2.0,25.0,1
3692.85,3867.57,174.72,4.48,93656,36.452211,-119.94575,1.0,95.55,826.0,0,39,2.0,2.0,0.0,2.0,0,2.0,2.0,71.0,1
3046.4,3590.4,484.0,8.8,95014,37.306612,-122.080621,2.0,57.55,235.0,1,55,2.0,2.0,2.0,1.0,0,0.0,0.0,48.0,1
515.45,707.67,192.22,27.46,92276,33.849263,-116.382778,0.0,69.85,993.0,0,7,0.0,0.0,0.0,2.0,0,0.0,0.0,4.0,0
1529.2,2149.2,620.0,38.75,92027,33.141265,-116.967221,0.0,96.15,305.0,0,16,0.0,0.0,0.0,2.0,0,0.0,0.0,16.0,1
19.3,44.92,25.62,25.62,92324,34.030915,-117.273201,0.0,19.3,207.0,0,1,1.0,1.0,1.0,3.0,0,1.0,1.0,0.0,1
25.3,35.3,0.0,0.0,92121,32.898613,-117.202937,0.0,25.3,852.0,0,1,0.0,0.0,0.0,0.0,3,0.0,0.0,51.0,1
161.5,256.44,94.94,47.47,93215,35.772244,-119.209689,0.0,89.5,250.0,0,2,0.0,0.0,2.0,2.0,0,0.0,2.0,19.0,1
6975.25,8806.75,1831.5,27.75,94564,37.996462,-122.293716,1.0,105.95,756.0,1,66,2.0,0.0,0.0,2.0,0,2.0,0.0,11.0,1
1149.65,2623.85,1474.2,27.3,91362,34.191842,-118.822796,2.0,20.0,992.0,0,54,1.0,1.0,1.0,3.0,0,1.0,1.0,0.0,0
45.3,103.67,28.37,28.37,96029,39.84784,-122.544556,0.0,45.3,327.0,0,1,0.0,0.0,0.0,1.0,0,0.0,0.0,7.0,1
1308.1,1401.96,93.86,7.22,94945,38.135897,-122.563683,0.0,100.8,679.0,0,13,0.0,2.0,0.0,2.0,0,0.0,0.0,28.0,1
239.0,497.5,303.96,25.33,92262,33.839989,-116.659215,0.0,19.2,721.0,2,12,1.0,1.0,1.0,3.0,1,1.0,1.0,0.0,0
261.25,303.81,42.56,10.64,95709,38.748316,-120.675512,0.0,68.65,140.0,0,4,0.0,0.0,2.0,1.0,0,0.0,2.0,23.0,1
4554.85,5569.75,1014.9,19.9,92075,33.001813,-117.263628,1.0,90.15,927.0,4,51,0.0,0.0,0.0,2.0,3,2.0,2.0,59.0,0
811.8,1104.2,292.4,29.24,90043,33.988543,-118.334081,0.0,74.15,552.0,0,10,0.0,0.0,0.0,2.0,0,0.0,2.0,85.0,1
178.1,230.2,52.1,26.05,95111,37.284265,-121.827673,0.0,94.95,861.0,0,2,0.0,0.0,0.0,2.0,0,2.0,2.0,2.0,1
4059.35,5997.3,1937.95,39.55,93563,34.39583,-117.734568,1.0,84.35,1030.0,1,49,2.0,2.0,0.0,0.0,0,2.0,2.0,10.0,1
2094.9,2816.25,721.35,20.61,94580,37.676249,-122.132415,0.0,59.6,865.0,0,35,0.0,2.0,0.0,1.0,0,2.0,0.0,16.0,0
50.45,60.18,9.73,9.73,92027,33.141265,-116.967221,0.0,50.45,305.0,1,1,0.0,0.0,0.0,1.0,2,2.0,0.0,29.0,1
7251.9,8916.04,1667.73,24.17,92116,32.765299,-117.122565,1.0,106.4,852.0,9,69,2.0,2.0,2.0,2.0,0,0.0,2.0,5.0,0
899.8,1509.7,609.9,40.66,90059,33.927254,-118.249826,0.0,55.7,552.0,0,15,0.0,2.0,0.0,1.0,0,0.0,0.0,8.0,1
5435.0,6282.35,847.35,13.45,92843,33.764018,-117.931507,2.0,83.5,355.0,1,63,0.0,2.0,2.0,1.0,0,2.0,2.0,69.0,0
1873.7,5057.34,3183.64,44.84,90018,34.028735,-118.317236,2.0,25.05,552.0,0,71,1.0,1.0,1.0,3.0,0,1.0,1.0,0.0,0
129.55,315.67,186.12,31.02,92518,33.888323,-117.277533,0.0,19.7,579.0,0,6,1.0,1.0,1.0,3.0,0,1.0,1.0,0.0,0
1185.95,2269.39,1083.44,18.68,90002,33.949255,-118.246978,2.0,70.5,552.0,9,58,1.0,1.0,1.0,3.0,0,1.0,1.0,0.0,0
123.65,270.17,146.52,48.84,91355,34.43987,-118.644609,0.0,43.3,1023.0,0,3,0.0,0.0,0.0,1.0,0,0.0,2.0,41.0,1
39.65,59.65,0.0,0.0,90022,34.02381,-118.156582,0.0,39.65,552.0,0,1,0.0,0.0,0.0,1.0,0,2.0,0.0,8.0,1
242.8,220.38,23.02,11.51,91042,34.296574,-118.244839,0.0,104.4,1007.0,1,2,2.0,0.0,0.0,2.0,3,2.0,2.0,53.0,1
3496.3,5642.79,2146.49,45.67,90043,33.988543,-118.334081,2.0,74.05,552.0,0,47,2.0,2.0,2.0,1.0,0,0.0,2.0,3.0,0
2331.3,3204.15,872.85,37.95,93035,34.18454,-119.224666,0.0,99.85,712.0,1,23,2.0,2.0,0.0,2.0,0,0.0,2.0,27.0,1
48.6,55.14,6.54,6.54,93212,36.04533,-119.532424,0.0,48.6,215.0,0,1,0.0,2.0,0.0,0.0,0,0.0,0.0,52.0,1
4719.75,4719.75,0.0,0.0,93925,36.596271,-121.442274,2.0,64.8,188.0,9,72,2.0,2.0,2.0,1.0,0,2.0,2.0,18.0,0
42.9,141.96,99.06,49.53,95776,38.694081,-121.694431,0.0,20.4,1090.0,0,2,1.0,1.0,1.0,3.0,2,1.0,1.0,0.0,0
4667.0,6134.18,1467.18,27.17,95449,38.93706,-123.118111,0.0,89.8,429.0,0,54,0.0,2.0,0.0,2.0,0,2.0,0.0,24.0,0
842.25,1212.1,369.85,28.45,93710,36.822715,-119.761826,0.0,67.8,349.0,0,13,2.0,2.0,2.0,1.0,0,0.0,2.0,30.0,0
2404.15,2919.68,515.53,16.63,94545,37.62984,-122.120843,0.0,79.85,408.0,0,31,2.0,0.0,0.0,2.0,0,0.0,0.0,12.0,1
35.1,40.02,4.92,2.46,91316,34.150354,-118.518292,0.0,20.35,303.0,0,2,1.0,1.0,1.0,3.0,0,1.0,1.0,0.0,0
112.75,159.07,46.32,7.72,90630,33.818477,-118.038307,0.0,20.7,237.0,0,6,1.0,1.0,1.0,3.0,0,1.0,1.0,0.0,0
185.55,203.27,17.72,8.86,94947,38.112166,-122.634384,0.0,89.55,679.0,1,2,0.0,0.0,0.0,2.0,0,0.0,2.0,23.0,1
255.35,748.67,493.32,41.11,94122,37.760412,-122.484966,0.0,20.45,855.0,0,12,1.0,1.0,1.0,3.0,0,1.0,1.0,0.0,0
4096.9,5306.4,1209.5,20.5,95951,39.732767,-122.042298,1.0,69.1,400.0,1,59,2.0,2.0,0.0,0.0,0,0.0,2.0,53.0,0
2227.8,3429.98,1202.18,38.78,91931,32.857946,-116.561917,0.0,76.05,394.0,0,31,0.0,0.0,0.0,2.0,0,0.0,0.0,59.0,0
70.1,87.47,17.37,17.37,95527,40.854512,-123.450097,0.0,70.1,122.0,0,1,0.0,0.0,0.0,2.0,0,0.0,0.0,25.0,1
2419.55,4367.57,1922.8,43.7,96010,40.775272,-123.287414,0.0,56.25,79.0,10,44,2.0,2.0,0.0,1.0,3,0.0,0.0,75.0,0
1208.6,2487.32,1278.72,19.98,91761,34.035602,-117.591528,2.0,19.45,700.0,8,64,1.0,1.0,1.0,3.0,0,1.0,1.0,0.0,0
3273.55,5152.99,1879.44,45.84,95247,38.147852,-120.440124,0.0,83.75,648.0,1,41,0.0,2.0,0.0,2.0,0,2.0,0.0,18.0,1
288.05,755.15,467.1,31.14,92121,32.898613,-117.202937,0.0,20.0,852.0,1,15,1.0,1.0,1.0,3.0,3,1.0,1.0,0.0,1
1265.65,1840.49,424.84,16.34,95066,37.070177,-122.010077,0.0,49.5,899.0,0,26,0.0,0.0,0.0,1.0,1,0.0,0.0,19.0,0
3608.0,3755.52,147.52,4.61,92880,33.918043,-117.617809,1.0,109.55,217.0,0,32,2.0,2.0,0.0,2.0,0,2.0,2.0,12.0,0
641.15,1036.35,395.2,12.35,92101,32.72523,-117.171346,0.0,19.4,852.0,1,32,1.0,1.0,1.0,3.0,0,1.0,1.0,0.0,0
4534.9,6381.54,1846.64,45.04,92705,33.766004,-117.786763,1.0,111.95,881.0,1,41,2.0,0.0,2.0,0.0,0,2.0,0.0,29.0,1
44.0,59.66,15.66,15.66,92225,33.674583,-114.71612,0.0,44.0,94.0,0,1,0.0,0.0,0.0,1.0,2,0.0,0.0,29.0,0
2974.5,4097.1,1122.6,37.42,94132,37.722302,-122.491129,2.0,101.3,855.0,0,30,2.0,0.0,0.0,2.0,1,0.0,2.0,17.0,0
5731.85,7689.75,1957.9,27.97,92107,32.741852,-117.243453,2.0,79.25,852.0,8,70,2.0,2.0,2.0,0.0,0,2.0,0.0,2.0,0
258.35,314.87,56.52,4.71,91006,34.137319,-118.029837,2.0,19.7,36.0,7,12,1.0,1.0,1.0,3.0,3,1.0,1.0,0.0,0
733.5,789.4,55.9,5.59,90201,33.970343,-118.171368,2.0,73.35,66.0,6,10,2.0,0.0,2.0,1.0,3,2.0,0.0,59.0,0
89.75,120.75,31.0,15.5,93667,36.993666,-119.348267,0.0,45.0,995.0,8,2,0.0,0.0,0.0,1.0,0,0.0,0.0,12.0,0
5029.05,6361.5,1332.45,21.15,92618,33.667145,-117.732135,0.0,81.55,449.0,1,63,0.0,0.0,2.0,2.0,0,0.0,0.0,24.0,0
18.85,26.65,7.8,7.8,95223,38.32153,-120.236358,0.0,18.85,39.0,0,1,1.0,1.0,1.0,3.0,0,1.0,1.0,0.0,0
401.1,567.18,211.45,42.29,91770,34.065108,-118.082791,0.0,85.4,832.0,1,5,2.0,0.0,2.0,2.0,0,0.0,0.0,16.0,1
73.6,79.79,6.19,6.19,92122,32.85723,-117.209774,0.0,73.6,852.0,0,1,0.0,2.0,0.0,2.0,0,0.0,2.0,52.0,1
1852.85,2120.81,267.96,12.76,90501,33.833699,-118.314387,0.0,82.35,999.0,0,21,0.0,0.0,2.0,2.0,0,0.0,2.0,48.0,1
851.75,911.85,60.1,6.01,90240,33.956228,-118.120993,0.0,85.55,266.0,0,10,0.0,0.0,0.0,2.0,0,0.0,0.0,27.0,1
2296.25,4333.4,1947.15,43.27,95701,39.218096,-120.79153,2.0,53.3,17.0,10,45,0.0,2.0,0.0,1.0,0,2.0,0.0,4.0,0
1742.95,1946.35,203.4,11.3,95428,39.83307,-123.178765,0.0,99.4,226.0,1,18,0.0,2.0,0.0,2.0,0,0.0,2.0,16.0,1
1426.45,2398.09,941.64,33.63,94618,37.84551,-122.235181,1.0,54.35,688.0,1,28,2.0,2.0,0.0,1.0,0,0.0,0.0,48.0,0
19.9,21.4,1.5,1.5,95959,39.333737,-120.858667,0.0,19.9,655.0,0,1,1.0,1.0,1.0,3.0,0,1.0,1.0,0.0,0
615.35,1622.06,1006.71,43.77,95715,39.23754,-120.720196,1.0,24.8,301.0,0,23,1.0,1.0,1.0,3.0,0,1.0,1.0,0.0,0
196.75,247.13,50.38,25.19,92325,34.248061,-117.29028,0.0,93.85,230.0,0,2,0.0,0.0,0.0,2.0,0,0.0,0.0,14.0,1
4304.0,5898.87,1594.87,37.09,93424,35.186644,-120.728305,1.0,100.55,52.0,10,43,0.0,0.0,2.0,2.0,0,2.0,2.0,8.0,0
7317.1,9619.63,2302.53,33.37,94024,37.352911,-122.093002,1.0,107.2,551.0,8,69,2.0,2.0,2.0,2.0,0,2.0,2.0,24.0,0
1531.4,1950.84,419.44,29.96,93621,36.789213,-119.140338,0.0,104.85,274.0,0,14,0.0,0.0,2.0,2.0,0,2.0,0.0,7.0,1
6590.8,7942.15,1351.35,21.45,94510,38.113533,-122.11926,1.0,104.5,72.0,0,63,2.0,2.0,2.0,2.0,0,2.0,0.0,85.0,0
124.4,187.64,63.24,10.54,94021,37.266388,-122.26308,1.0,19.15,542.0,0,6,1.0,1.0,1.0,3.0,0,1.0,1.0,0.0,0
5121.3,5370.42,249.12,5.19,92075,33.001813,-117.263628,0.0,107.4,927.0,0,48,0.0,0.0,2.0,2.0,0,2.0,2.0,47.0,1
653.9,944.75,293.13,32.57,96007,40.448632,-122.306657,0.0,80.55,24.0,0,9,0.0,0.0,2.0,2.0,0,2.0,0.0,13.0,0
442.6,1291.8,849.2,42.46,95219,38.029729,-121.387999,0.0,20.35,954.0,9,20,1.0,1.0,1.0,3.0,3,1.0,1.0,0.0,0
6254.2,8054.52,1800.32,28.13,95663,38.859093,-121.182872,1.0,100.05,742.0,0,64,0.0,0.0,0.0,2.0,0,2.0,2.0,18.0,1
50.75,93.78,43.03,43.03,91748,33.976753,-117.897367,0.0,50.75,836.0,0,1,0.0,0.0,2.0,1.0,0,0.0,0.0,3.0,1
60.0,113.48,43.48,43.48,93436,34.601055,-120.382917,0.0,60.0,544.0,0,1,2.0,2.0,2.0,1.0,2,0.0,0.0,16.0,1
20.9,36.63,15.73,15.73,95254,38.192608,-120.957842,0.0,20.9,1041.0,0,1,1.0,1.0,1.0,3.0,0,1.0,1.0,0.0,1
717.5,1291.37,573.87,15.51,95407,38.394091,-122.739814,1.0,19.85,891.0,8,37,1.0,1.0,1.0,3.0,0,1.0,1.0,0.0,0
813.3,2366.93,1553.63,41.99,94304,37.386978,-122.177746,2.0,19.8,723.0,0,37,1.0,1.0,1.0,3.0,0,1.0,1.0,0.0,0
809.75,821.81,12.06,1.34,94010,37.57028,-122.365778,0.0,90.8,120.0,0,9,0.0,0.0,0.0,2.0,0,0.0,2.0,9.0,1
2215.4,2215.4,0.0,0.0,94946,38.065359,-122.665566,2.0,53.95,664.0,8,41,0.0,0.0,2.0,0.0,0,2.0,2.0,9.0,0
51.2,54.18,2.98,2.98,92879,33.893823,-117.531446,0.0,51.2,217.0,0,1,0.0,2.0,0.0,0.0,3,0.0,0.0,26.0,0
5196.1,6019.78,823.68,12.48,94606,37.792489,-122.244314,2.0,79.5,688.0,0,66,2.0,0.0,2.0,1.0,2,2.0,2.0,23.0,0
2473.95,3042.86,600.3,13.05,93103,34.438581,-119.685368,0.0,55.0,882.0,9,46,0.0,2.0,0.0,1.0,0,0.0,0.0,15.0,0
7611.85,8617.57,1005.72,14.79,90403,34.031529,-118.491156,2.0,110.0,889.0,4,68,2.0,0.0,2.0,2.0,0,2.0,2.0,47.0,1
222.3,301.08,78.78,26.26,93219,35.858054,-119.305858,0.0,69.55,280.0,0,3,0.0,0.0,0.0,2.0,0,0.0,0.0,30.0,1
1248.9,1795.78,546.88,34.18,96033,40.740138,-122.587476,0.0,80.55,348.0,0,16,0.0,0.0,2.0,2.0,0,0.0,0.0,8.0,0
780.1,1989.3,1254.8,31.37,91324,34.238208,-118.55029,2.0,19.1,677.0,1,40,1.0,1.0,1.0,3.0,0,1.0,1.0,0.0,0
1151.55,1642.5,490.95,32.73,95943,39.597975,-122.032248,0.0,75.1,369.0,7,15,0.0,2.0,0.0,2.0,1,0.0,0.0,17.0,0
89.1,105.16,16.06,16.06,94619,37.787186,-122.14633,0.0,89.1,688.0,0,1,0.0,0.0,0.0,2.0,0,0.0,2.0,3.0,1
2838.55,4462.7,1624.15,29.53,92281,33.03679,-115.60503,1.0,51.65,1063.0,5,55,0.0,0.0,0.0,0.0,0,0.0,0.0,29.0,0
347.25,347.25,0.0,0.0,92530,33.655421,-117.391751,0.0,31.05,501.0,0,13,0.0,0.0,2.0,0.0,0,0.0,0.0,16.0,1
416.45,557.03,140.58,15.62,92108,32.774046,-117.142454,0.0,45.15,852.0,0,9,0.0,0.0,0.0,1.0,0,0.0,0.0,2.0,1
937.6,1576.0,638.4,45.6,93550,34.536232,-118.082935,0.0,65.45,722.0,1,14,0.0,2.0,2.0,0.0,1,0.0,0.0,19.0,1
2531.8,4211.35,1539.55,37.55,91711,34.127621,-117.717863,1.0,65.0,191.0,0,41,0.0,0.0,0.0,1.0,0,2.0,2.0,30.0,0
4599.15,6044.65,1485.96,35.38,90713,33.847755,-118.112532,1.0,105.2,509.0,2,42,0.0,2.0,0.0,2.0,0,2.0,2.0,7.0,0
761.85,2217.57,1455.72,34.66,95603,38.912881,-121.082766,1.0,19.05,48.0,4,42,1.0,1.0,1.0,3.0,3,1.0,1.0,0.0,0
19.5,51.95,32.45,32.45,90265,34.074572,-118.831181,0.0,70.5,573.0,0,1,1.0,1.0,1.0,3.0,0,1.0,1.0,0.0,1
119.3,158.18,38.88,6.48,93653,37.252057,-119.95783,0.0,19.85,802.0,1,6,1.0,1.0,1.0,3.0,1,1.0,1.0,0.0,0
306.05,712.85,406.8,33.9,91764,34.074087,-117.605618,0.0,21.15,700.0,8,12,1.0,1.0,1.0,3.0,2,1.0,1.0,0.0,0
1103.25,2524.05,1420.8,23.68,92704,33.719869,-117.907063,2.0,19.25,881.0,2,60,1.0,1.0,1.0,3.0,3,1.0,1.0,0.0,0
877.35,1050.51,173.16,13.32,94940,38.129308,-122.834815,1.0,64.75,584.0,1,13,0.0,0.0,0.0,1.0,1,0.0,2.0,21.0,0
302.35,396.35,94.0,23.5,95132,37.424655,-121.74841,0.0,75.65,861.0,0,4,0.0,0.0,0.0,2.0,0,0.0,0.0,22.0,0
3187.65,4141.83,954.18,25.11,92203,33.752938,-116.230055,1.0,84.1,445.0,0,38,0.0,2.0,2.0,1.0,0,2.0,2.0,13.0,0
71.65,89.19,17.54,17.54,90704,33.391181,-118.421305,0.0,71.65,49.0,0,1,0.0,0.0,0.0,2.0,0,0.0,0.0,16.0,1
75.8,90.28,14.48,14.48,95422,38.965804,-122.631779,0.0,75.8,194.0,0,1,0.0,0.0,2.0,2.0,0,0.0,0.0,26.0,1
220.75,341.03,120.28,30.07,93662,36.545322,-119.642281,0.0,44.55,905.0,0,4,0.0,0.0,0.0,0.0,0,0.0,0.0,29.0,0
909.25,1338.85,429.6,35.8,95326,37.5923,-120.853288,0.0,78.3,432.0,0,12,0.0,2.0,0.0,2.0,0,0.0,0.0,25.0,1
918.6,1356.99,438.39,48.71,94102,37.7795,-122.419233,0.0,100.5,855.0,0,9,0.0,0.0,0.0,2.0,0,2.0,2.0,15.0,1
740.8,913.39,172.59,15.69,95351,37.621458,-121.012295,0.0,66.35,620.0,1,11,2.0,0.0,0.0,1.0,0,0.0,2.0,12.0,1
2659.4,3653.96,994.56,35.52,95548,41.572813,-124.035011,0.0,94.5,476.0,0,28,0.0,2.0,2.0,2.0,0,0.0,2.0,26.0,1
7752.3,10022.26,2269.96,33.88,95560,40.142256,-123.852927,2.0,116.2,808.0,0,67,2.0,2.0,2.0,2.0,0,2.0,2.0,71.0,1
595.05,1179.87,584.82,21.66,93728,36.757345,-119.818274,1.0,20.3,349.0,0,27,1.0,1.0,1.0,3.0,0,1.0,1.0,0.0,0
3959.35,4698.97,766.92,18.26,95420,39.361283,-123.784599,0.0,95.25,166.0,1,42,0.0,0.0,2.0,2.0,0,2.0,0.0,29.0,1
834.1,893.3,59.2,5.92,92630,33.644849,-117.684254,0.0,86.05,502.0,0,10,0.0,0.0,0.0,2.0,0,0.0,0.0,11.0,1
20.85,43.71,22.86,22.86,93440,34.758699,-120.275839,0.0,20.85,550.0,1,1,1.0,1.0,1.0,3.0,0,1.0,1.0,0.0,1
7446.9,10013.7,2566.8,37.2,95035,37.441931,-121.878502,0.0,103.95,613.0,1,69,0.0,0.0,2.0,2.0,0,2.0,2.0,27.0,1
561.15,964.15,416.07,15.41,95977,39.176595,-121.291692,2.0,19.6,923.0,0,27,1.0,1.0,1.0,3.0,0,1.0,1.0,0.0,0
144.55,232.61,78.06,39.03,92126,32.886925,-117.152162,0.0,80.25,852.0,0,2,0.0,0.0,0.0,2.0,0,0.0,0.0,30.0,1
1470.95,1800.75,329.8,16.49,94014,37.691561,-122.445202,0.0,70.45,239.0,1,20,0.0,0.0,0.0,2.0,0,0.0,0.0,8.0,1
19.25,28.69,9.44,9.44,91977,32.726627,-116.994608,0.0,19.25,944.0,0,1,1.0,1.0,1.0,3.0,0,1.0,1.0,0.0,0
1855.65,2495.19,639.54,29.07,95409,38.468893,-122.580539,0.0,84.3,891.0,0,22,0.0,0.0,2.0,2.0,0,0.0,2.0,52.0,1
6747.35,9139.19,2391.84,33.22,95660,38.671295,-121.388251,0.0,94.65,672.0,9,72,0.0,0.0,0.0,2.0,0,2.0,2.0,23.0,0
1230.9,3476.22,2245.32,41.58,95318,37.654551,-119.822984,2.0,24.05,291.0,7,54,1.0,1.0,1.0,3.0,2,1.0,1.0,0.0,0
332.45,501.77,169.32,42.33,95815,38.608405,-121.449942,0.0,80.8,838.0,0,4,2.0,0.0,0.0,2.0,0,0.0,2.0,76.0,1
146.3,336.5,190.2,31.7,92109,32.787836,-117.232376,0.0,19.5,852.0,1,6,1.0,1.0,1.0,3.0,0,1.0,1.0,0.0,1
946.95,1566.94,619.99,36.47,91326,34.281911,-118.556218,1.0,56.1,780.0,0,17,0.0,2.0,2.0,0.0,0,0.0,0.0,15.0,0
1483.25,1950.29,327.04,20.44,94804,37.921034,-122.341798,0.0,94.25,816.0,0,16,0.0,2.0,0.0,2.0,0,0.0,2.0,59.0,1
69.4,112.86,33.46,33.46,95301,37.321233,-120.656354,0.0,69.4,46.0,1,1,0.0,0.0,0.0,2.0,0,0.0,0.0,12.0,1
593.85,905.61,311.76,34.64,95721,38.851842,-120.076204,0.0,68.95,282.0,2,9,2.0,2.0,2.0,1.0,0,0.0,0.0,7.0,0
161.5,256.44,94.94,47.47,93215,35.772244,-119.209689,0.0,89.5,250.0,0,2,0.0,0.0,2.0,2.0,0,0.0,2.0,19.0,1
235.8,468.36,232.56,19.38,95620,38.392821,-121.799917,0.0,21.05,260.0,0,12,1.0,1.0,1.0,3.0,2,1.0,1.0,0.0,0
1444.65,2178.6,733.95,48.93,93552,34.557711,-118.029441,0.0,93.35,722.0,0,15,0.0,0.0,0.0,2.0,0,0.0,2.0,15.0,1
1327.15,2066.35,739.2,13.2,94544,37.639215,-122.037554,2.0,25.15,408.0,1,56,1.0,1.0,1.0,3.0,0,1.0,1.0,0.0,1
434.8,434.8,0.0,0.0,95051,37.348129,-121.98469,0.0,24.85,883.0,4,19,0.0,0.0,0.0,0.0,1,0.0,0.0,85.0,0
207.4,314.31,86.91,28.97,93432,35.480896,-120.469476,0.0,69.6,231.0,0,3,0.0,0.0,0.0,2.0,0,0.0,0.0,16.0,0
5012.1,5817.95,805.85,11.35,95560,40.142256,-123.852927,1.0,71.0,808.0,10,71,2.0,2.0,2.0,1.0,0,0.0,0.0,24.0,0
477.7,706.3,228.6,45.72,95032,37.233034,-121.947427,0.0,89.5,554.0,0,5,0.0,0.0,0.0,2.0,0,0.0,0.0,6.0,1
1032.0,1062.0,0.0,0.0,95017,37.114335,-122.237162,0.0,36.5,243.0,1,27,0.0,0.0,0.0,1.0,0,0.0,0.0,25.0,1
190.25,190.25,0.0,0.0,91331,34.255442,-118.421314,0.0,24.95,716.0,0,9,0.0,0.0,0.0,1.0,0,0.0,0.0,7.0,0
533.9,1393.1,859.2,35.8,90029,34.089953,-118.294824,1.0,20.1,552.0,9,24,1.0,1.0,1.0,3.0,0,1.0,1.0,0.0,0
853.0,853.0,0.0,0.0,92124,32.827238,-117.089287,0.0,34.0,852.0,1,25,0.0,0.0,0.0,0.0,0,0.0,0.0,82.0,1
865.85,1404.18,560.88,29.52,91108,34.122671,-118.112911,0.0,45.0,869.0,0,19,0.0,0.0,0.0,1.0,0,0.0,0.0,5.0,0
4261.2,6365.68,2104.48,37.58,93664,37.223,-119.001021,2.0,75.85,910.0,6,56,2.0,2.0,2.0,1.0,1,0.0,2.0,26.0,0
5574.75,6202.64,636.02,10.78,93665,36.959731,-120.653519,0.0,93.85,937.0,0,59,0.0,0.0,0.0,2.0,0,0.0,0.0,15.0,1
20.1,60.93,40.83,40.83,92127,33.017518,-117.118456,0.0,20.1,852.0,0,1,1.0,1.0,1.0,3.0,0,1.0,1.0,0.0,1
4144.9,4636.05,491.15,8.93,95762,38.684437,-121.055634,0.0,73.1,288.0,0,55,0.0,0.0,0.0,2.0,0,0.0,0.0,26.0,0
19.75,35.52,15.77,15.77,90680,33.801869,-117.995068,0.0,19.75,949.0,0,1,1.0,1.0,1.0,3.0,0,1.0,1.0,0.0,0
3515.25,3615.25,0.0,0.0,93722,36.78979,-119.929894,2.0,49.35,349.0,1,71,0.0,0.0,2.0,0.0,0,0.0,2.0,25.0,1
2146.5,3195.6,1049.1,40.35,95358,37.612612,-121.108568,0.0,85.75,620.0,0,26,0.0,0.0,2.0,2.0,0,0.0,0.0,13.0,0
112.3,176.28,63.98,9.14,94541,37.674002,-122.076796,0.0,19.25,408.0,0,7,1.0,1.0,1.0,3.0,0,1.0,1.0,0.0,1
2619.15,3981.71,1379.52,43.11,95832,38.445939,-121.496855,1.0,79.25,838.0,4,32,2.0,0.0,0.0,2.0,0,0.0,0.0,18.0,0
1555.65,1859.49,303.84,18.99,96024,40.586588,-122.903677,0.0,95.6,265.0,0,16,0.0,0.0,2.0,2.0,0,2.0,2.0,30.0,1
365.65,512.69,147.04,36.76,94590,38.104705,-122.247387,0.0,89.6,1025.0,0,4,0.0,0.0,2.0,2.0,0,0.0,0.0,20.0,1
23.45,23.45,0.0,0.0,95121,37.304681,-121.809955,0.0,23.45,861.0,3,1,0.0,0.0,0.0,1.0,0,0.0,0.0,21.0,1
1051.9,2893.18,1841.28,32.88,95822,38.512569,-121.495184,2.0,19.7,838.0,0,56,1.0,1.0,1.0,3.0,0,1.0,1.0,0.0,0
683.75,782.91,99.16,2.68,94941,37.901371,-122.572024,0.0,19.35,610.0,1,37,1.0,1.0,1.0,3.0,2,1.0,1.0,0.0,0
416.45,557.03,140.58,15.62,92108,32.774046,-117.142454,0.0,45.15,852.0,0,9,0.0,0.0,0.0,1.0,0,0.0,0.0,2.0,1
69.8,80.88,11.08,11.08,95984,40.022184,-121.062384,0.0,69.8,1014.0,1,1,0.0,0.0,0.0,2.0,0,0.0,0.0,13.0,1
1810.85,1941.95,131.1,5.7,90212,34.062095,-118.401508,1.0,81.85,77.0,3,23,0.0,2.0,0.0,2.0,3,0.0,0.0,30.0,0
1766.75,2104.0,337.25,4.75,92082,33.25283,-116.986079,2.0,24.65,1026.0,0,71,1.0,1.0,1.0,3.0,0,1.0,1.0,0.0,0
6056.15,8116.4,2060.25,30.75,92129,32.961064,-117.134917,1.0,90.6,852.0,1,67,0.0,2.0,2.0,2.0,0,0.0,2.0,5.0,1
7554.05,10373.65,2819.6,40.28,92283,32.852947,-114.850784,0.0,106.05,1081.0,1,70,0.0,2.0,2.0,2.0,1,0.0,2.0,13.0,0
1263.05,4565.37,3345.98,49.94,90402,34.035849,-118.503508,2.0,20.05,889.0,7,67,1.0,1.0,1.0,3.0,0,1.0,1.0,0.0,0
7396.15,10368.31,2972.16,46.44,95117,37.311088,-121.961786,1.0,115.0,861.0,1,64,2.0,2.0,2.0,2.0,0,2.0,2.0,29.0,0
20.35,64.44,44.09,44.09,95660,38.671295,-121.388251,0.0,20.35,672.0,0,1,1.0,1.0,1.0,3.0,0,1.0,1.0,0.0,0
4154.8,4880.68,725.88,15.78,94105,37.789168,-122.395009,0.0,93.7,855.0,0,46,0.0,2.0,2.0,2.0,0,0.0,2.0,3.0,1
3646.8,4454.88,808.08,21.84,92126,32.886925,-117.152162,0.0,96.1,852.0,0,37,0.0,0.0,2.0,2.0,0,0.0,2.0,41.0,0
4747.2,5027.26,140.06,2.98,91101,34.146635,-118.139225,0.0,70.5,732.0,3,47,0.0,0.0,0.0,2.0,0,2.0,2.0,7.0,0
2391.8,3222.68,830.88,34.62,90670,33.933565,-118.062611,0.0,70.5,886.0,1,24,0.0,0.0,0.0,2.0,0,2.0,2.0,23.0,1
43.95,89.54,45.59,45.59,92583,33.796568,-116.924723,0.0,43.95,859.0,0,1,0.0,0.0,0.0,1.0,0,0.0,0.0,5.0,0
4065.0,5029.38,824.38,17.54,92249,32.730583,-115.501083,0.0,83.35,410.0,1,47,0.0,0.0,2.0,2.0,0,2.0,2.0,59.0,1
5038.15,7196.98,2158.83,42.33,95511,40.166028,-123.584144,0.0,99.0,11.0,0,51,0.0,0.0,2.0,2.0,0,2.0,2.0,2.0,0
2104.55,3162.71,1018.16,46.28,93932,35.989792,-121.055933,0.0,94.65,538.0,0,22,0.0,0.0,0.0,2.0,0,0.0,2.0,16.0,1
191.35,298.27,106.92,35.64,92028,33.362575,-117.299644,0.0,69.35,315.0,0,3,2.0,0.0,0.0,0.0,0,0.0,2.0,6.0,1
131.65,162.29,30.64,15.32,93287,35.710244,-118.881679,0.0,69.6,1092.0,0,2,0.0,0.0,0.0,2.0,0,0.0,0.0,21.0,1
1212.25,4055.41,2843.16,49.02,95456,39.245911,-123.77214,2.0,20.8,531.0,0,58,1.0,1.0,1.0,3.0,0,1.0,1.0,0.0,0
6137.0,6664.94,527.94,8.38,93702,36.739385,-119.753649,1.0,99.9,349.0,0,63,0.0,0.0,2.0,2.0,0,0.0,2.0,59.0,1
6375.8,8674.68,2298.88,35.92,92339,34.067699,-116.903891,2.0,99.0,332.0,7,64,0.0,2.0,0.0,2.0,0,2.0,2.0,11.0,0
1669.4,2031.2,361.8,24.12,95938,39.607831,-121.777959,0.0,101.75,277.0,8,15,0.0,2.0,0.0,2.0,0,2.0,2.0,13.0,0
6405.0,8546.71,2141.71,35.11,90028,34.099869,-118.326843,1.0,104.4,552.0,1,61,0.0,0.0,2.0,2.0,0,2.0,0.0,17.0,1
5685.8,8694.12,3008.32,44.24,90505,33.807882,-118.347957,1.0,83.0,999.0,1,68,0.0,0.0,0.0,2.0,0,0.0,0.0,5.0,1
159.15,227.46,68.31,22.77,96071,40.656287,-121.428965,0.0,55.15,696.0,0,3,0.0,0.0,0.0,1.0,0,0.0,2.0,51.0,1
134.35,188.89,54.54,27.27,93528,35.363339,-117.637641,0.0,65.7,458.0,1,2,0.0,0.0,0.0,1.0,2,0.0,2.0,51.0,1
44.9,60.66,15.76,15.76,91343,34.238802,-118.482296,0.0,44.9,673.0,0,1,0.0,0.0,0.0,1.0,0,0.0,0.0,13.0,0
193.8,279.58,85.78,42.89,95633,38.852544,-120.837669,0.0,94.2,356.0,0,2,0.0,0.0,0.0,2.0,0,0.0,2.0,13.0,1
69.7,91.22,21.52,21.52,91763,34.072121,-117.698319,0.0,69.7,625.0,0,1,0.0,0.0,0.0,2.0,0,0.0,0.0,25.0,1
6144.55,7767.97,1623.42,27.99,92647,33.723579,-118.005441,2.0,109.45,434.0,1,58,0.0,2.0,2.0,2.0,0,2.0,2.0,24.0,1
1008.55,1284.25,275.7,27.57,92129,32.961064,-117.134917,0.0,98.55,852.0,0,10,0.0,2.0,0.0,2.0,0,0.0,2.0,13.0,1
2651.2,2610.25,0.0,0.0,91024,34.168686,-118.057505,0.0,45.3,918.0,6,58,0.0,0.0,2.0,1.0,0,2.0,0.0,24.0,1
1758.6,2393.63,635.03,27.61,92586,33.707483,-117.200006,0.0,75.6,964.0,0,23,0.0,0.0,0.0,2.0,0,0.0,0.0,23.0,1
402.6,747.0,344.4,34.44,91321,34.370378,-118.504118,0.0,45.55,660.0,0,10,0.0,0.0,0.0,0.0,0,0.0,2.0,69.0,1
1254.7,2342.16,1087.46,49.43,95404,38.526941,-122.709096,0.0,59.0,891.0,0,22,0.0,2.0,2.0,0.0,0,0.0,0.0,17.0,1
824.75,884.15,59.4,5.4,95450,38.505995,-123.187019,0.0,74.55,457.0,0,11,0.0,0.0,2.0,2.0,0,0.0,0.0,41.0,1
1411.9,2002.84,590.94,8.82,90680,33.801869,-117.995068,2.0,20.8,949.0,6,67,1.0,1.0,1.0,3.0,2,1.0,1.0,0.0,0
1336.15,1857.79,521.64,19.32,91016,34.1528,-118.000482,0.0,49.85,623.0,5,27,0.0,0.0,2.0,1.0,5,0.0,0.0,30.0,0
25.2,25.2,0.0,0.0,95562,40.485849,-124.163234,0.0,25.2,818.0,0,1,0.0,0.0,0.0,0.0,0,0.0,0.0,5.0,1
799.65,855.95,56.3,5.63,92126,32.886925,-117.152162,0.0,74.75,852.0,0,10,0.0,0.0,0.0,2.0,0,0.0,0.0,26.0,1
1240.25,1240.25,0.0,0.0,92211,33.762759,-116.324817,0.0,54.15,720.0,0,24,0.0,0.0,2.0,1.0,0,2.0,2.0,52.0,1
1164.05,1832.13,668.08,47.72,93424,35.186644,-120.728305,0.0,86.0,52.0,0,14,2.0,2.0,0.0,2.0,1,0.0,0.0,22.0,0
6637.9,6850.3,212.4,2.95,94536,37.572273,-121.964583,2.0,91.15,346.0,4,72,2.0,2.0,2.0,0.0,0,2.0,2.0,26.0,0
3264.45,3264.45,0.0,0.0,94028,37.369709,-122.215844,1.0,45.25,783.0,0,70,0.0,0.0,0.0,1.0,0,0.0,0.0,20.0,1
900.9,3330.32,2429.42,49.58,90058,34.001617,-118.222274,1.0,20.45,552.0,5,49,1.0,1.0,1.0,3.0,0,1.0,1.0,0.0,0
45.6,57.33,11.73,11.73,92109,32.787836,-117.232376,0.0,45.6,852.0,0,1,0.0,0.0,0.0,1.0,0,0.0,0.0,24.0,1
70.6,97.72,27.12,27.12,92126,32.886925,-117.152162,0.0,70.6,852.0,0,1,0.0,0.0,0.0,2.0,0,0.0,0.0,23.0,1
1113.95,1113.95,0.0,0.0,95627,38.834469,-122.127193,1.0,34.05,306.0,0,33,2.0,2.0,0.0,0.0,2,0.0,0.0,12.0,0
2345.55,2345.55,0.0,0.0,95571,40.310119,-123.909449,2.0,70.5,1055.0,8,62,2.0,2.0,2.0,0.0,0,0.0,0.0,29.0,0
70.85,120.45,49.6,49.6,92625,33.600987,-117.862734,0.0,70.85,218.0,1,1,0.0,0.0,0.0,2.0,0,0.0,0.0,13.0,1
3243.45,3342.07,115.63,3.73,95350,37.671806,-121.007575,0.0,104.2,620.0,4,31,2.0,0.0,0.0,2.0,0,2.0,2.0,13.0,1
3344.1,3911.52,567.42,13.51,93460,34.630356,-120.032564,1.0,70.5,892.0,0,42,0.0,0.0,2.0,2.0,0,0.0,0.0,19.0,0
145.4,162.4,17.0,8.5,91744,34.031441,-117.936436,0.0,73.55,491.0,1,2,0.0,0.0,2.0,2.0,0,0.0,2.0,59.0,1
20.5,55.07,34.57,34.57,93429,34.866032,-120.536546,0.0,20.5,165.0,0,1,1.0,1.0,1.0,3.0,3,1.0,1.0,0.0,1
2878.55,3933.78,1065.46,18.37,92113,32.697098,-117.116587,1.0,50.3,852.0,10,58,0.0,0.0,0.0,1.0,0,2.0,0.0,18.0,0
69.75,103.59,33.84,33.84,94520,38.013825,-122.039144,0.0,69.75,212.0,0,1,0.0,0.0,0.0,2.0,0,0.0,0.0,5.0,1
1531.4,1950.84,419.44,29.96,93621,36.789213,-119.140338,0.0,104.85,274.0,0,14,0.0,0.0,2.0,2.0,0,2.0,0.0,7.0,1
5624.85,6147.93,550.68,10.59,91773,34.102119,-117.815532,0.0,105.05,853.0,6,52,0.0,0.0,2.0,2.0,0,2.0,2.0,48.0,1
20.85,43.71,22.86,22.86,93440,34.758699,-120.275839,0.0,20.85,550.0,1,1,1.0,1.0,1.0,3.0,0,1.0,1.0,0.0,1
2145.0,2285.0,0.0,0.0,92397,34.358321,-117.618263,0.0,45.3,1093.0,3,48,0.0,2.0,0.0,0.0,0,2.0,2.0,58.0,1
4155.95,6676.1,2520.15,47.55,93641,36.696759,-119.024051,1.0,77.4,616.0,1,53,2.0,2.0,0.0,1.0,0,2.0,0.0,13.0,0
19.85,48.95,29.1,29.1,95632,38.274451,-121.259201,0.0,19.85,353.0,0,1,1.0,1.0,1.0,3.0,2,1.0,1.0,0.0,0
1797.1,2095.9,298.8,4.15,90222,33.912246,-118.236773,2.0,25.4,211.0,8,72,1.0,1.0,1.0,3.0,0,1.0,1.0,0.0,0
1782.0,1772.61,0.0,0.0,92703,33.748635,-117.906125,2.0,34.2,881.0,7,51,2.0,2.0,0.0,0.0,2,0.0,2.0,27.0,0
1054.8,1569.02,514.22,36.73,96094,41.465121,-122.380947,2.0,76.1,1051.0,0,14,2.0,2.0,2.0,0.0,3,2.0,2.0,52.0,0
1067.15,1200.55,133.4,5.8,95636,38.636102,-120.522149,1.0,48.35,389.0,1,23,0.0,0.0,0.0,1.0,0,0.0,0.0,12.0,1
5692.65,6575.85,883.2,13.8,90249,33.90139,-118.315697,1.0,89.45,357.0,5,64,0.0,2.0,2.0,2.0,0,2.0,0.0,48.0,0
917.15,1790.61,873.46,25.69,95527,40.854512,-123.450097,1.0,25.6,122.0,6,34,1.0,1.0,1.0,3.0,1,1.0,1.0,0.0,0
38.15,107.29,69.14,34.57,95629,38.513484,-120.704613,0.0,19.95,322.0,0,2,1.0,1.0,1.0,3.0,0,1.0,1.0,0.0,0
45.7,58.5,12.8,12.8,92117,32.825086,-117.199424,0.0,45.7,852.0,3,1,0.0,0.0,0.0,1.0,0,0.0,0.0,5.0,1
95.1,99.99,4.89,4.89,90248,33.876482,-118.284077,0.0,95.1,357.0,1,1,0.0,0.0,0.0,2.0,0,0.0,0.0,11.0,1
2010.55,3723.1,1712.55,48.93,90807,33.830099,-118.182239,0.0,55.0,546.0,0,35,0.0,0.0,0.0,0.0,0,0.0,0.0,14.0,1
545.15,771.95,226.8,32.4,95987,39.117537,-122.284654,0.0,73.75,1071.0,0,7,0.0,0.0,0.0,2.0,0,0.0,0.0,7.0,1
902.25,1088.41,186.16,14.32,95035,37.441931,-121.878502,0.0,65.85,613.0,1,13,0.0,2.0,0.0,1.0,0,0.0,2.0,4.0,0
115.1,128.82,13.72,6.86,92059,33.384345,-117.072619,0.0,50.15,718.0,1,2,0.0,0.0,2.0,1.0,0,0.0,0.0,20.0,1
69.9,115.56,45.66,45.66,94555,37.555473,-122.080312,0.0,69.9,346.0,0,1,0.0,0.0,0.0,2.0,0,0.0,0.0,28.0,1
797.1,1025.3,228.2,6.52,95672,38.724322,-120.991237,2.0,23.3,812.0,0,35,1.0,1.0,1.0,3.0,0,1.0,1.0,0.0,0
130.5,215.6,85.1,42.55,90502,33.833181,-118.292062,2.0,59.5,999.0,8,2,2.0,2.0,2.0,1.0,4,0.0,0.0,53.0,0
819.4,1143.0,323.6,40.45,94704,37.871416,-122.246597,0.0,100.6,74.0,0,8,0.0,0.0,0.0,2.0,0,2.0,0.0,29.0,1
669.45,791.61,122.16,20.36,95301,37.321233,-120.656354,0.0,109.9,46.0,0,6,2.0,0.0,2.0,2.0,0,2.0,2.0,10.0,1
147.8,202.62,54.82,27.41,91607,34.165783,-118.399795,0.0,69.0,1029.0,1,2,0.0,0.0,0.0,0.0,0,2.0,2.0,23.0,0
44.05,74.78,30.73,30.73,91362,34.191842,-118.822796,0.0,44.05,992.0,0,1,0.0,0.0,0.0,0.0,0,0.0,0.0,10.0,0
402.85,1093.54,690.69,32.89,94972,38.339996,-122.935056,0.0,20.5,1027.0,0,21,1.0,1.0,1.0,3.0,0,1.0,1.0,0.0,0
2119.5,2309.76,190.26,9.06,94104,37.791222,-122.402241,0.0,97.35,855.0,0,21,0.0,0.0,0.0,2.0,0,0.0,2.0,10.0,1
38.25,100.27,62.02,31.01,95336,37.830267,-121.201018,1.0,20.5,577.0,0,2,1.0,1.0,1.0,3.0,3,1.0,1.0,0.0,0
1293.8,1293.8,0.0,0.0,90266,33.889632,-118.39737,0.0,48.25,576.0,0,25,0.0,0.0,0.0,0.0,0,2.0,2.0,59.0,0
593.75,1272.71,558.96,46.58,90660,33.989524,-118.089299,0.0,50.25,750.0,0,12,2.0,0.0,0.0,1.0,0,0.0,0.0,26.0,1
1715.65,1773.08,47.43,1.53,93702,36.739385,-119.753649,0.0,55.25,349.0,0,31,2.0,0.0,0.0,1.0,0,2.0,0.0,6.0,1
1916.0,3392.3,1476.3,42.18,94559,38.232389,-122.324944,1.0,54.95,651.0,5,35,2.0,2.0,0.0,0.0,0,0.0,0.0,59.0,0
2357.75,3423.5,1065.75,36.75,96145,39.178337,-120.162806,2.0,84.3,976.0,7,29,0.0,0.0,0.0,2.0,0,0.0,2.0,12.0,0
1111.65,1499.42,436.02,33.54,91206,34.162515,-118.203869,0.0,79.25,366.0,0,13,0.0,0.0,2.0,2.0,3,2.0,0.0,76.0,1
4922.4,7002.8,2080.4,37.15,94550,37.571748,-121.659562,0.0,86.4,534.0,0,56,0.0,2.0,2.0,2.0,0,0.0,0.0,13.0,0
90.35,90.35,0.0,0.0,94601,37.776523,-122.219268,0.0,49.25,688.0,0,2,0.0,0.0,0.0,1.0,0,2.0,2.0,51.0,1
3778.0,5210.64,1432.64,38.72,95333,37.249377,-120.249581,1.0,104.5,518.0,0,37,2.0,0.0,2.0,2.0,0,0.0,2.0,59.0,0
239.05,387.58,118.53,39.51,90038,34.088017,-118.327168,0.0,74.6,552.0,3,3,0.0,0.0,2.0,2.0,0,0.0,0.0,17.0,0
69.1,107.76,38.66,38.66,92130,32.957195,-117.202542,0.0,69.1,852.0,0,1,0.0,0.0,0.0,2.0,0,0.0,0.0,18.0,1
1529.2,2149.2,620.0,38.75,92027,33.141265,-116.967221,0.0,96.15,305.0,0,16,0.0,0.0,0.0,2.0,0,0.0,0.0,16.0,1
2497.2,3795.58,1238.38,47.63,95602,38.99003,-121.114408,0.0,95.0,48.0,0,26,0.0,2.0,2.0,2.0,0,0.0,0.0,26.0,1
365.4,452.64,87.24,21.81,96143,39.246654,-120.029273,0.0,91.65,473.0,1,4,0.0,0.0,2.0,2.0,0,0.0,0.0,14.0,1
78.95,102.91,23.96,23.96,95823,38.475465,-121.443625,0.0,78.95,838.0,0,1,0.0,0.0,0.0,2.0,0,0.0,0.0,22.0,1
365.65,512.69,147.04,36.76,94590,38.104705,-122.247387,0.0,89.6,1025.0,0,4,0.0,0.0,2.0,2.0,0,0.0,0.0,20.0,1
2989.6,3542.68,553.08,16.76,91942,32.782501,-117.01611,0.0,90.65,488.0,0,33,0.0,2.0,0.0,2.0,0,0.0,2.0,85.0,0
5601.4,8993.44,3392.04,49.16,93647,36.600185,-119.175655,2.0,81.95,710.0,1,69,2.0,0.0,2.0,1.0,2,2.0,2.0,48.0,0
8182.75,10270.75,2088.0,29.0,95823,38.475465,-121.443625,2.0,113.65,838.0,10,72,2.0,2.0,2.0,2.0,0,2.0,2.0,22.0,0
232.55,477.85,235.3,47.06,92070,33.174725,-116.743329,0.0,49.4,893.0,3,5,0.0,2.0,0.0,0.0,3,0.0,0.0,52.0,0
345.9,850.98,505.08,28.06,95961,39.082568,-121.55325,1.0,20.05,698.0,1,18,1.0,1.0,1.0,3.0,3,1.0,1.0,0.0,0
4116.8,4694.91,606.0,15.15,90720,33.79499,-118.065591,1.0,98.15,549.0,2,40,2.0,2.0,2.0,2.0,0,2.0,0.0,18.0,0
6981.35,8533.01,1551.66,23.51,90291,33.991782,-118.479229,2.0,106.05,1032.0,0,66,0.0,2.0,0.0,2.0,0,2.0,2.0,52.0,1
25.0,28.39,3.39,3.39,95614,38.880622,-120.973865,0.0,25.0,213.0,0,1,1.0,1.0,1.0,3.0,0,1.0,1.0,0.0,0
1958.45,3062.75,1064.3,36.7,90004,34.076259,-118.310715,1.0,69.05,552.0,5,29,2.0,2.0,0.0,1.0,2,0.0,0.0,69.0,0
533.05,682.64,149.59,21.37,94025,37.449551,-122.183762,0.0,70.5,600.0,2,7,0.0,0.0,0.0,2.0,0,0.0,0.0,21.0,0
3580.95,3580.95,0.0,0.0,95693,38.392559,-121.225093,2.0,49.2,1077.0,2,72,0.0,2.0,2.0,1.0,0,2.0,2.0,15.0,0
223.45,223.45,0.0,0.0,91789,34.018354,-117.85492,0.0,40.0,1042.0,0,5,2.0,2.0,0.0,0.0,0,2.0,2.0,59.0,1
740.8,913.39,172.59,15.69,95351,37.621458,-121.012295,0.0,66.35,620.0,1,11,2.0,0.0,0.0,1.0,0,0.0,2.0,12.0,1
3512.15,5736.47,2224.32,39.72,96056,41.10831,-121.360362,1.0,65.2,592.0,1,56,0.0,2.0,0.0,1.0,0,0.0,0.0,11.0,0
6557.75,8945.48,2387.73,40.47,94602,37.803883,-122.208417,1.0,109.15,688.0,7,59,0.0,2.0,2.0,2.0,0,2.0,2.0,4.0,0
4903.2,6628.2,1725.0,37.5,92879,33.893823,-117.531446,2.0,108.65,217.0,0,46,2.0,0.0,2.0,2.0,0,2.0,2.0,22.0,0
609.9,993.18,383.28,47.91,92109,32.787836,-117.232376,0.0,74.5,852.0,1,8,0.0,2.0,0.0,2.0,0,0.0,0.0,23.0,1
3270.25,4725.55,1455.3,44.1,95459,38.966713,-123.586412,0.0,100.6,575.0,6,33,0.0,0.0,2.0,2.0,0,0.0,0.0,22.0,0
260.8,556.0,295.2,49.2,94538,37.505768,-121.962472,0.0,44.6,346.0,5,6,0.0,0.0,0.0,1.0,1,0.0,0.0,21.0,1
168.2,189.26,21.06,10.53,92122,32.85723,-117.209774,0.0,90.4,852.0,0,2,0.0,0.0,0.0,2.0,0,0.0,2.0,8.0,1
401.95,1039.87,637.92,35.44,93451,35.886767,-120.608661,0.0,20.25,872.0,10,18,1.0,1.0,1.0,3.0,1,1.0,1.0,0.0,0
60.65,151.67,91.02,30.34,93603,36.64545,-118.924982,0.0,19.65,54.0,1,3,1.0,1.0,1.0,3.0,3,1.0,1.0,0.0,0
302.6,329.7,27.1,5.42,92570,33.787298,-117.320676,1.0,70.05,743.0,1,5,0.0,0.0,0.0,2.0,0,0.0,0.0,23.0,0
682.15,1380.43,698.28,21.16,92604,33.688546,-117.788091,1.0,20.15,449.0,0,33,1.0,1.0,1.0,3.0,3,1.0,1.0,0.0,0
912.0,1044.48,132.48,11.04,92501,33.994676,-117.372498,0.0,81.45,827.0,0,12,0.0,0.0,0.0,2.0,0,0.0,0.0,16.0,0
365.35,482.41,87.06,14.51,91792,34.024405,-117.898722,0.0,55.9,1056.0,1,6,0.0,2.0,2.0,0.0,3,0.0,0.0,20.0,1
1105.4,1408.67,303.27,27.57,90042,34.11572,-118.192754,0.0,97.85,552.0,0,11,0.0,0.0,0.0,0.0,2,2.0,2.0,18.0,1
1004.5,1533.46,528.96,11.02,93041,34.110124,-119.100972,1.0,19.95,779.0,0,48,1.0,1.0,1.0,3.0,0,1.0,1.0,0.0,0
238.1,236.76,37.5,12.5,93243,34.845861,-118.885163,0.0,74.75,519.0,0,3,0.0,0.0,0.0,2.0,0,2.0,0.0,4.0,0
550.35,550.35,0.0,0.0,94564,37.996462,-122.293716,0.0,33.6,756.0,0,18,0.0,2.0,0.0,1.0,0,2.0,0.0,30.0,0
7962.2,8273.24,311.04,4.32,95494,38.888351,-123.239647,2.0,110.6,1096.0,7,72,2.0,0.0,2.0,2.0,0,2.0,2.0,18.0,0
5839.3,6411.82,572.52,11.01,93405,35.236549,-120.727344,2.0,108.1,867.0,0,52,0.0,2.0,2.0,2.0,0,2.0,0.0,18.0,0
80.55,124.22,43.67,43.67,95403,38.488431,-122.752839,0.0,80.55,891.0,1,1,0.0,0.0,0.0,2.0,0,0.0,2.0,73.0,1
501.35,1046.21,544.86,20.18,93101,34.419203,-119.710008,1.0,19.15,882.0,0,27,1.0,1.0,1.0,3.0,0,1.0,1.0,0.0,0
3046.4,3590.4,484.0,8.8,95014,37.306612,-122.080621,2.0,57.55,235.0,1,55,2.0,2.0,2.0,1.0,0,0.0,0.0,48.0,1
5231.2,5657.2,426.0,7.1,95471,38.522328,-122.97932,2.0,89.55,820.0,0,60,0.0,0.0,0.0,2.0,0,2.0,0.0,10.0,0
1470.95,1800.75,329.8,16.49,94014,37.691561,-122.445202,0.0,70.45,239.0,1,20,0.0,0.0,0.0,2.0,0,0.0,0.0,8.0,1
5930.05,7717.99,1787.94,27.09,92507,33.976328,-117.319786,2.0,90.95,827.0,0,66,2.0,2.0,0.0,2.0,1,2.0,0.0,51.0,0
546.95,823.52,276.57,39.51,93612,36.814539,-119.711868,0.0,84.8,200.0,0,7,0.0,0.0,0.0,2.0,0,0.0,0.0,13.0,1
688.2,655.65,0.0,0.0,95428,39.83307,-123.178765,1.0,50.75,226.0,0,15,0.0,0.0,0.0,1.0,0,2.0,2.0,14.0,0
2254.2,2626.0,371.8,14.3,95558,40.274302,-124.210902,0.0,83.95,746.0,0,26,0.0,0.0,0.0,2.0,0,0.0,2.0,20.0,1
3529.95,3774.44,277.56,5.14,95747,38.784329,-121.373245,1.0,65.25,833.0,0,54,2.0,0.0,0.0,1.0,0,2.0,0.0,6.0,0
19.6,33.77,14.17,14.17,92122,32.85723,-117.209774,0.0,19.6,852.0,0,1,1.0,1.0,1.0,3.0,0,1.0,1.0,0.0,1
90.55,97.7,7.15,7.15,90804,33.783047,-118.1486,0.0,90.55,546.0,0,1,0.0,0.0,0.0,2.0,0,0.0,2.0,48.0,1
1800.05,2460.45,660.4,25.4,90605,33.960891,-118.032222,0.0,69.5,1069.0,0,26,0.0,2.0,2.0,1.0,0,0.0,0.0,10.0,0
2621.75,3596.73,974.98,33.62,90503,33.840399,-118.353714,0.0,87.8,999.0,1,29,0.0,0.0,0.0,2.0,2,0.0,2.0,13.0,0
134.05,425.53,291.48,41.64,96134,41.813521,-121.492666,1.0,70.5,1009.0,2,7,1.0,1.0,1.0,3.0,0,1.0,1.0,0.0,0
63.75,63.75,0.0,0.0,93513,37.245505,-118.062943,0.0,30.25,85.0,6,2,0.0,0.0,2.0,1.0,2,0.0,0.0,20.0,0
1110.35,2452.31,1341.96,25.32,96106,39.745805,-120.580882,2.0,19.4,197.0,8,53,1.0,1.0,1.0,3.0,3,1.0,1.0,0.0,0
6416.7,7274.7,858.0,13.2,90743,33.728273,-118.085304,2.0,99.05,970.0,5,65,2.0,2.0,2.0,2.0,0,0.0,0.0,13.0,0
342.4,434.24,91.84,5.74,91403,34.147149,-118.463365,0.0,19.7,913.0,0,16,1.0,1.0,1.0,3.0,0,1.0,1.0,0.0,1
1205.05,2144.05,939.0,15.65,93645,37.140104,-119.657092,2.0,20.55,682.0,4,60,1.0,1.0,1.0,3.0,3,1.0,1.0,0.0,0
6125.4,7529.08,1403.68,22.64,93624,36.397745,-120.119911,1.0,96.75,326.0,0,62,0.0,0.0,0.0,2.0,0,2.0,2.0,9.0,1
1638.7,1814.16,175.46,2.83,96071,40.656287,-121.428965,2.0,26.0,696.0,0,62,1.0,1.0,1.0,3.0,3,1.0,1.0,0.0,0
3457.9,4335.3,882.36,24.51,95050,37.351214,-121.952417,0.0,97.35,883.0,3,36,0.0,0.0,2.0,2.0,0,2.0,0.0,27.0,1
6145.85,7015.27,869.42,14.99,90038,34.088017,-118.327168,1.0,106.45,552.0,0,58,0.0,2.0,2.0,2.0,0,2.0,2.0,12.0,1
71.35,106.63,35.28,35.28,93549,36.296851,-117.865469,0.0,71.35,695.0,0,1,0.0,0.0,0.0,2.0,0,0.0,2.0,51.0,1
1052.4,1224.96,172.56,14.38,95240,38.123544,-121.159078,0.0,89.75,539.0,0,12,0.0,0.0,2.0,2.0,0,0.0,0.0,6.0,1
3027.65,4599.77,1572.12,47.64,90650,33.905963,-118.08263,2.0,88.95,678.0,0,33,2.0,2.0,0.0,2.0,0,0.0,0.0,18.0,0
237.3,727.13,489.83,44.53,93551,34.613476,-118.256358,0.0,20.45,722.0,0,11,1.0,1.0,1.0,3.0,0,1.0,1.0,0.0,0
2104.55,3162.71,1018.16,46.28,93932,35.989792,-121.055933,0.0,94.65,538.0,0,22,0.0,0.0,0.0,2.0,0,0.0,2.0,16.0,1
3326.2,5181.86,1855.66,45.26,95251,38.055562,-120.456298,0.0,79.9,1024.0,1,41,2.0,2.0,2.0,0.0,3,2.0,2.0,56.0,1
6424.7,7488.9,1064.2,15.65,90290,34.115192,-118.61017,2.0,91.7,997.0,10,68,2.0,2.0,2.0,1.0,0,2.0,2.0,5.0,0
74.7,96.61,21.91,21.91,92377,34.156758,-117.404686,0.0,74.7,814.0,0,1,0.0,0.0,2.0,2.0,0,0.0,0.0,8.0,1
131.65,162.29,30.64,15.32,93287,35.710244,-118.881679,0.0,69.6,1092.0,0,2,0.0,0.0,0.0,2.0,0,0.0,0.0,21.0,1
5084.65,5492.34,407.69,6.91,93953,36.587497,-121.944815,1.0,85.55,739.0,0,59,0.0,0.0,0.0,2.0,0,0.0,2.0,52.0,1
7611.85,8617.57,1005.72,14.79,90403,34.031529,-118.491156,2.0,110.0,889.0,4,68,2.0,0.0,2.0,2.0,0,2.0,2.0,47.0,1
930.45,2073.45,1143.0,25.4,90703,33.8681,-118.067402,1.0,20.4,179.0,0,45,1.0,1.0,1.0,3.0,0,1.0,1.0,0.0,1
990.45,3441.17,2450.72,46.24,92066,33.215251,-116.53633,1.0,19.05,793.0,5,53,1.0,1.0,1.0,3.0,0,1.0,1.0,0.0,0
706.85,706.85,0.0,0.0,93706,36.654614,-119.903674,0.0,54.45,349.0,1,13,2.0,2.0,0.0,0.0,0,0.0,2.0,71.0,1
129.15,406.28,277.13,39.59,95007,37.106902,-122.100006,1.0,20.25,114.0,0,7,1.0,1.0,1.0,3.0,0,1.0,1.0,0.0,0
906.85,951.95,45.1,4.1,91381,34.364153,-118.615583,0.0,84.8,950.0,0,11,0.0,0.0,0.0,2.0,0,0.0,0.0,5.0,1
1498.55,1635.75,37.2,1.2,91759,34.231318,-117.662032,0.0,49.2,647.0,4,31,2.0,0.0,0.0,1.0,0,0.0,0.0,15.0,0
3491.55,5482.76,1991.21,37.57,95968,39.435756,-121.552071,1.0,64.15,719.0,1,53,2.0,2.0,2.0,1.0,2,0.0,0.0,15.0,0
335.75,449.09,113.34,37.78,95951,39.732767,-122.042298,2.0,94.85,400.0,0,3,0.0,0.0,0.0,2.0,0,0.0,2.0,28.0,0
95.1,99.99,4.89,4.89,90248,33.876482,-118.284077,0.0,95.1,357.0,1,1,0.0,0.0,0.0,2.0,0,0.0,0.0,11.0,1
48.6,55.14,6.54,6.54,93212,36.04533,-119.532424,0.0,48.6,215.0,0,1,0.0,2.0,0.0,0.0,0,0.0,0.0,52.0,1
4707.1,6500.15,1793.05,38.15,90071,34.052917,-118.255178,0.0,100.5,552.0,3,47,0.0,0.0,0.0,2.0,0,2.0,2.0,14.0,0
680.05,938.61,258.56,32.32,92401,34.105935,-117.2914,0.0,83.55,848.0,1,8,0.0,0.0,2.0,0.0,0,0.0,0.0,25.0,1
3965.05,6362.96,2397.91,39.31,94103,37.773147,-122.411287,1.0,65.2,855.0,9,61,0.0,0.0,0.0,1.0,1,2.0,0.0,10.0,0
275.4,561.53,286.13,22.01,94131,37.746699,-122.442833,0.0,20.3,855.0,0,13,1.0,1.0,1.0,3.0,0,1.0,1.0,0.0,0
156.25,247.05,90.8,11.35,91745,33.998471,-117.973758,0.0,20.15,398.0,1,8,1.0,1.0,1.0,3.0,0,1.0,1.0,0.0,1
118.25,118.25,0.0,0.0,96055,40.059385,-122.091481,2.0,29.9,555.0,3,4,0.0,0.0,0.0,1.0,0,2.0,0.0,5.0,0
139.05,165.39,26.34,13.17,92122,32.85723,-117.209774,0.0,70.35,852.0,0,2,0.0,0.0,0.0,2.0,0,0.0,0.0,10.0,1
3845.45,3845.45,0.0,0.0,90018,34.028735,-118.317236,2.0,60.05,552.0,3,64,2.0,2.0,0.0,1.0,1,2.0,2.0,19.0,0
5812.6,5997.04,184.44,3.18,93551,34.613476,-118.256358,0.0,98.7,722.0,1,58,0.0,0.0,0.0,2.0,0,2.0,2.0,5.0,1
246.5,343.79,97.29,32.43,91789,34.018354,-117.85492,0.0,79.1,1042.0,0,3,0.0,2.0,2.0,2.0,0,0.0,0.0,2.0,1
551.35,665.67,104.32,13.04,91902,32.67117,-117.00232,0.0,70.1,99.0,0,8,0.0,0.0,0.0,2.0,0,0.0,0.0,85.0,1
370.5,830.22,459.72,25.54,90746,33.859171,-118.252272,2.0,20.1,163.0,4,18,1.0,1.0,1.0,3.0,0,1.0,1.0,0.0,0
145.15,160.43,15.28,7.64,93244,36.462671,-118.997291,0.0,69.65,522.0,0,2,0.0,0.0,0.0,2.0,0,0.0,0.0,27.0,1
169.05,301.42,122.37,40.79,95464,39.12334,-122.838198,0.0,49.15,665.0,0,3,0.0,0.0,0.0,1.0,0,2.0,0.0,29.0,1
1704.95,1796.75,91.8,5.4,96050,41.816595,-122.948287,1.0,98.6,477.0,1,17,2.0,0.0,0.0,2.0,0,2.0,2.0,8.0,1
5311.85,6869.52,1557.67,29.39,92555,33.907361,-117.109972,1.0,98.6,634.0,0,53,0.0,2.0,2.0,2.0,0,2.0,0.0,12.0,0
963.95,2221.75,1257.8,33.1,93668,36.635661,-120.288644,2.0,25.05,1002.0,9,38,1.0,1.0,1.0,3.0,1,1.0,1.0,0.0,0
2448.75,2580.5,131.75,5.27,95968,39.435756,-121.552071,0.0,95.9,719.0,0,25,0.0,0.0,2.0,2.0,0,0.0,2.0,4.0,1
1777.6,3886.48,2108.88,29.29,91335,34.200175,-118.540958,2.0,24.75,813.0,0,72,1.0,1.0,1.0,3.0,0,1.0,1.0,0.0,0
746.5,886.12,109.62,12.18,93925,36.596271,-121.442274,0.0,85.05,188.0,0,9,0.0,0.0,0.0,2.0,0,0.0,0.0,6.0,1
74.9,76.74,1.84,1.84,95338,37.526791,-119.99437,0.0,74.9,582.0,0,1,0.0,0.0,0.0,2.0,0,0.0,2.0,76.0,1
5812.6,5997.04,184.44,3.18,93551,34.613476,-118.256358,0.0,98.7,722.0,1,58,0.0,0.0,0.0,2.0,0,2.0,2.0,5.0,1
171.0,454.74,283.74,47.29,91354,34.457005,-118.573726,1.0,25.1,1023.0,4,6,1.0,1.0,1.0,3.0,0,1.0,1.0,0.0,0
20.3,26.94,6.64,6.64,95949,39.099204,-121.137962,0.0,20.3,378.0,7,1,1.0,1.0,1.0,3.0,0,1.0,1.0,0.0,0
19.9,27.39,7.49,7.49,93261,35.809921,-119.127437,0.0,19.9,815.0,1,1,1.0,1.0,1.0,3.0,1,1.0,1.0,0.0,1
2441.7,4050.65,1608.95,45.97,91914,32.688506,-116.938632,1.0,69.0,189.0,6,35,2.0,0.0,2.0,1.0,0,0.0,0.0,13.0,0
849.1,1324.51,475.41,36.57,92084,33.22784,-117.200024,0.0,70.45,1039.0,1,13,0.0,0.0,0.0,2.0,0,0.0,0.0,26.0,0
681.4,902.74,221.34,13.02,92101,32.72523,-117.171346,1.0,44.6,852.0,0,17,0.0,0.0,0.0,0.0,0,0.0,0.0,73.0,0
1667.25,1819.05,31.8,2.12,92692,33.60693,-117.644253,1.0,101.9,619.0,8,15,2.0,2.0,0.0,2.0,1,0.0,2.0,30.0,0
1821.95,2304.35,422.4,19.2,90810,33.819814,-118.222416,0.0,84.15,546.0,0,22,0.0,0.0,0.0,2.0,0,0.0,0.0,41.0,0
3473.4,5300.09,1826.69,49.37,91011,34.234912,-118.153729,0.0,92.5,482.0,3,37,0.0,0.0,0.0,2.0,0,0.0,2.0,4.0,1
2757.85,3467.42,669.57,20.29,94574,38.581354,-122.296283,0.0,83.35,839.0,0,33,0.0,0.0,0.0,2.0,0,0.0,2.0,30.0,1
933.3,933.3,0.0,0.0,91731,34.079934,-118.046695,0.0,40.65,289.0,1,24,0.0,0.0,0.0,0.0,0,2.0,0.0,29.0,1
817.95,2331.55,1513.6,35.2,96120,38.735789,-119.85798,1.0,20.0,583.0,5,43,1.0,1.0,1.0,3.0,2,1.0,1.0,0.0,0
480.6,524.31,61.92,5.16,95113,37.333851,-121.891147,0.0,44.55,861.0,0,12,0.0,0.0,0.0,1.0,1,0.0,0.0,16.0,1
5012.35,5515.42,533.52,9.36,92220,33.936298,-116.849577,2.0,89.55,60.0,0,57,2.0,2.0,2.0,0.0,2,2.0,2.0,20.0,0
109.2,393.96,284.76,47.46,96020,40.243494,-121.154733,0.0,20.0,182.0,0,6,1.0,1.0,1.0,3.0,0,1.0,1.0,0.0,0
5485.5,7571.58,2086.08,39.36,94939,37.937082,-122.532369,0.0,103.85,513.0,1,53,0.0,0.0,2.0,2.0,0,2.0,0.0,23.0,1
2936.25,3454.05,517.8,17.26,95019,36.936228,-121.785559,0.0,100.4,345.0,0,30,0.0,2.0,0.0,2.0,0,0.0,2.0,19.0,0
6859.05,8711.95,1852.9,26.47,90680,33.801869,-117.995068,2.0,94.8,949.0,7,70,2.0,2.0,2.0,1.0,0,2.0,2.0,59.0,0
2806.9,2961.95,196.23,6.33,94587,37.59485,-122.051521,0.0,89.9,1019.0,0,31,0.0,0.0,0.0,2.0,0,2.0,2.0,11.0,1
71.25,98.85,17.6,17.6,92037,32.853743,-117.25034,2.0,71.25,487.0,0,1,0.0,0.0,0.0,2.0,0,0.0,0.0,2.0,0
7362.9,9453.04,2135.52,29.66,92304,34.559882,-115.637164,1.0,103.2,22.0,4,72,0.0,0.0,2.0,2.0,2,2.0,2.0,59.0,0
2816.65,2966.65,0.0,0.0,94132,37.722302,-122.491129,1.0,59.9,855.0,1,46,2.0,0.0,2.0,1.0,0,2.0,0.0,15.0,1
2658.8,2700.24,41.44,1.12,92507,33.976328,-117.319786,1.0,75.1,827.0,3,37,0.0,2.0,2.0,0.0,2,0.0,2.0,23.0,0
2203.65,2628.34,453.18,10.79,95316,37.524721,-120.757977,0.0,50.25,252.0,2,42,0.0,0.0,0.0,0.0,0,0.0,0.0,41.0,1
5064.45,5380.02,315.57,4.71,93311,35.16207,-119.194488,1.0,75.1,56.0,10,67,0.0,2.0,2.0,1.0,0,2.0,2.0,58.0,0
620.55,853.84,223.29,24.81,95953,39.258746,-121.77697,0.0,66.25,533.0,0,9,2.0,0.0,2.0,0.0,0,0.0,0.0,69.0,1
1502.65,1498.17,0.0,0.0,90704,33.391181,-118.421305,0.0,58.6,49.0,6,25,0.0,2.0,2.0,1.0,0,2.0,2.0,48.0,1
2937.65,4713.53,1775.88,49.33,92324,34.030915,-117.273201,0.0,80.4,207.0,8,36,0.0,0.0,0.0,2.0,0,0.0,2.0,23.0,0
336.15,512.79,176.64,44.16,95205,37.965695,-121.260051,0.0,80.1,954.0,0,4,0.0,2.0,0.0,2.0,0,0.0,0.0,82.0,0
5536.5,8291.0,2754.5,39.35,93212,36.04533,-119.532424,2.0,79.15,215.0,1,70,2.0,2.0,2.0,1.0,0,2.0,0.0,2.0,0
2564.3,3021.6,457.3,13.45,95382,37.529656,-120.854357,0.0,78.3,1012.0,1,34,0.0,0.0,0.0,2.0,0,0.0,0.0,12.0,1
6014.85,8588.81,2523.96,46.74,91710,33.990646,-117.663025,0.0,111.1,185.0,0,54,2.0,0.0,2.0,2.0,0,2.0,2.0,16.0,1
25.05,25.05,0.0,0.0,95984,40.022184,-121.062384,0.0,25.05,1014.0,0,1,0.0,0.0,0.0,1.0,0,0.0,0.0,21.0,1
1140.05,1320.45,180.4,3.28,93312,35.392599,-119.245341,1.0,19.7,56.0,8,55,1.0,1.0,1.0,3.0,0,1.0,1.0,0.0,0
1296.8,2246.05,949.25,37.97,94525,38.049292,-122.228415,0.0,54.3,232.0,6,25,2.0,2.0,0.0,1.0,1,0.0,0.0,22.0,0
450.8,614.25,163.45,23.35,96136,40.345949,-120.081187,0.0,70.75,1054.0,0,7,2.0,0.0,0.0,1.0,0,0.0,2.0,6.0,1
470.0,1756.55,1286.55,47.65,91739,34.133809,-117.523724,2.0,19.85,795.0,0,27,1.0,1.0,1.0,3.0,0,1.0,1.0,0.0,0
1510.5,3038.01,1527.51,25.89,95110,37.34667,-121.910019,2.0,25.0,861.0,0,59,1.0,1.0,1.0,3.0,0,1.0,1.0,0.0,0
506.9,569.55,62.65,8.95,95444,38.434362,-122.86891,0.0,69.0,379.0,1,7,0.0,0.0,0.0,2.0,0,0.0,2.0,73.0,1
5746.75,7442.67,1695.92,24.94,96132,41.027281,-120.669427,2.0,84.4,987.0,3,68,0.0,0.0,2.0,2.0,1,2.0,0.0,30.0,0
3580.3,3702.4,122.1,3.3,94590,38.104705,-122.247387,0.0,96.55,1025.0,0,37,0.0,0.0,0.0,2.0,0,0.0,0.0,2.0,1
4984.85,7982.45,2997.6,49.96,93532,34.659579,-118.584212,2.0,84.95,503.0,0,60,2.0,2.0,0.0,1.0,1,2.0,2.0,85.0,0
134.35,188.89,54.54,27.27,93528,35.363339,-117.637641,0.0,65.7,458.0,1,2,0.0,0.0,0.0,1.0,2,0.0,2.0,51.0,1
780.85,1377.81,596.96,42.64,91732,34.074492,-118.01462,0.0,59.45,289.0,4,14,2.0,2.0,2.0,1.0,2,0.0,0.0,69.0,0
341.45,471.29,129.84,32.46,92117,32.825086,-117.199424,0.0,87.1,852.0,0,4,2.0,0.0,0.0,2.0,0,2.0,0.0,3.0,1
3275.15,3617.03,341.88,10.36,92028,33.362575,-117.299644,0.0,95.3,315.0,0,33,0.0,2.0,0.0,2.0,3,2.0,2.0,53.0,0
4414.3,5163.79,749.49,17.43,91948,32.830852,-116.444601,0.0,103.0,642.0,1,43,0.0,0.0,2.0,2.0,0,2.0,0.0,26.0,1
246.3,271.9,15.6,5.2,94040,37.380662,-122.086022,0.0,75.8,646.0,0,3,0.0,0.0,0.0,2.0,0,0.0,0.0,23.0,1
606.55,620.79,14.24,1.78,91901,32.827184,-116.703729,0.0,74.5,16.0,0,8,0.0,0.0,2.0,2.0,0,0.0,0.0,7.0,1
5563.65,5854.23,290.58,5.01,91768,34.067932,-117.785168,2.0,94.35,776.0,2,58,2.0,0.0,0.0,2.0,2,2.0,2.0,23.0,0
6822.15,8726.91,1904.76,28.86,93101,34.419203,-119.710008,0.0,99.5,882.0,1,66,0.0,0.0,0.0,2.0,0,2.0,0.0,25.0,1
1192.3,3975.33,2783.03,47.17,94933,38.010092,-122.689442,2.0,20.2,333.0,0,59,1.0,1.0,1.0,3.0,0,1.0,1.0,0.0,0
536.4,799.2,262.8,43.8,93013,34.441398,-119.513163,0.0,93.55,162.0,0,6,0.0,0.0,0.0,2.0,0,0.0,2.0,5.0,1
7878.3,10406.22,2527.92,35.11,91701,34.132275,-117.611478,2.0,109.2,795.0,0,72,2.0,0.0,2.0,2.0,0,2.0,2.0,22.0,0
577.6,593.2,15.6,2.6,92109,32.787836,-117.232376,0.0,89.3,852.0,0,6,0.0,0.0,0.0,2.0,0,0.0,2.0,22.0,1
50.65,65.43,14.78,14.78,92122,32.85723,-117.209774,0.0,50.65,852.0,0,1,0.0,0.0,2.0,1.0,0,0.0,2.0,59.0,1
85.55,118.89,33.34,33.34,93427,34.631362,-120.238218,0.0,85.55,117.0,0,1,0.0,0.0,0.0,2.0,0,2.0,0.0,4.0,1
196.35,737.44,541.09,49.19,95325,37.479926,-120.230424,1.0,20.0,431.0,8,11,1.0,1.0,1.0,3.0,1,1.0,1.0,0.0,0
1132.75,1590.67,337.92,28.16,95722,39.003358,-121.022539,0.0,99.95,596.0,0,12,2.0,0.0,0.0,2.0,0,0.0,2.0,42.0,1
938.65,938.65,0.0,0.0,93644,37.648647,-119.231447,1.0,30.4,687.0,0,34,0.0,2.0,0.0,1.0,0,0.0,0.0,42.0,0
7559.55,8059.95,500.4,6.95,95965,39.624561,-121.552866,2.0,104.9,711.0,5,72,2.0,2.0,0.0,2.0,3,2.0,2.0,57.0,0
85.5,93.54,8.04,2.01,92028,33.362575,-117.299644,0.0,20.95,315.0,0,4,1.0,1.0,1.0,3.0,0,1.0,1.0,0.0,1
593.75,1272.71,558.96,46.58,90660,33.989524,-118.089299,0.0,50.25,750.0,0,12,2.0,0.0,0.0,1.0,0,0.0,0.0,26.0,1
24.8,24.8,0.0,0.0,91207,34.182378,-118.262922,0.0,70.5,366.0,4,1,0.0,0.0,0.0,1.0,0,0.0,2.0,29.0,1
69.9,74.89,4.99,4.99,92121,32.898613,-117.202937,0.0,69.9,852.0,0,1,0.0,0.0,0.0,2.0,0,0.0,0.0,28.0,1
6588.95,7421.99,833.04,11.57,92592,33.507255,-117.029473,1.0,89.7,984.0,2,72,0.0,0.0,2.0,2.0,0,0.0,0.0,18.0,0
44.15,52.92,8.77,8.77,90049,34.091829,-118.491244,0.0,44.15,552.0,0,1,0.0,0.0,0.0,1.0,0,0.0,0.0,10.0,1
546.45,752.21,205.76,25.72,95670,38.602723,-121.279913,0.0,66.25,794.0,0,8,0.0,0.0,0.0,0.0,0,0.0,2.0,24.0,0
256.75,346.27,89.52,29.84,95320,37.818543,-121.006907,0.0,85.7,304.0,0,3,0.0,0.0,0.0,2.0,0,2.0,2.0,30.0,0
673.25,1012.46,329.21,47.03,92358,34.238162,-117.534306,0.0,99.8,566.0,0,7,0.0,0.0,2.0,2.0,0,0.0,2.0,2.0,1
824.75,884.15,59.4,5.4,95450,38.505995,-123.187019,0.0,74.55,457.0,0,11,0.0,0.0,2.0,2.0,0,0.0,0.0,41.0,1
3778.85,3778.85,0.0,0.0,93932,35.989792,-121.055933,2.0,62.15,538.0,1,61,2.0,2.0,0.0,1.0,0,2.0,2.0,59.0,0
6362.35,9681.55,3319.2,46.1,91405,34.202494,-118.448048,2.0,88.55,1031.0,0,72,2.0,2.0,2.0,1.0,0,2.0,2.0,27.0,0
1123.65,2613.51,1489.86,24.03,91307,34.199787,-118.68493,2.0,19.2,1057.0,0,62,1.0,1.0,1.0,3.0,0,1.0,1.0,0.0,0
3545.1,5802.51,2257.41,48.03,95939,39.53222,-122.594879,0.0,75.45,296.0,0,47,0.0,2.0,0.0,2.0,0,0.0,0.0,69.0,0
4209.95,4435.7,225.75,5.25,94925,37.924014,-122.511694,0.0,99.3,220.0,8,43,0.0,0.0,0.0,2.0,2,2.0,2.0,59.0,0
273.2,282.11,8.91,2.97,90241,33.940884,-118.128628,0.0,94.9,266.0,5,3,0.0,0.0,0.0,2.0,0,0.0,2.0,7.0,0
4263.45,6870.55,2607.1,42.05,94060,37.22565,-122.297533,1.0,70.75,744.0,5,62,2.0,2.0,0.0,1.0,2,2.0,0.0,20.0,0
2075.1,2155.1,0.0,0.0,96009,41.083464,-121.107929,1.0,51.35,78.0,0,41,0.0,0.0,0.0,0.0,0,2.0,2.0,8.0,0
340.85,477.33,86.48,21.62,96137,40.271535,-121.018087,0.0,81.0,1065.0,0,4,0.0,0.0,0.0,2.0,0,0.0,2.0,59.0,1
678.45,1036.38,357.93,39.77,95820,38.53508,-121.444144,2.0,74.05,838.0,0,9,0.0,0.0,0.0,2.0,0,0.0,0.0,25.0,0
20.9,31.11,10.21,10.21,91801,34.090925,-118.128164,0.0,20.9,12.0,0,1,1.0,1.0,1.0,3.0,0,1.0,1.0,0.0,0
5961.1,6595.94,634.84,10.76,95553,40.210895,-123.86,1.0,99.5,617.0,1,59,0.0,0.0,0.0,2.0,0,2.0,2.0,5.0,1
3105.55,4022.29,916.74,27.78,92129,32.961064,-117.134917,0.0,94.5,852.0,1,33,0.0,0.0,0.0,2.0,0,0.0,0.0,8.0,1
659.65,845.26,220.3,22.03,95358,37.612612,-121.108568,0.0,70.1,620.0,1,10,0.0,0.0,0.0,2.0,0,0.0,0.0,19.0,1
1336.35,2916.86,1580.51,25.91,94086,37.378541,-122.020456,1.0,19.45,967.0,0,61,1.0,1.0,1.0,3.0,0,1.0,1.0,0.0,0
335.4,401.56,56.16,7.02,95971,39.971228,-121.041166,0.0,43.55,790.0,0,8,0.0,0.0,0.0,1.0,0,0.0,0.0,23.0,0
3888.65,3888.65,0.0,0.0,95415,39.025867,-123.381544,2.0,53.95,101.0,0,71,2.0,2.0,2.0,1.0,0,2.0,0.0,20.0,0
50.45,78.7,28.25,28.25,95713,39.084645,-120.894014,0.0,50.45,206.0,0,1,0.0,0.0,0.0,0.0,0,0.0,0.0,9.0,1
130.5,172.08,41.58,6.93,95427,39.239818,-123.565432,0.0,20.15,210.0,0,6,1.0,1.0,1.0,3.0,0,1.0,1.0,0.0,0
6312.9,7722.78,1409.88,22.74,95451,38.93496,-122.792243,1.0,104.85,466.0,8,62,0.0,2.0,0.0,2.0,0,2.0,2.0,18.0,0
48.95,83.35,34.4,34.4,96027,41.405193,-123.008567,0.0,48.95,308.0,0,1,0.0,0.0,0.0,0.0,2,2.0,2.0,52.0,1
391.7,719.3,327.6,18.2,92320,33.982787,-117.057627,0.0,19.65,133.0,0,18,1.0,1.0,1.0,3.0,0,1.0,1.0,0.0,0
299.05,299.05,0.0,0.0,91602,34.15136,-118.364786,2.0,29.6,674.0,0,10,2.0,0.0,0.0,0.0,0,0.0,0.0,29.0,0
4079.55,4445.63,366.08,7.04,92372,34.459322,-117.629729,1.0,80.85,757.0,1,52,0.0,0.0,2.0,1.0,1,2.0,2.0,22.0,0
50.45,74.15,23.7,23.7,95223,38.32153,-120.236358,0.0,50.45,39.0,0,1,0.0,0.0,0.0,0.0,0,2.0,0.0,17.0,1
7804.15,9322.37,1518.22,22.66,91042,34.296574,-118.244839,1.0,118.35,1007.0,0,67,2.0,2.0,2.0,2.0,0,2.0,2.0,27.0,1
188.1,198.7,10.6,5.3,94547,37.991259,-122.214945,0.0,80.55,415.0,0,2,0.0,2.0,0.0,2.0,1,0.0,0.0,11.0,0
1992.95,2534.7,541.75,21.67,94061,37.461251,-122.235414,0.0,76.15,809.0,0,25,2.0,2.0,0.0,1.0,0,0.0,2.0,48.0,0
431.0,466.92,25.92,2.88,95949,39.099204,-121.137962,0.0,44.95,378.0,0,9,0.0,0.0,0.0,1.0,0,0.0,0.0,26.0,1
1793.25,2714.99,944.46,34.98,91302,34.130861,-118.68346,0.0,69.05,128.0,0,27,0.0,0.0,0.0,2.0,0,0.0,0.0,26.0,0
1115.15,1532.87,417.72,34.81,92126,32.886925,-117.152162,1.0,95.5,852.0,0,12,0.0,0.0,0.0,2.0,0,2.0,2.0,16.0,1
765.15,1145.45,380.3,38.03,93560,34.903052,-118.411251,0.0,78.15,831.0,4,10,0.0,2.0,0.0,2.0,0,0.0,0.0,42.0,0
3217.55,3315.47,97.92,2.88,95653,38.674276,-121.961866,0.0,94.25,571.0,1,34,0.0,0.0,2.0,2.0,0,2.0,0.0,4.0,1
187.75,683.75,496.0,49.6,95548,41.572813,-124.035011,0.0,19.95,476.0,9,10,1.0,1.0,1.0,3.0,0,1.0,1.0,0.0,0
1078.9,1361.27,282.37,25.67,91030,34.110444,-118.156957,0.0,94.0,941.0,1,11,0.0,0.0,0.0,2.0,0,0.0,2.0,18.0,1
5450.7,8023.5,2572.8,42.88,90077,34.102084,-118.451629,0.0,89.9,552.0,0,60,0.0,0.0,2.0,2.0,0,0.0,0.0,52.0,0
166.3,249.04,82.74,41.37,95562,40.485849,-124.163234,0.0,75.55,818.0,0,2,0.0,0.0,0.0,2.0,0,0.0,0.0,28.0,1
409.9,720.32,310.42,18.26,93426,35.842889,-121.004862,0.0,24.1,106.0,1,17,1.0,1.0,1.0,3.0,2,1.0,1.0,0.0,1
1815.3,3198.08,1382.78,40.67,94952,38.237018,-122.77872,0.0,50.2,745.0,6,34,2.0,0.0,0.0,1.0,0,0.0,0.0,7.0,0
788.6,1107.65,319.05,35.45,92109,32.787836,-117.232376,0.0,88.4,852.0,0,9,0.0,0.0,0.0,2.0,0,0.0,2.0,52.0,0
4408.45,5934.73,1526.28,33.18,90211,34.063947,-118.383001,1.0,94.15,77.0,0,46,0.0,0.0,2.0,2.0,0,2.0,2.0,3.0,0
5617.75,6108.9,491.15,8.93,91354,34.457005,-118.573726,0.0,98.8,1023.0,0,55,0.0,2.0,0.0,2.0,0,0.0,2.0,21.0,1
805.1,945.1,0.0,0.0,92122,32.85723,-117.209774,0.0,30.75,852.0,0,27,0.0,2.0,0.0,0.0,0,0.0,0.0,13.0,1
3580.3,3702.4,122.1,3.3,94590,38.104705,-122.247387,0.0,96.55,1025.0,0,37,0.0,0.0,0.0,2.0,0,0.0,0.0,2.0,1
3283.05,3507.69,224.64,4.16,95540,40.584991,-124.121504,1.0,61.0,341.0,0,54,2.0,0.0,2.0,0.0,2,2.0,0.0,59.0,0
477.55,639.01,161.46,26.91,95060,36.993451,-122.098858,0.0,83.55,885.0,1,6,0.0,0.0,2.0,2.0,0,0.0,2.0,6.0,1
6856.95,7227.57,370.62,5.22,92506,33.930931,-117.361788,1.0,95.65,827.0,6,71,0.0,2.0,2.0,2.0,0,0.0,0.0,10.0,0
2633.95,4701.26,2067.31,42.19,95946,39.203817,-121.19584,1.0,55.35,740.0,3,49,0.0,2.0,0.0,0.0,0,0.0,0.0,52.0,0
6903.1,8453.82,1550.72,24.23,92126,32.886925,-117.152162,1.0,105.65,852.0,0,64,2.0,0.0,2.0,2.0,0,0.0,2.0,73.0,1
2347.9,2519.91,191.68,5.99,94923,38.377165,-123.037957,0.0,69.75,96.0,1,32,0.0,0.0,0.0,2.0,0,0.0,0.0,5.0,1
4146.05,6368.63,2222.58,43.58,91915,32.605012,-116.97595,0.0,84.2,189.0,2,51,0.0,0.0,2.0,0.0,0,2.0,0.0,22.0,1
746.75,2182.45,1435.7,41.02,92649,33.721917,-118.043237,1.0,20.05,434.0,4,35,1.0,1.0,1.0,3.0,1,1.0,1.0,0.0,0
33.2,97.26,64.06,32.03,95547,40.557314,-124.081662,0.0,20.35,438.0,0,2,1.0,1.0,1.0,3.0,0,1.0,1.0,0.0,1
48.95,83.35,34.4,34.4,96027,41.405193,-123.008567,0.0,48.95,308.0,0,1,0.0,0.0,0.0,0.0,2,2.0,2.0,52.0,1
69.1,85.65,16.55,16.55,96137,40.271535,-121.018087,0.0,69.1,1065.0,1,1,0.0,0.0,0.0,2.0,0,0.0,0.0,19.0,1
791.15,2643.76,1872.78,48.02,93001,34.360261,-119.306383,1.0,19.9,1033.0,0,39,1.0,1.0,1.0,3.0,0,1.0,1.0,0.0,0
181.7,223.68,41.98,20.99,95683,38.470423,-121.114897,0.0,94.0,922.0,0,2,0.0,0.0,0.0,2.0,0,0.0,2.0,22.0,1
502.85,719.57,216.72,36.12,92549,33.755039,-116.741796,0.0,80.5,439.0,1,6,2.0,0.0,0.0,2.0,0,0.0,0.0,23.0,1
50.45,60.18,9.73,9.73,92027,33.141265,-116.967221,0.0,50.45,305.0,1,1,0.0,0.0,0.0,1.0,2,2.0,0.0,29.0,1
6953.4,7503.8,550.4,8.6,90057,34.061918,-118.277939,0.0,111.15,552.0,4,64,2.0,0.0,2.0,2.0,0,2.0,2.0,21.0,0
184.4,324.8,140.4,14.04,95713,39.084645,-120.894014,1.0,20.1,206.0,4,10,1.0,1.0,1.0,3.0,0,1.0,1.0,0.0,0
318.6,356.58,37.98,12.66,90221,33.885811,-118.206459,0.0,107.95,211.0,0,3,2.0,0.0,2.0,2.0,0,2.0,2.0,28.0,0
334.65,458.55,123.9,41.3,91801,34.090925,-118.128164,0.0,105.9,12.0,1,3,0.0,0.0,2.0,2.0,0,2.0,0.0,2.0,1
1284.2,1320.54,36.34,1.58,92024,33.054579,-117.25665,0.0,55.3,302.0,0,23,2.0,0.0,2.0,1.0,3,0.0,2.0,47.0,0
6914.95,9621.1,2646.15,40.71,94019,37.45567,-122.407992,0.0,105.05,399.0,3,65,0.0,2.0,0.0,2.0,0,2.0,2.0,23.0,0
7982.5,11311.06,3328.56,46.23,93444,35.050345,-120.489599,2.0,110.45,668.0,1,72,2.0,0.0,2.0,2.0,0,2.0,2.0,18.0,0
19.75,49.08,29.33,29.33,93535,34.712708,-117.889656,0.0,19.75,511.0,0,1,1.0,1.0,1.0,3.0,0,1.0,1.0,0.0,1
75.8,90.28,14.48,14.48,95422,38.965804,-122.631779,0.0,75.8,194.0,0,1,0.0,0.0,2.0,2.0,0,0.0,0.0,26.0,1
3409.1,5357.96,1948.86,36.09,93529,37.730269,-119.055813,2.0,63.35,463.0,1,54,0.0,0.0,0.0,1.0,3,2.0,2.0,59.0,0
6144.55,7767.97,1623.42,27.99,92647,33.723579,-118.005441,2.0,109.45,434.0,1,58,0.0,2.0,2.0,2.0,0,2.0,2.0,24.0,1
583.3,1149.22,565.92,20.96,90603,33.945318,-117.992066,1.0,20.55,1069.0,10,27,1.0,1.0,1.0,3.0,0,1.0,1.0,0.0,0
1383.6,1383.6,0.0,0.0,93208,36.057458,-118.591951,1.0,40.9,141.0,6,35,2.0,0.0,0.0,1.0,1,0.0,0.0,30.0,0
45.3,71.71,26.41,26.41,95925,39.461768,-121.195825,0.0,45.3,180.0,0,1,0.0,0.0,0.0,0.0,0,0.0,0.0,26.0,1
994.55,1708.1,713.55,47.57,92130,32.957195,-117.202542,0.0,64.65,852.0,0,15,0.0,2.0,0.0,1.0,0,0.0,2.0,26.0,1
1740.7,2383.3,642.6,35.7,90041,34.137412,-118.207607,0.0,96.05,552.0,0,18,0.0,2.0,0.0,2.0,0,0.0,2.0,26.0,1
5329.0,6139.72,810.72,11.26,93458,34.95934,-120.490081,2.0,73.45,888.0,7,72,0.0,0.0,0.0,0.0,0,2.0,2.0,3.0,0
119.75,181.21,61.46,30.73,94596,37.900662,-122.052782,0.0,68.95,1043.0,0,2,0.0,0.0,0.0,2.0,0,0.0,2.0,39.0,1
1912.85,1912.85,0.0,0.0,92083,33.17494,-117.242761,0.0,40.45,1039.0,0,43,0.0,2.0,2.0,1.0,2,2.0,0.0,25.0,0
1778.7,2403.66,624.96,8.68,93908,36.624338,-121.615669,2.0,24.3,841.0,5,72,1.0,1.0,1.0,3.0,0,1.0,1.0,0.0,0
7459.0,8848.28,1259.28,17.49,91763,34.072121,-117.698319,1.0,104.45,625.0,5,72,0.0,0.0,2.0,2.0,1,2.0,2.0,12.0,0
853.1,1091.69,238.59,26.51,92126,32.886925,-117.152162,0.0,89.45,852.0,3,9,0.0,0.0,0.0,2.0,0,0.0,2.0,18.0,1
7521.95,9433.61,1818.31,25.61,90047,33.958149,-118.308441,1.0,105.9,552.0,0,71,0.0,0.0,2.0,2.0,0,2.0,2.0,23.0,0
2960.1,2960.1,0.0,0.0,90049,34.091829,-118.491244,2.0,43.95,552.0,7,69,0.0,2.0,0.0,1.0,1,2.0,2.0,59.0,0
71.0,89.84,18.84,18.84,93921,36.554618,-121.922239,0.0,71.0,158.0,1,1,0.0,0.0,0.0,2.0,0,0.0,0.0,19.0,1
4327.5,6123.8,1686.3,40.15,90263,34.037037,-118.705803,0.0,103.8,573.0,0,42,2.0,0.0,2.0,2.0,0,2.0,2.0,28.0,0
956.65,1347.43,390.78,30.06,95366,37.750778,-121.13238,0.0,73.75,823.0,0,13,0.0,2.0,0.0,2.0,0,0.0,0.0,5.0,0
646.85,796.86,150.01,21.43,93234,36.217864,-120.080117,0.0,84.55,436.0,1,7,0.0,0.0,0.0,2.0,0,0.0,0.0,12.0,1
896.9,1023.4,126.5,11.5,93066,34.297628,-119.014627,0.0,80.5,932.0,3,11,0.0,0.0,2.0,2.0,0,0.0,0.0,27.0,1
50.45,78.7,28.25,28.25,95713,39.084645,-120.894014,0.0,50.45,206.0,0,1,0.0,0.0,0.0,0.0,0,0.0,0.0,9.0,1
139.35,139.35,0.0,0.0,93204,35.916943,-120.129921,0.0,34.25,50.0,0,3,2.0,2.0,0.0,0.0,0,0.0,0.0,52.0,1
1652.4,1919.01,314.34,12.09,90703,33.8681,-118.067402,2.0,66.05,179.0,0,26,2.0,0.0,0.0,1.0,0,0.0,2.0,15.0,0
740.8,913.39,172.59,15.69,95351,37.621458,-121.012295,0.0,66.35,620.0,1,11,2.0,0.0,0.0,1.0,0,0.0,2.0,12.0,1
272.15,344.27,72.12,18.03,92251,32.858595,-115.662709,0.0,60.4,441.0,0,4,2.0,2.0,2.0,0.0,0,0.0,0.0,59.0,1
818.05,1313.05,495.0,49.5,93612,36.814539,-119.711868,0.0,81.0,200.0,0,10,0.0,0.0,2.0,2.0,0,0.0,0.0,19.0,1
30.5,30.5,0.0,0.0,92060,33.309852,-116.823091,0.0,30.5,726.0,1,1,0.0,2.0,0.0,1.0,1,0.0,0.0,19.0,1
1782.4,1782.4,0.0,0.0,94556,37.827946,-122.107185,0.0,35.0,633.0,0,50,0.0,2.0,2.0,1.0,0,0.0,0.0,20.0,0
6979.8,8194.65,1214.85,18.69,95928,39.681488,-121.83721,1.0,106.25,183.0,1,65,0.0,0.0,2.0,2.0,0,2.0,0.0,30.0,1
3833.95,5802.37,1968.42,37.14,92007,33.015866,-117.272254,1.0,74.1,154.0,3,53,0.0,2.0,2.0,0.0,0,2.0,2.0,4.0,0
1139.2,1398.92,298.2,21.3,94706,37.890274,-122.295192,0.0,85.15,9.0,1,14,0.0,0.0,0.0,2.0,0,0.0,2.0,42.0,1
74.4,121.76,17.36,17.36,95250,38.244806,-120.417301,0.0,74.4,911.0,1,1,0.0,0.0,0.0,2.0,0,0.0,0.0,29.0,1
2349.8,3327.14,977.34,37.59,95735,38.805481,-120.13287,0.0,92.4,1017.0,0,26,0.0,2.0,2.0,2.0,0,0.0,0.0,8.0,0
145.4,162.4,17.0,8.5,91744,34.031441,-117.936436,0.0,73.55,491.0,1,2,0.0,0.0,2.0,2.0,0,0.0,2.0,59.0,1
159.35,296.95,137.6,17.2,95245,38.304194,-120.592431,2.0,19.5,622.0,6,8,1.0,1.0,1.0,3.0,3,1.0,1.0,0.0,0
1388.0,1467.2,79.2,1.44,91320,34.172071,-118.946262,2.0,25.65,658.0,1,55,1.0,1.0,1.0,3.0,3,1.0,1.0,0.0,0
1148.1,1684.62,536.52,44.71,90260,33.88856,-118.351813,0.0,96.05,516.0,0,12,0.0,0.0,0.0,0.0,0,0.0,2.0,25.0,1
420.2,533.08,112.88,28.22,92591,33.540604,-117.10909,0.0,100.2,984.0,1,4,0.0,0.0,2.0,2.0,0,0.0,2.0,10.0,1
91.7,108.93,17.23,17.23,96022,40.336392,-122.448533,0.0,91.7,223.0,0,1,2.0,0.0,2.0,2.0,0,0.0,2.0,52.0,1
1841.9,3438.44,1596.54,38.94,94970,37.921137,-122.657562,0.0,45.2,952.0,0,41,0.0,0.0,0.0,1.0,3,0.0,0.0,28.0,0
1830.1,2477.54,637.44,19.92,92067,33.012751,-117.200617,1.0,54.65,798.0,0,32,2.0,0.0,2.0,1.0,0,0.0,0.0,14.0,0
6529.25,7140.21,500.96,8.08,94535,38.265899,-121.939461,1.0,102.0,1004.0,0,62,2.0,2.0,2.0,2.0,0,0.0,2.0,21.0,1
5453.4,7448.4,1995.0,33.25,93665,36.959731,-120.653519,1.0,90.95,937.0,1,60,0.0,0.0,2.0,2.0,0,2.0,2.0,52.0,1
945.7,3046.13,2100.43,44.69,92114,32.707892,-117.05512,2.0,20.55,852.0,0,47,1.0,1.0,1.0,3.0,0,1.0,1.0,0.0,0
302.45,448.55,146.1,9.74,92866,33.784597,-117.844535,1.0,20.1,701.0,0,15,1.0,1.0,1.0,3.0,0,1.0,1.0,0.0,0
1211.65,2860.5,1648.85,33.65,93243,34.845861,-118.885163,2.0,25.25,519.0,8,49,1.0,1.0,1.0,3.0,2,1.0,1.0,0.0,0
3266.0,4835.75,1569.75,40.25,92648,33.679659,-118.016195,0.0,86.3,434.0,5,39,0.0,0.0,2.0,2.0,0,0.0,0.0,19.0,1
498.25,953.85,455.6,45.56,91786,34.105493,-117.660934,0.0,51.2,1020.0,0,10,0.0,0.0,2.0,1.0,0,0.0,0.0,17.0,0
1345.55,2024.3,678.75,45.25,95511,40.166028,-123.584144,0.0,85.6,11.0,1,15,0.0,0.0,0.0,0.0,0,0.0,0.0,22.0,1
6891.45,9490.53,2599.08,39.38,95228,37.943954,-120.67108,1.0,104.9,214.0,6,66,0.0,0.0,2.0,2.0,1,2.0,2.0,30.0,0
5753.25,7938.85,2145.6,29.8,92701,33.748478,-117.858918,2.0,79.35,881.0,2,72,2.0,2.0,2.0,1.0,0,0.0,2.0,14.0,0
6254.2,8054.52,1800.32,28.13,95663,38.859093,-121.182872,1.0,100.05,742.0,0,64,0.0,0.0,0.0,2.0,0,2.0,2.0,18.0,1
6383.35,6824.17,440.82,7.11,94558,38.489789,-122.27011,1.0,103.75,651.0,1,62,0.0,0.0,2.0,2.0,0,2.0,2.0,16.0,1
298.45,298.45,0.0,0.0,95567,41.950683,-124.097094,0.0,33.9,924.0,0,10,0.0,0.0,0.0,1.0,0,0.0,2.0,30.0,1
1672.1,2331.36,659.26,38.78,90743,33.728273,-118.085304,0.0,106.65,970.0,0,17,2.0,2.0,2.0,2.0,0,2.0,0.0,59.0,0
279.3,556.98,277.68,21.36,95551,40.665952,-124.240051,0.0,19.3,540.0,0,13,1.0,1.0,1.0,3.0,0,1.0,1.0,0.0,0
560.85,679.97,119.12,14.89,95303,37.4695,-120.672724,0.0,69.7,58.0,0,8,0.0,0.0,0.0,2.0,0,0.0,0.0,20.0,1
5324.5,8026.55,2702.05,41.57,91367,34.178068,-118.615714,2.0,84.2,1091.0,8,65,2.0,0.0,2.0,1.0,0,2.0,2.0,16.0,0
1259.0,1449.96,190.96,13.64,92117,32.825086,-117.199424,0.0,90.9,852.0,1,14,0.0,0.0,2.0,2.0,0,0.0,2.0,9.0,1
2763.0,2763.0,0.0,0.0,91740,34.119363,-117.855059,2.0,38.5,367.0,8,72,0.0,2.0,2.0,1.0,3,2.0,0.0,82.0,0
156.1,156.1,0.0,0.0,93549,36.296851,-117.865469,0.0,38.55,695.0,3,4,0.0,2.0,0.0,1.0,3,0.0,0.0,53.0,0
86.05,124.83,38.78,38.78,95039,36.863303,-121.781632,0.0,86.05,639.0,0,1,0.0,0.0,0.0,2.0,0,0.0,0.0,23.0,1
601.55,1098.51,496.96,15.53,95605,38.592745,-121.540036,0.0,19.9,1060.0,0,32,1.0,1.0,1.0,3.0,0,1.0,1.0,0.0,0
168.5,272.06,93.56,46.78,90670,33.933565,-118.062611,0.0,91.15,886.0,0,2,0.0,2.0,2.0,2.0,0,0.0,0.0,12.0,0
4684.3,4684.3,0.0,0.0,95439,38.493888,-122.777141,2.0,63.8,352.0,8,72,2.0,2.0,2.0,1.0,3,2.0,2.0,22.0,0
416.45,557.03,140.58,15.62,92108,32.774046,-117.142454,0.0,45.15,852.0,0,9,0.0,0.0,0.0,1.0,0,0.0,0.0,2.0,1
134.5,267.88,133.38,44.46,90004,34.076259,-118.310715,0.0,44.3,552.0,1,3,0.0,0.0,0.0,1.0,0,0.0,2.0,51.0,1
251.75,381.56,129.81,43.27,95537,40.726949,-124.217378,0.0,79.65,323.0,1,3,2.0,0.0,0.0,2.0,0,0.0,0.0,17.0,1
2564.95,2564.95,0.0,0.0,95490,39.492046,-123.375818,0.0,44.85,1072.0,0,56,0.0,0.0,0.0,1.0,0,0.0,2.0,23.0,0
1037.75,1048.65,10.9,1.09,95220,38.200231,-121.235034,0.0,98.5,0.0,1,10,0.0,0.0,0.0,2.0,0,2.0,2.0,18.0,1
224.5,455.86,231.36,19.28,90255,33.97803,-118.217141,2.0,20.3,435.0,3,12,1.0,1.0,1.0,3.0,3,1.0,1.0,0.0,0
486.2,1317.42,831.22,36.14,92240,33.948558,-116.516976,1.0,19.3,255.0,3,23,1.0,1.0,1.0,3.0,0,1.0,1.0,0.0,0
221.7,341.15,119.45,23.89,92660,33.634626,-117.874882,0.0,46.0,662.0,0,5,0.0,0.0,0.0,1.0,1,0.0,0.0,14.0,1
18.85,59.34,40.49,40.49,95984,40.022184,-121.062384,0.0,18.85,1014.0,0,1,1.0,1.0,1.0,3.0,0,1.0,1.0,0.0,1
847.3,1004.74,157.44,19.68,93608,36.488056,-120.407691,0.0,103.35,148.0,0,8,2.0,2.0,0.0,2.0,0,0.0,2.0,41.0,1
830.7,1327.7,497.0,49.7,95431,38.348884,-122.51699,0.0,80.05,294.0,0,10,0.0,0.0,2.0,2.0,0,0.0,0.0,10.0,1
2848.45,4271.96,1442.35,41.21,93306,35.449881,-118.841442,0.0,83.15,56.0,0,35,0.0,0.0,0.0,2.0,0,0.0,0.0,6.0,0
1527.5,1667.0,139.5,4.65,91710,33.990646,-117.663025,0.0,50.4,185.0,1,30,0.0,0.0,2.0,1.0,0,0.0,0.0,29.0,1
3027.4,3027.4,0.0,0.0,94002,37.509366,-122.306132,0.0,50.8,69.0,0,60,0.0,0.0,2.0,0.0,0,0.0,2.0,5.0,1
2841.55,3838.7,997.15,26.95,96007,40.448632,-122.306657,0.0,76.25,24.0,0,37,0.0,0.0,0.0,2.0,0,0.0,0.0,17.0,1
1837.7,1868.12,58.5,2.34,93065,34.269449,-118.768471,0.0,71.05,921.0,10,25,2.0,2.0,2.0,1.0,0,0.0,2.0,73.0,0
70.0,108.8,38.8,38.8,95564,40.809636,-124.189977,0.0,70.0,844.0,1,1,0.0,0.0,0.0,2.0,0,0.0,0.0,4.0,1
387.9,1088.1,700.2,46.68,90005,34.059281,-118.30742,2.0,25.2,552.0,9,15,1.0,1.0,1.0,3.0,0,1.0,1.0,0.0,0
1166.7,1930.8,764.1,42.45,92321,34.255203,-117.175654,0.0,64.8,176.0,0,18,0.0,2.0,0.0,1.0,3,0.0,2.0,28.0,0
305.55,429.35,123.8,30.95,92130,32.957195,-117.202542,0.0,77.95,852.0,0,4,0.0,0.0,2.0,2.0,0,0.0,0.0,26.0,1
1448.6,1639.96,191.36,11.96,92027,33.141265,-116.967221,0.0,89.05,305.0,0,16,2.0,0.0,0.0,2.0,0,0.0,2.0,18.0,1
4317.35,5723.54,1406.19,24.67,95203,37.954089,-121.329761,2.0,74.35,954.0,0,57,0.0,2.0,0.0,1.0,0,2.0,2.0,42.0,0
7250.15,8103.45,853.3,12.19,93641,36.696759,-119.024051,2.0,104.0,616.0,0,70,2.0,2.0,0.0,2.0,0,0.0,2.0,42.0,1
228.0,276.87,48.87,16.29,90502,33.833181,-118.292062,0.0,74.1,999.0,1,3,0.0,0.0,0.0,2.0,0,0.0,0.0,24.0,1
830.7,1327.7,497.0,49.7,95431,38.348884,-122.51699,0.0,80.05,294.0,0,10,0.0,0.0,2.0,2.0,0,0.0,0.0,10.0,1
69.95,102.45,22.5,22.5,92117,32.825086,-117.199424,0.0,69.95,852.0,0,1,0.0,0.0,0.0,2.0,0,0.0,0.0,27.0,1
2545.75,3765.29,1219.54,39.34,91406,34.195685,-118.490752,1.0,81.15,1031.0,2,31,2.0,2.0,0.0,1.0,0,2.0,2.0,41.0,0
3969.4,5661.28,1691.88,36.78,95422,38.965804,-122.631779,0.0,85.0,194.0,0,46,0.0,2.0,0.0,2.0,0,0.0,2.0,29.0,1
5769.6,8957.33,3206.45,49.33,95668,38.833554,-121.498102,1.0,89.75,769.0,5,65,0.0,2.0,2.0,2.0,0,2.0,0.0,16.0,1
39.25,52.95,13.7,6.85,92027,33.141265,-116.967221,0.0,20.05,305.0,0,2,1.0,1.0,1.0,3.0,0,1.0,1.0,0.0,0
19.3,68.5,49.2,49.2,93067,34.420998,-119.60137,0.0,19.3,963.0,0,1,1.0,1.0,1.0,3.0,0,1.0,1.0,0.0,1
69.15,71.35,2.2,2.2,90062,34.003553,-118.308933,0.0,69.15,552.0,1,1,0.0,0.0,0.0,2.0,0,0.0,0.0,30.0,1
1048.45,2556.83,1508.38,28.46,92561,33.638645,-116.55783,2.0,20.25,644.0,0,53,1.0,1.0,1.0,3.0,0,1.0,1.0,0.0,0
6547.7,9411.65,2863.95,46.95,95912,38.982373,-122.047751,1.0,106.0,35.0,1,61,0.0,2.0,2.0,0.0,0,0.0,2.0,21.0,1
882.55,1749.15,866.6,24.76,95982,39.172777,-121.805845,0.0,25.75,972.0,5,35,1.0,1.0,1.0,3.0,1,1.0,1.0,0.0,0
3058.3,3758.44,700.14,16.67,90723,33.897122,-118.164432,0.0,69.4,729.0,10,42,0.0,2.0,2.0,0.0,1,0.0,0.0,17.0,0
1001.5,3162.45,2160.95,39.29,95215,37.946282,-121.139499,1.0,19.1,954.0,0,55,1.0,1.0,1.0,3.0,2,1.0,1.0,0.0,0
2407.3,3311.86,904.56,37.69,95864,38.585826,-121.376263,0.0,98.75,838.0,0,24,0.0,0.0,0.0,2.0,0,2.0,2.0,18.0,1
70.75,96.75,26.0,26.0,95018,37.089111,-122.062213,0.0,70.75,320.0,0,1,0.0,0.0,0.0,2.0,0,0.0,0.0,8.0,1
69.5,190.7,41.2,41.2,93933,36.689582,-121.758398,0.0,69.5,580.0,0,1,0.0,0.0,0.0,2.0,0,0.0,0.0,15.0,1
6859.5,8950.8,2071.3,29.59,92064,32.984395,-117.013454,2.0,98.3,787.0,1,70,0.0,0.0,2.0,2.0,0,0.0,2.0,3.0,1
70.9,110.71,39.81,39.81,93021,34.312945,-118.858169,0.0,70.9,632.0,0,1,0.0,0.0,0.0,2.0,0,0.0,0.0,23.0,1
7689.8,8225.5,385.7,5.51,93552,34.557711,-118.029441,2.0,110.2,722.0,4,70,2.0,0.0,2.0,2.0,3,2.0,2.0,85.0,0
3444.85,3674.85,230.0,4.6,95638,38.313447,-121.123886,0.0,71.05,414.0,1,50,0.0,0.0,0.0,0.0,0,0.0,0.0,24.0,1
377.55,835.45,457.9,24.1,95631,39.031876,-120.811141,0.0,20.0,335.0,0,19,1.0,1.0,1.0,3.0,3,1.0,1.0,0.0,0
123.65,270.17,146.52,48.84,91355,34.43987,-118.644609,0.0,43.3,1023.0,0,3,0.0,0.0,0.0,1.0,0,0.0,2.0,41.0,1
2317.1,2327.1,0.0,0.0,95372,37.990574,-120.261821,1.0,54.3,936.0,1,44,2.0,0.0,0.0,1.0,1,2.0,2.0,69.0,0
1139.2,1398.92,298.2,21.3,94706,37.890274,-122.295192,0.0,85.15,9.0,1,14,0.0,0.0,0.0,2.0,0,0.0,2.0,42.0,1
8405.0,9816.2,1411.2,19.6,94607,37.80707,-122.297401,2.0,115.05,688.0,0,72,2.0,2.0,2.0,2.0,0,2.0,2.0,15.0,0
1845.9,1934.12,88.22,4.01,92273,32.790282,-115.689559,0.0,83.3,903.0,4,22,0.0,0.0,2.0,0.0,0,0.0,2.0,53.0,1
129.2,144.64,5.44,2.72,95640,38.33788,-120.954202,0.0,70.5,448.0,0,2,0.0,0.0,0.0,2.0,0,0.0,0.0,14.0,0
419.4,961.6,542.2,27.11,92252,34.167236,-116.281511,2.0,19.7,460.0,0,20,1.0,1.0,1.0,3.0,0,1.0,1.0,0.0,0
19.55,57.99,38.44,38.44,92129,32.961064,-117.134917,0.0,19.55,852.0,0,1,1.0,1.0,1.0,3.0,0,1.0,1.0,0.0,1
7007.6,10374.8,3367.2,48.8,92122,32.85723,-117.209774,0.0,99.45,852.0,2,69,0.0,0.0,0.0,2.0,0,2.0,2.0,26.0,1
1396.9,4045.81,2648.91,38.39,95503,40.737431,-124.108897,2.0,19.7,309.0,5,69,1.0,1.0,1.0,3.0,3,1.0,1.0,0.0,0
1660.0,2194.28,534.28,28.12,90272,34.079449,-118.548306,0.0,90.6,714.0,0,19,0.0,2.0,0.0,2.0,0,0.0,0.0,25.0,1
487.95,1024.99,537.04,19.18,95139,37.218705,-121.762429,2.0,20.3,861.0,8,28,1.0,1.0,1.0,3.0,2,1.0,1.0,0.0,0
85.0,115.52,30.52,30.52,92612,33.643095,-117.810896,0.0,85.0,449.0,0,1,0.0,0.0,0.0,2.0,0,0.0,2.0,30.0,1
44.95,58.58,13.63,13.63,90746,33.859171,-118.252272,0.0,44.95,163.0,0,1,0.0,0.0,0.0,1.0,0,0.0,0.0,13.0,0
582.5,760.77,158.27,22.61,90049,34.091829,-118.491244,0.0,86.5,552.0,1,7,0.0,0.0,0.0,2.0,0,0.0,0.0,11.0,1
4060.9,6177.21,2116.31,43.19,93530,36.560498,-117.962461,2.0,81.35,464.0,0,49,2.0,2.0,2.0,0.0,0,2.0,2.0,10.0,0
1270.2,1670.65,300.45,20.03,95595,40.170357,-123.417298,0.0,86.2,1102.0,0,15,0.0,2.0,0.0,2.0,0,0.0,2.0,59.0,1
20.85,43.71,22.86,22.86,93440,34.758699,-120.275839,0.0,20.85,550.0,1,1,1.0,1.0,1.0,3.0,0,1.0,1.0,0.0,1
147.15,239.61,92.46,46.23,91731,34.079934,-118.046695,0.0,70.4,289.0,1,2,0.0,0.0,0.0,2.0,0,0.0,0.0,21.0,1
3254.35,4543.49,1289.14,29.98,95020,37.03889,-121.528955,2.0,75.2,363.0,10,43,0.0,2.0,0.0,0.0,1,2.0,2.0,59.0,0
202.3,209.82,7.52,1.88,92110,32.76501,-117.19938,0.0,50.8,852.0,0,4,2.0,0.0,0.0,1.0,0,0.0,0.0,21.0,0
24.8,24.8,0.0,0.0,91207,34.182378,-118.262922,0.0,70.5,366.0,4,1,0.0,0.0,0.0,1.0,0,0.0,2.0,29.0,1
94.15,244.85,150.7,30.14,93645,37.140104,-119.657092,1.0,20.05,682.0,0,5,1.0,1.0,1.0,3.0,0,1.0,1.0,0.0,0
74.35,88.37,14.02,14.02,92410,34.106922,-117.297553,0.0,74.35,848.0,0,1,0.0,0.0,0.0,2.0,0,0.0,0.0,2.0,1
1734.5,2153.84,419.34,14.46,91754,34.050322,-118.147037,1.0,58.0,629.0,0,29,2.0,2.0,0.0,1.0,0,2.0,0.0,25.0,0
4729.3,6486.1,1756.8,28.8,95376,37.680968,-121.446049,2.0,75.35,1001.0,10,61,2.0,2.0,0.0,0.0,0,2.0,2.0,52.0,0
18.85,59.34,40.49,40.49,95984,40.022184,-121.062384,0.0,18.85,1014.0,0,1,1.0,1.0,1.0,3.0,0,1.0,1.0,0.0,1
91.7,91.7,0.0,0.0,96141,39.117018,-120.212535,0.0,70.5,425.0,1,3,0.0,2.0,0.0,0.0,2,0.0,0.0,15.0,1
1625.0,2055.58,368.97,17.57,95412,38.731055,-123.316553,1.0,77.5,28.0,1,21,2.0,2.0,2.0,0.0,0,0.0,0.0,14.0,1
620.35,834.62,214.27,30.61,92028,33.362575,-117.299644,0.0,86.8,315.0,0,7,0.0,0.0,0.0,2.0,0,0.0,2.0,59.0,1
7156.2,9310.25,2154.05,32.15,92227,33.03933,-115.191857,2.0,108.75,108.0,1,67,2.0,2.0,0.0,2.0,0,2.0,2.0,28.0,1
1581.95,2570.99,989.04,38.04,90277,33.830453,-118.384565,1.0,61.55,807.0,0,26,0.0,2.0,2.0,1.0,0,0.0,0.0,73.0,0
1105.4,1408.67,303.27,27.57,90042,34.11572,-118.192754,0.0,97.85,552.0,0,11,0.0,0.0,0.0,0.0,2,2.0,2.0,18.0,1
3264.5,3935.58,671.08,17.66,90712,33.840524,-118.148403,0.0,84.25,509.0,0,38,2.0,0.0,2.0,2.0,0,2.0,2.0,41.0,1
480.75,607.45,126.7,18.1,95501,40.796621,-124.15428,0.0,75.45,309.0,0,7,0.0,0.0,0.0,2.0,0,0.0,0.0,15.0,1
239.55,291.07,51.52,12.88,90062,34.003553,-118.308933,0.0,50.85,552.0,1,4,0.0,0.0,0.0,0.0,1,0.0,0.0,22.0,1
896.75,934.71,37.96,2.92,95843,38.715498,-121.363411,0.0,74.4,29.0,1,13,0.0,0.0,0.0,2.0,0,0.0,0.0,21.0,1
122.0,162.05,40.05,8.01,95910,39.467828,-120.841386,0.0,20.35,14.0,0,5,1.0,1.0,1.0,3.0,1,1.0,1.0,0.0,0
3734.25,5535.07,1800.82,47.39,95920,39.449794,-121.936372,0.0,99.55,124.0,0,38,2.0,0.0,0.0,2.0,0,0.0,0.0,2.0,1
399.45,548.2,148.75,29.75,91007,34.128284,-118.047732,0.0,75.65,36.0,0,5,2.0,0.0,0.0,2.0,0,0.0,0.0,6.0,0
270.8,312.44,41.64,6.94,92231,32.690654,-115.431225,0.0,49.15,129.0,1,6,2.0,0.0,0.0,1.0,0,0.0,0.0,28.0,1
1655.35,3144.05,1358.7,38.82,90035,34.051809,-118.383843,0.0,50.15,552.0,0,35,0.0,0.0,0.0,1.0,1,0.0,0.0,19.0,0
20.25,30.96,10.71,10.71,93664,37.223,-119.001021,0.0,20.25,910.0,0,1,1.0,1.0,1.0,3.0,0,1.0,1.0,0.0,1
483.7,756.83,273.13,24.83,95493,39.222323,-122.985488,0.0,44.05,1085.0,1,11,0.0,0.0,0.0,1.0,0,0.0,0.0,30.0,1
49.95,93.44,43.49,43.49,95642,38.336216,-120.76901,0.0,49.95,452.0,0,1,0.0,0.0,0.0,0.0,0,0.0,0.0,4.0,1
704.3,770.95,16.65,1.85,96090,40.021787,-122.127576,0.0,73.8,983.0,0,9,0.0,0.0,0.0,2.0,0,2.0,0.0,22.0,0
393.15,952.35,559.2,27.96,91377,34.19225,-118.776874,1.0,20.35,683.0,1,20,1.0,1.0,1.0,3.0,0,1.0,1.0,0.0,0
6480.9,7882.98,1402.08,20.32,90604,33.929704,-118.01208,2.0,92.15,1069.0,2,69,2.0,0.0,2.0,2.0,3,0.0,0.0,56.0,0
2157.95,3053.6,895.65,42.65,93501,35.097323,-118.171288,0.0,104.4,621.0,1,21,0.0,0.0,2.0,2.0,0,2.0,2.0,3.0,1
55.45,71.88,6.43,6.43,93455,34.818227,-120.418784,0.0,55.45,888.0,0,1,0.0,0.0,0.0,1.0,0,0.0,2.0,27.0,0
6841.3,7025.62,184.32,2.56,91950,32.67102,-117.095235,2.0,97.85,652.0,7,72,0.0,0.0,0.0,2.0,0,2.0,2.0,24.0,0
1957.1,2462.95,365.85,13.55,94709,37.878554,-122.26609,0.0,71.6,74.0,1,27,2.0,0.0,0.0,0.0,2,0.0,2.0,59.0,0
69.65,98.35,28.7,28.7,96001,40.587919,-122.464732,0.0,69.65,805.0,0,1,0.0,0.0,0.0,2.0,0,0.0,0.0,69.0,1
1263.9,2563.42,1299.52,20.96,93401,35.233745,-120.626442,2.0,20.05,867.0,5,62,1.0,1.0,1.0,3.0,1,1.0,1.0,0.0,0
267.35,560.69,293.34,48.89,92111,32.805518,-117.169052,0.0,49.65,852.0,0,6,2.0,0.0,0.0,1.0,0,0.0,0.0,22.0,1
390.85,551.95,161.1,8.95,90680,33.801869,-117.995068,1.0,20.15,949.0,0,18,1.0,1.0,1.0,3.0,0,1.0,1.0,0.0,1
1553.95,2242.75,688.8,45.92,95305,37.818589,-120.256995,0.0,101.35,84.0,0,15,2.0,0.0,0.0,2.0,0,2.0,2.0,12.0,1
92.65,179.97,87.32,43.66,94806,37.980269,-122.342635,0.0,44.15,873.0,0,2,0.0,0.0,0.0,1.0,0,0.0,0.0,25.0,1
2603.1,2656.56,53.46,1.62,94598,37.916648,-122.008483,2.0,82.1,1043.0,1,33,2.0,0.0,2.0,0.0,1,2.0,2.0,30.0,0
385.0,442.7,57.7,11.54,92036,32.980678,-116.262854,0.0,80.15,461.0,1,5,0.0,0.0,2.0,2.0,1,0.0,0.0,19.0,1
3395.8,4244.85,729.05,20.83,94512,38.140719,-121.838298,0.0,99.05,88.0,0,35,0.0,0.0,0.0,2.0,0,2.0,0.0,19.0,1
5985.75,8054.55,2068.8,34.48,95691,38.627951,-121.593287,0.0,99.8,1060.0,9,60,0.0,0.0,2.0,2.0,0,0.0,2.0,51.0,0
4720.0,7072.24,2352.24,32.67,90806,33.802664,-118.179971,2.0,64.45,546.0,1,72,0.0,2.0,2.0,0.0,0,2.0,0.0,48.0,0
1493.75,1904.15,410.4,5.7,95977,39.176595,-121.291692,2.0,21.0,923.0,3,72,1.0,1.0,1.0,3.0,1,1.0,1.0,0.0,0
1304.85,1304.85,0.0,0.0,94973,38.005839,-122.638155,2.0,56.75,1087.0,0,22,2.0,0.0,0.0,1.0,0,2.0,2.0,19.0,0
374.5,830.1,455.6,22.78,92239,33.889605,-115.257009,0.0,19.4,254.0,0,20,1.0,1.0,1.0,3.0,3,1.0,1.0,0.0,1
1020.75,1982.16,980.73,19.23,92258,33.906496,-116.569499,2.0,20.65,675.0,0,51,1.0,1.0,1.0,3.0,0,1.0,1.0,0.0,0
328.95,328.95,0.0,0.0,92128,33.000269,-117.072093,0.0,40.65,852.0,2,9,2.0,0.0,0.0,1.0,0,0.0,0.0,26.0,1
62.8,104.99,42.19,42.19,95461,38.787446,-122.58675,0.0,62.8,605.0,0,1,0.0,0.0,0.0,0.0,0,0.0,2.0,29.0,0
1221.65,1835.81,614.16,34.12,95130,37.277592,-121.986477,0.0,69.8,861.0,0,18,0.0,0.0,0.0,2.0,0,0.0,0.0,20.0,0
1948.35,2559.21,580.86,27.66,90638,33.902045,-118.008961,0.0,94.3,489.0,6,21,0.0,0.0,0.0,2.0,0,0.0,2.0,8.0,0
7634.8,8417.44,782.64,10.87,95919,39.440687,-121.263583,2.0,103.65,116.0,0,72,0.0,0.0,2.0,2.0,0,2.0,2.0,16.0,0
2054.4,2995.74,941.34,32.46,91950,32.67102,-117.095235,2.0,75.55,652.0,7,29,2.0,0.0,0.0,1.0,0,2.0,2.0,7.0,0
872.65,1335.0,510.96,42.58,94603,37.739113,-122.175602,1.0,74.05,688.0,0,12,2.0,0.0,0.0,1.0,0,0.0,2.0,22.0,1
2964.05,3978.45,884.4,26.8,95819,38.567594,-121.437507,0.0,91.25,838.0,1,33,0.0,0.0,0.0,2.0,0,0.0,2.0,17.0,0
334.8,563.6,228.8,45.76,92557,33.970661,-117.255039,0.0,74.35,634.0,4,5,0.0,0.0,0.0,2.0,0,0.0,0.0,22.0,1
996.95,2520.32,1523.37,29.87,91790,34.066964,-117.937007,1.0,19.85,1056.0,0,51,1.0,1.0,1.0,3.0,0,1.0,1.0,0.0,0
113.55,124.89,11.34,5.67,91301,34.129058,-118.759788,0.0,56.7,4.0,1,2,0.0,2.0,0.0,1.0,3,0.0,0.0,53.0,1
954.9,2674.45,1719.55,49.13,90744,33.782068,-118.262263,1.0,26.2,1075.0,0,35,1.0,1.0,1.0,3.0,0,1.0,1.0,0.0,0
354.05,595.48,241.43,34.49,92536,33.482243,-116.827173,0.0,51.0,5.0,0,7,0.0,2.0,0.0,0.0,0,0.0,0.0,22.0,1
2277.65,2513.99,236.34,9.09,92126,32.886925,-117.152162,0.0,89.15,852.0,0,26,0.0,0.0,2.0,2.0,0,0.0,0.0,12.0,1
69.85,81.98,12.13,12.13,95232,38.358464,-120.579304,0.0,69.85,365.0,0,1,0.0,0.0,0.0,2.0,0,0.0,0.0,19.0,1
466.6,579.91,113.31,12.59,94510,38.113533,-122.11926,0.0,50.85,72.0,4,9,0.0,0.0,2.0,0.0,0,0.0,0.0,76.0,0
2869.85,3469.49,599.64,15.78,95651,38.815515,-120.916997,0.0,74.95,559.0,5,38,0.0,0.0,0.0,2.0,0,0.0,0.0,30.0,1
4639.45,6385.85,1746.4,29.6,93003,34.279221,-119.221437,1.0,81.25,1033.0,1,59,0.0,2.0,0.0,2.0,0,2.0,0.0,12.0,0
6068.65,7978.25,1909.6,34.1,94087,37.3511,-122.037311,1.0,105.6,967.0,1,56,0.0,2.0,2.0,2.0,0,2.0,2.0,13.0,0
2405.05,3504.61,1099.56,33.32,92591,33.540604,-117.10909,1.0,73.9,984.0,3,33,2.0,0.0,0.0,1.0,0,2.0,2.0,4.0,1
84.5,184.12,99.62,49.81,91352,34.231053,-118.338307,0.0,70.5,965.0,0,2,0.0,0.0,0.0,1.0,0,0.0,2.0,41.0,1
2032.3,2467.59,459.08,19.96,92127,33.017518,-117.118456,0.0,83.2,852.0,0,23,2.0,0.0,2.0,2.0,0,2.0,0.0,76.0,0
70.3,86.22,15.92,15.92,90221,33.885811,-118.206459,0.0,70.3,211.0,0,1,0.0,0.0,0.0,2.0,0,0.0,0.0,11.0,1
79.6,98.92,19.32,19.32,93268,35.184837,-119.402525,0.0,79.6,975.0,0,1,0.0,0.0,0.0,2.0,0,0.0,2.0,22.0,1
113.35,124.01,10.66,5.33,95222,38.071327,-120.632221,0.0,55.1,25.0,0,2,0.0,2.0,0.0,0.0,0,2.0,0.0,52.0,1
5275.8,6164.81,893.94,19.02,95379,37.939768,-120.188002,1.0,110.85,1010.0,1,47,2.0,2.0,0.0,2.0,0,2.0,2.0,17.0,1
494.95,672.07,177.12,29.52,95668,38.833554,-121.498102,0.0,78.95,769.0,0,6,0.0,2.0,2.0,2.0,0,0.0,0.0,28.0,0
2365.15,2552.05,186.9,6.23,95814,38.584505,-121.491956,0.0,79.65,838.0,1,30,0.0,0.0,2.0,2.0,0,2.0,0.0,4.0,1
